CASE_ID,ACCIDENT_YEAR,PROC_DATE,JURIS,COLLISION_DATE,COLLISION_TIME,OFFICER_ID,REPORTING_DISTRICT,DAY_OF_WEEK,CHP_SHIFT,POPULATION,CNTY_CITY_LOC,SPECIAL_COND,BEAT_TYPE,CHP_BEAT_TYPE,CITY_DIVISION_LAPD,CHP_BEAT_CLASS,BEAT_NUMBER,PRIMARY_RD,SECONDARY_RD,DISTANCE,DIRECTION,INTERSECTION,WEATHER_1,WEATHER_2,STATE_HWY_IND,CALTRANS_COUNTY,CALTRANS_DISTRICT,STATE_ROUTE,ROUTE_SUFFIX,POSTMILE_PREFIX,POSTMILE,LOCATION_TYPE,RAMP_INTERSECTION,SIDE_OF_HWY,TOW_AWAY,COLLISION_SEVERITY,NUMBER_KILLED,NUMBER_INJURED,PARTY_COUNT,PRIMARY_COLL_FACTOR,PCF_CODE_OF_VIOL,PCF_VIOL_CATEGORY,PCF_VIOLATION,PCF_VIOL_SUBSECTION,HIT_AND_RUN,TYPE_OF_COLLISION,MVIW,PED_ACTION,ROAD_SURFACE,ROAD_COND_1,ROAD_COND_2,LIGHTING,CONTROL_DEVICE,CHP_ROAD_TYPE,PEDESTRIAN_ACCIDENT,BICYCLE_ACCIDENT,MOTORCYCLE_ACCIDENT,TRUCK_ACCIDENT,NOT_PRIVATE_PROPERTY,ALCOHOL_INVOLVED,STWD_VEHTYPE_AT_FAULT,CHP_VEHTYPE_AT_FAULT,COUNT_SEVERE_INJ,COUNT_VISIBLE_INJ,COUNT_COMPLAINT_PAIN,COUNT_PED_KILLED,COUNT_PED_INJURED,COUNT_BICYCLIST_KILLED,COUNT_BICYCLIST_INJURED,COUNT_MC_KILLED,COUNT_MC_INJURED,PRIMARY_RAMP,SECONDARY_RAMP,LATITUDE,LONGITUDE,COUNTY,CITY,POINT_X,POINT_Y
91796126,2022,2022-06-15,9220,2022-06-06,0732,017762,,1,1,4,3104,0,1,1,,2,281,"I-80 W/B","ROCKLIN RD.",1320.00,W,N,A,-,Y,PLA,,80,,,5.760,H,,L,Y,3,0,3,3,A,-,03,22350,,N,C,C,A,A,H,-,A,D,0,,,,,Y,,A,01,0,2,1,0,0,0,0,0,0,"- ","- ",38.785308837890625,-121.22662353515625,PLACER,ROCKLIN,-121.22660827636719,38.785301208496094
90329568,2016,2016-11-25,9220,2016-11-09,1735,015239,,3,2,9,3100,0,1,S,,2,059,SR-49,"PLACER COUNTY LINE",5280.00,N,N,A,-,Y,,,49,,,,,,,Y,4,0,1,1,A,-,01,23152,A,N,E,I,A,A,H,-,D,D,0,,,,,Y,Y,A,07,0,0,1,0,0,0,0,0,0,"- ","- ",38.900230000000001,-121.05706000000001,PLACER,UNINCORPORATED,-121.05698897000001,38.900166650000003
90486466,2017,2017-06-23,9220,2017-06-17,1830,016419,,6,2,5,3105,0,1,3,,1,265,"SR-65 S/B OFFRAMP TO STANFORD RANCH RD","STANFORD RANCH RD",368.00,S,N,A,-,Y,,,65,,,,R,,S,Y,4,0,1,1,A,-,01,23152,,N,E,I,A,A,H,-,A,D,0,,,,,Y,Y,A,07,0,0,1,0,0,0,0,0,0,"- ","- ",38.776029999999999,-121.26421000000001,PLACER,ROSEVILLE,-121.26421000000001,38.776029999999999
90493051,2017,2017-07-03,9220,2017-06-03,1714,014611,,6,2,9,3100,0,1,1,,2,282,"I-80 E/B","PENRYN RD",693.00,E,N,A,-,Y,,,,,,,,,,Y,2,0,1,2,A,-,01,23152,F,N,C,C,A,A,H,-,A,D,0,,,Y,,Y,,C,02,1,0,0,0,0,0,0,0,1,"- ","- ",,,PLACER,UNINCORPORATED,-121.16689768000001,38.835239450000003
90496128,2017,2017-07-07,9221,2017-06-29,1426,017818,,4,2,9,3100,0,1,1,,2,385,"I-80 E/B","DRUM FOREBAY RD",1600.00,W,N,A,-,Y,,,80,,,,,,E,Y,4,0,1,1,A,-,01,23152,F,N,E,I,A,A,H,-,A,D,0,,,,,Y,,A,01,0,0,1,0,0,0,0,0,0,"- ","- ",39.233510000000003,-120.75614,PLACER,UNINCORPORATED,-120.75602493,39.233375600000002
90721383,2018,2018-05-07,9220,2018-04-27,1835,014438,,5,2,5,3105,0,1,1,,2,281,"I-80 EASTBOUND",SR-65,50.00,W,N,A,-,Y,,,80,,,,,,E,Y,4,0,1,2,A,-,03,22350,,N,C,C,A,A,H,-,A,D,0,,,,,Y,,A,08,0,0,1,0,0,0,0,0,0,"- ","- ",38.769580841064453,-121.2489013671875,PLACER,ROSEVILLE,-121.24894714355469,38.769657135009766
90829535,2018,2018-10-05,9221,2018-09-29,1253,018530,,6,1,9,3100,0,1,1,,2,384,"I-80 E/B","CAPE HORN RD",5808.00,W,N,A,-,Y,,,80,,,,,,E,Y,3,0,1,1,A,-,03,22350,,N,E,I,A,A,H,-,A,D,0,,,Y,,Y,,C,02,0,1,0,0,0,0,0,0,1,"- ","- ",39.132778167724609,-120.93499755859375,PLACER,UNINCORPORATED,-120.93505859375,39.13287353515625
9637683,2023,2023-12-19,3105,2023-11-03,1958,1128,,5,5,5,3105,0,0,0,,0,002,"LEAD HILL BL","ROCKY RIDGE DR",0.00,,Y,A,-,N,,,,,,,,,,Y,3,0,3,2,A,-,12,21453,A,N,D,C,A,A,H,-,C,A,0,,,,,Y,,A,01,0,3,0,0,0,0,0,0,0,"- ","- ",,,PLACER,ROSEVILLE,-121.25308227539062,38.748256683349609
9640184,2023,2024-02-07,3105,2023-10-23,1629,1059,,1,5,5,3105,0,0,0,,0,006,"JUNCTION BL","CUSHENDALL DR",0.00,,Y,A,-,N,,,,,,,,,,Y,1,1,1,2,A,-,03,22350,,N,D,C,A,A,H,-,A,A,0,,,Y,,Y,,C,02,0,0,1,0,0,0,0,1,0,"- ","- ",,,PLACER,ROSEVILLE,-121.34268188476562,38.759769439697266
9665447,2024,2024-09-16,3104,2024-02-06,1735,617,37,2,5,4,3104,0,0,0,,0,002,"SPRINGVIEW DR","S WHITNEY BL",0.00,,Y,B,-,N,,,,,,,,,,Y,3,0,1,2,D,-,00,,,N,D,C,A,A,H,-,C,A,0,,,,,Y,,-,"- ",0,1,0,0,0,0,0,0,0,"- ","- ",38.780860900878906,-121.25965881347656,PLACER,ROCKLIN,-121.25974273681641,38.780982971191406
9691338,2024,2024-04-16,3105,2024-03-25,"653 ",1184,,1,5,5,3105,0,0,0,,0,007,"DEL WEBB BL","FIDDYMENT RD",0.00,,Y,A,-,N,,,,,,,,,,N,4,0,1,2,A,-,08,22107,,N,C,C,A,A,H,-,B,D,0,,,,,Y,Y,A,01,0,0,1,0,0,0,0,0,0,"- ","- ",38.776958465576172,-121.35849761962891,PLACER,ROSEVILLE,-121.35851287841797,38.776805877685547
90215912,2016,2016-07-05,9222,2016-07-03,1602,019272,,7,2,9,3100,0,1,3,,2,012,SR-89S,"ALPINE MEADOWS RD.",160.00,S,N,A,-,Y,,,89,,,,,,,Y,4,0,2,3,A,-,03,22350,,N,C,C,A,A,H,-,A,D,0,,,,,Y,,D,22,0,0,2,0,0,0,0,0,0,"- ","- ",39.187010000000001,-120.19485,PLACER,UNINCORPORATED,-120.19497396,39.186971380000003
90273636,2015,2016-09-22,9220,2015-12-24,1350,015239,,4,1,9,3100,0,1,1,,2,283,"I-80 WESTBOUND","WEIMAR CROSS RD",2640.00,E,N,B,C,Y,,,,,,,,,,Y,4,0,1,1,A,-,03,22350,,N,E,I,A,B,H,-,A,D,0,,,,,Y,,A,01,0,0,1,0,0,0,0,0,0,"- ","- ",,,PLACER,UNINCORPORATED,-120.97103459,39.051504829999999
9544202,2023,2023-02-03,3105,2023-01-09,2218,1177,,1,5,5,3105,0,0,0,,0,003,"DOUGLAS BL","RT 80",0.00,,Y,B,-,Y,PLA,3,80,-,-,1.990,R,4,E,Y,4,0,1,2,A,-,09,21453,B,N,C,C,A,A,H,-,C,A,0,,,,,Y,,A,01,0,0,1,0,0,0,0,0,0,"- ",NF,38.743968963623047,-121.27250671386719,PLACER,ROSEVILLE,-121.27050018310547,38.744281768798828
9569012,2023,2023-06-06,3105,2023-05-14,1604,593,,7,5,5,3105,0,0,0,,0,002,"W CIRBY WY","REGENCY AV",90.00,W,N,A,-,N,,,,,,,,,,Y,3,0,1,2,A,-,03,22350,,N,C,C,A,A,H,-,A,A,0,,,Y,,Y,,C,02,0,1,0,0,0,0,0,0,1,"- ","- ",38.729488372802734,-121.27207183837891,PLACER,ROSEVILLE,-121.27519226074219,38.729488372802734
9587878,2023,2023-06-09,3104,2023-04-26,1601,317,12,3,5,4,3104,0,0,0,,0,004,"LONETREE BL","SUNSET BL",1174.00,S,N,A,-,N,,,,,,,,,,N,3,0,1,2,A,-,05,21650,1,N,D,G,A,A,H,-,A,A,0,,Y,,,Y,,L,04,0,1,0,0,0,0,1,0,0,"- ","- ",38.812999725341797,-121.28859710693359,PLACER,ROCKLIN,-121.29009246826172,38.813140869140625
9607860,2023,2023-09-21,3105,2023-08-02,1721,1118,,3,5,5,3105,0,0,0,,0,004,"WASHINGTON BL","HIGH ST",0.00,,Y,A,-,N,,,,,,,,,,N,4,0,1,2,A,-,05,21651,B,N,H,C,A,A,H,-,A,D,0,,,Y,,Y,,C,03,0,0,1,0,0,0,0,0,0,"- ","- ",38.751651763916016,-121.287353515625,PLACER,ROSEVILLE,-121.28733825683594,38.751632690429688
9634888,2023,2024-01-23,3105,2023-11-16,2127,1124,,4,5,5,3105,0,0,0,,0,007,"FIDDYMENT RD","HAYDEN PKWY",0.00,,Y,A,-,N,,,,,,,,,,Y,4,0,2,2,A,-,09,21801,A,N,A,C,A,A,H,-,C,A,0,,,,,Y,,A,07,0,0,2,0,0,0,0,0,0,"- ","- ",38.783840179443359,-121.35865020751953,PLACER,ROSEVILLE,-121.35868072509766,38.783737182617188
9636209,2023,2024-03-12,3104,2023-12-20,1654,331,38,3,5,4,3104,0,0,0,,0,003,"SUNSET BL","FAIRWAY DR",440.00,E,N,B,-,N,,,,,,,,,,Y,3,0,1,2,A,-,03,22350,,N,C,C,A,B,H,-,C,A,0,,,,,Y,,A,01,0,1,0,0,0,0,0,0,0,"- ","- ",38.792709350585938,-121.2613525390625,PLACER,ROCKLIN,-121.26033020019531,38.791805267333984
8866962,2017,2019-07-12,3105,2017-05-06,1243,1027,,6,5,5,3105,0,0,0,,0,005,"HIGHLAND POINT","PLEASANT GROVE",352.00,W,N,A,-,N,,,,,,,,,,Y,3,0,2,2,A,-,08,22107,,N,D,C,A,A,H,-,A,D,0,,,,,Y,,D,22,0,2,0,0,0,0,0,0,0,"- ","- ",37.864570000000001,-121.28301,PLACER,ROSEVILLE,-121.28776968,38.783793080000002
9370162,2021,2022-02-07,3104,2021-11-02,1809,277,37,2,5,4,3104,0,0,0,,0,002,"SPRINGVIEW DR","SPRINGVIEW MEADOWS DR",0.00,,Y,A,-,N,,,,,,,,,,Y,2,0,1,2,A,-,01,23152,F,N,-,-,A,A,H,-,A,-,0,,,,,Y,,A,01,1,0,0,0,0,0,0,0,0,"- ","- ",38.777030944824219,-121.24928283691406,PLACER,ROCKLIN,-121.24924468994141,38.777050018310547
9380897,2021,2022-01-24,3104,2021-12-26,0640,2846,46,7,5,4,3104,0,0,0,,0,002,"PACIFIC ST","SUNSET BL",178.00,S,N,B,-,N,,,,,,,,,,Y,3,0,1,1,A,-,03,22350,,N,E,I,A,B,H,-,C,D,0,,,,,Y,,D,22,0,1,0,0,0,0,0,0,0,"- ","- ",38.781379699707031,-121.24220275878906,PLACER,ROCKLIN,-121.24266052246094,38.781055450439453
9386086,2021,2022-01-04,3105,2021-11-18,0807,1059,,4,5,5,3105,0,0,0,,0,002,"EUREKA RD","LEAD HILL BL",85.00,N,N,B,-,N,,,,,,,,,,N,4,0,1,2,A,-,04,21703,,N,C,C,A,A,H,-,A,A,0,,,,,Y,,A,01,0,0,1,0,0,0,0,0,0,"- ","- ",38.748409271240234,-121.24759674072266,PLACER,ROSEVILLE,-121.24793243408203,38.748546600341797
9388662,2021,2022-01-14,3105,2021-12-29,0010,1159,,3,5,5,3105,0,0,0,,0,002,"DOUGLAS BL","EAST ROSEVILLE PKWY",0.00,,Y,C,-,N,,,,,,,,,,,3,0,1,2,A,-,01,23153,A,N,B,C,A,B,H,-,C,A,0,,,,,Y,Y,A,01,0,1,0,0,0,0,0,0,0,"- ","- ",38.744029998779297,-121.23594665527344,PLACER,ROSEVILLE,-121.23595428466797,38.744045257568359
9427194,2022,2022-04-15,3105,2022-03-16,0644,1174,,3,5,5,3105,0,0,0,,0,003,"JUNCTION BL","WOODCREEK OAKS BL",0.00,,Y,A,-,N,,,,,,,,,,Y,3,0,2,2,A,-,12,21453,A,N,D,C,A,A,H,-,B,A,0,,,,,Y,,A,01,0,1,1,0,0,0,0,0,0,"- ","- ",38.758430480957031,-121.33470153808594,PLACER,ROSEVILLE,-121.33479309082031,38.758438110351562
6890569,2015,2016-11-03,9220,2015-04-10,1745,011483,,5,2,2,3106,0,1,1,,2,282,"RT 80","BRACE RD",5.00,E,N,A,-,Y,PLA,3,80,-,-,8.130,H,-,E,Y,4,0,1,2,A,-,07,21658,A,N,B,C,A,A,H,-,A,D,1,,,,Y,Y,,F,27,0,0,1,0,0,0,0,0,0,"- ","- ",38.745289999999997,-121.87454,PLACER,LOOMIS,-121.19646331,38.810417309999998
7147389,2015,2016-01-05,3100,2015-12-23,0936,236,,3,5,2,3106,0,0,0,,0,135,"SIERRA COLLEGE BL","KING RD",0.00,,Y,B,-,N,,,,,,,,,,Y,3,0,2,2,A,-,12,21453,A,N,D,C,A,A,H,-,A,A,0,,,,,Y,,-,,0,1,1,0,0,0,0,0,0,"- ","- ",,,PLACER,LOOMIS,-121.21739988,38.824929939999997
8157714,2016,2016-11-02,3104,2016-10-27,1933,261,17,4,5,4,3104,0,0,0,,0,004,"PARK DR","FARRIER RD",75.00,S,N,C,-,N,,,,,,,,,,N,4,0,1,2,A,-,01,23152,,N,C,C,A,B,H,-,C,A,0,,,,,Y,Y,A,01,0,0,1,0,0,0,0,0,0,"- ","- ",38.80677,-121.26794,PLACER,ROCKLIN,-121.26822500999999,38.806838999999997
8385696,2017,2018-04-10,3101,2017-06-14,1752,20,3101,3,5,3,3101,0,0,0,,0,001,"RT 49","NEVADA ST",2049.00,S,N,A,-,Y,PLA,3,49,-,-,4.170,H,-,N,Y,4,0,1,2,A,-,09,21803,,N,B,C,A,A,H,-,A,D,0,,,,,Y,Y,D,22,0,0,1,0,0,0,0,0,0,"- ","- ",,,PLACER,AUBURN,-121.078012,38.913860110000002
6292338,2015,2015-07-06,3105,2015-01-03,2028,1069,,6,5,5,3105,0,0,0,,0,,"DOUGLAS BL","EUREKA RD",0.00,,Y,A,-,N,,,,,,,,,,Y,1,1,0,2,D,-,00,,,N,G,B,C,A,H,-,C,A,0,Y,,,,Y,Y,-,"- ",0,0,0,1,0,0,0,0,0,"- ","- ",,,PLACER,ROSEVILLE,-121.24709987999999,38.744389939999998
6345121,2014,2014-06-05,3104,2014-01-13,1719,268,25,1,5,4,3104,0,0,0,,0,003,"PEBBLE CREEK DR","SUNSET BL",1200.00,N,N,A,-,N,,,,,,,,,,N,3,0,1,2,A,-,11,21956,,N,G,B,E,A,H,-,C,D,0,Y,,,,Y,,N,60,0,1,0,0,1,0,0,0,0,"- ","- ",,,PLACER,ROCKLIN,-121.26600852999999,38.800933610000001
6353719,2014,2016-02-26,9220,2014-01-07,1515,013676,,2,2,9,3100,0,1,1,,2,282,"RT 80","HORSESHOE BAR RD",1000.00,W,N,A,-,Y,PLA,3,80,-,-,8.510,H,-,W,Y,4,0,1,2,A,-,07,21658,A,N,E,A,A,A,H,-,A,D,1,,,,,Y,,A,01,0,0,1,0,0,0,0,0,0,"- ","- ",38.813980000000001,-121.19262999999999,PLACER,UNINCORPORATED,-121.19188131999999,38.814481630000003
6353739,2014,2014-06-04,9220,2014-01-08,1855,013794,,3,2,9,3100,0,2,4,,2,022,"DOUGLAS BL","WOODGROVE WY",0.00,,Y,B,-,N,,,,,,,,,,Y,2,0,2,2,A,-,01,23152,A,N,D,C,A,A,H,-,C,A,0,,,,,Y,Y,A,07,1,1,0,0,0,0,0,0,0,"- ","- ",,,PLACER,UNINCORPORATED,-121.21783988,38.74371988
6366142,2014,2015-11-10,9220,2014-01-31,1715,11614,220,5,2,9,3100,0,1,3,,1,265,"RT 65","SUNSET BL",0.00,S,N,A,-,Y,PLA,3,65,-,R,9.625,R,1,S,Y,4,0,1,2,A,-,03,22350,,N,C,C,A,A,H,-,A,A,0,,,,,Y,,D,22,0,0,1,0,0,0,0,0,0,"- ","- ",,,PLACER,UNINCORPORATED,-121.30033185000001,38.81788804
6426604,2014,2016-02-26,9220,2014-03-08,2310,013676,,6,3,9,3100,0,1,1,,2,283,"RT 80","ELM AV",500.00,E,N,A,-,Y,PLA,3,80,-,-,17.920,H,-,E,Y,3,0,1,1,A,-,01,23152,A,N,E,I,A,A,H,-,C,D,1,,,,,Y,Y,A,01,0,1,0,0,0,0,0,0,0,"- ","- ",38.904209999999999,-121.07137,PLACER,UNINCORPORATED,-121.07127814,38.90431014
6433732,2014,2016-02-26,9220,2014-03-31,1735,11085,,1,2,9,3100,0,1,1,,2,282,"RT 80","RT 193",5808.00,E,N,B,C,Y,PLA,3,80,-,-,15.420,H,-,E,Y,4,0,1,2,A,-,03,22350,,N,D,C,A,B,H,-,A,D,1,,,,,Y,,A,07,0,0,1,0,0,0,0,0,0,"- ","- ",38.883200000000002,-121.10321,PLACER,UNINCORPORATED,-121.10617915,38.881940139999998
6435436,2014,2016-02-26,9220,2014-02-28,2200,015239,,5,3,9,3100,0,1,1,,2,283,"RT 80","CROTHER RD",1500.00,E,N,B,C,Y,PLA,3,80,-,R,26.450,H,-,E,N,4,0,2,1,A,-,03,22350,,N,E,I,A,B,H,-,D,D,1,,,,,Y,,A,01,0,0,2,0,0,0,0,0,0,"- ","- ",38,-121,PLACER,UNINCORPORATED,-120.98076365999999,39.019880929999999
6439533,2014,2014-07-01,3104,2014-03-21,1850,256,43,5,5,4,3104,0,0,0,,0,001,"ROCKLIN RD","GRANITE DR",0.00,,Y,A,-,N,,,,,,,,,,Y,4,0,2,2,A,-,09,21453,C,N,D,C,A,A,H,-,A,A,0,,,,,Y,,A,07,0,0,2,0,0,0,0,0,0,"- ","- ",38.788440000000001,-121.22666,PLACER,ROCKLIN,-121.22627995000001,38.78846995
6499021,2014,2014-07-21,9220,2014-04-27,1825,14515,,7,2,9,3100,0,2,4,,2,022,"DOUGLAS BL","AUBURN FOLSOM RD",205.00,E,N,A,-,N,,,,,,,,,,N,2,0,1,2,A,-,09,21801,A,N,D,G,A,A,H,-,A,D,0,,Y,,,Y,,A,07,1,0,0,0,0,0,1,0,0,"- ","- ",38.743699999999997,-121.16933,PLACER,UNINCORPORATED,-121.16989122,38.743450000000003
6526608,2014,2015-03-09,3103,2014-04-23,1508,PEREN,L5,3,5,2,3103,0,0,0,,0,0L3,"LINCOLN BL","GATEWAY DR",15.00,N,N,A,-,N,,,,,,,,,,N,4,0,1,3,A,-,03,22350,,N,C,C,A,A,H,-,A,A,0,,,,,Y,,A,01,0,0,1,0,0,0,0,0,0,"- ","- ",38.872140000000002,-121.30749,PLACER,LINCOLN,-121.29346372000001,38.88443917
6534545,2014,2016-03-26,9220,2014-06-17,1010,013257,,2,1,9,3100,0,1,3,,1,267,"RT 65","WHEATLAND RD",700.00,S,N,A,-,Y,PLA,3,65,-,R,23.290,H,-,S,Y,3,0,1,1,A,-,08,22107,,N,E,I,A,A,H,-,A,D,5,,,,,Y,,A,07,0,1,0,0,0,0,0,0,0,"- ","- ",38.995429999999999,-121.39888999999999,PLACER,UNINCORPORATED,-121.39837395000001,38.995201719999997
6599140,2014,2016-04-26,9220,2014-08-20,0800,014515,,3,1,5,3105,0,1,1,,2,281,"RT 80","CIRBY WY",2640.00,E,N,B,-,Y,PLA,3,80,-,-,1.190,H,-,E,Y,4,0,1,2,A,-,03,22350,,N,C,C,A,A,H,-,A,D,1,,,,,Y,,D,22,0,0,1,0,0,0,0,0,0,"- ","- ",38.74521,-121.27207,PLACER,ROSEVILLE,-121.27921634,38.734812859999998
6613499,2014,2016-04-25,9222,2014-08-27,1325,16112,,3,1,9,3100,0,1,3,,1,015,"RT 28","CHIPMUNK ST",0.00,,Y,A,-,Y,PLA,3,28,-,-,10.215,I,5,E,N,3,0,1,2,A,-,09,21802,A,N,D,C,A,A,H,-,A,A,0,,,,,Y,,K,45,0,1,0,0,0,0,0,0,0,"- ","- ",39.23339,-120.01573999999999,PLACER,UNINCORPORATED,-120.01664258,39.233945869999999
6622307,2014,2014-11-03,9220,2014-09-12,2255,012412,,5,3,9,3100,0,2,4,,2,075,"TAYLOR RD","LOGAN LN",1320.00,N,N,A,-,N,,,,,,,,,,Y,2,0,1,2,A,-,01,23152,A,N,C,C,A,A,H,-,D,D,0,,,,,Y,Y,A,01,1,0,0,0,0,0,0,0,0,"- ","- ",38.857300000000002,-121.15822,PLACER,UNINCORPORATED,-121.15862785,38.856987250000003
6630629,2014,2016-04-25,9221,2014-09-25,1315,017777,,4,1,9,3100,0,1,1,,2,388,"RT 80","HAMPSHIRE ROCKS RD",7920.00,E,N,B,C,Y,PLA,3,80,-,-,67.850,H,-,W,Y,2,0,1,1,A,-,03,22350,,N,F,A,A,B,H,-,A,D,1,,,,,Y,,D,22,1,0,0,0,0,0,0,0,0,"- ","- ",39.313780000000001,-120.47069999999999,PLACER,UNINCORPORATED,-120.47084022,39.313821230000002
6632801,2014,2014-10-08,9220,2014-09-04,1750,014611,,4,2,9,3100,0,2,4,,2,015,"INDUSTRIAL AV","TINKER RD",0.00,,Y,A,-,N,,,,,,,,,,Y,3,0,1,2,A,-,09,21802,A,N,D,C,A,A,H,-,A,A,0,,,,,Y,,A,07,0,1,0,0,0,0,0,0,0,"- ","- ",,,PLACER,UNINCORPORATED,-121.30727985,38.81194996
6640485,2014,2014-10-08,9220,2014-09-25,1800,15060,,4,2,9,3100,0,2,4,,2,022,"DOUGLAS BL","BARTON RD",30.00,W,N,A,-,N,,,,,,,,,,N,4,0,1,2,A,-,21,22106,,N,C,C,A,A,H,-,A,A,0,,,,,Y,,A,01,0,0,1,0,0,0,0,0,0,"- ","- ",38.743429999999996,-121.18646,PLACER,UNINCORPORATED,-121.18929514,38.744072449999997
6660228,2014,2016-06-22,9220,2014-10-12,2140,013868,,7,2,9,3100,0,1,3,,1,249,"RT 49","JOEGER RD",2112.00,N,N,A,-,Y,PLA,3,49,-,R,8.360,H,-,S,Y,3,0,2,1,A,-,08,22107,,N,F,A,A,A,H,-,D,D,0,,,,,Y,,A,01,0,1,1,0,0,0,0,0,0,"- ","- ",,,PLACER,UNINCORPORATED,-121.10534251999999,38.969668859999999
6664899,2014,2016-01-15,9222,2014-09-02,1325,016112,,2,1,9,3100,0,3,5,,2,010,"FAIRWAY DR","RT 89",342.00,N,N,A,-,N,,,,,,,,,,N,2,0,1,1,A,-,03,22350,,N,F,A,A,A,A,H,A,D,0,,Y,,,Y,,L,04,1,0,0,0,0,0,1,0,0,"- ","- ",39.16677,-120.14776999999999,PLACER,UNINCORPORATED,-120.14778303999999,39.166701889999999
6720571,2014,2015-01-09,9220,2014-11-08,1720,015239,,6,2,9,3100,0,2,4,,2,064,"FORESTHILL RD","PORTOFINO DR",200.00,E,N,A,-,N,,,,,,,,,,N,3,0,1,1,C,-,18,,,N,E,H,A,A,H,-,D,D,0,,,Y,,Y,,-,"- ",0,1,0,0,0,0,0,0,1,"- ","- ",38.980640000000001,-120.94002999999999,PLACER,UNINCORPORATED,-120.93944489,38.981190079999998
6723753,2014,2016-07-05,9220,2014-11-25,1035,016668,,2,1,3,3101,0,1,1,,2,283,"RT 80","ELM AV",528.00,E,N,A,-,Y,PLA,3,80,-,-,17.930,H,-,W,Y,4,0,1,1,C,-,18,,,N,E,H,A,A,H,-,A,D,1,,,,,Y,,-,"- ",0,0,1,0,0,0,0,0,0,"- ","- ",38.90446,-121.07167,PLACER,AUBURN,-121.07136391,38.904893280000003
6750187,2014,2016-06-23,9220,2014-12-13,1450,011614,220,6,2,5,3105,0,1,3,,1,265,"RT 65","EAST ROSEVILLE VIADUCT NORTH",400.00,S,N,A,-,Y,PLA,3,65,-,R,5.370,R,4,N,Y,3,0,3,3,A,-,03,22350,,N,C,C,A,A,H,-,A,D,1,,,,,Y,,A,01,0,1,2,0,0,0,0,0,0,"- ","- ",,,PLACER,ROSEVILLE,-121.2567138,38.77373944
6750195,2014,2016-06-21,9220,2014-12-13,1333,013257,,6,1,5,3105,0,1,1,,2,281,"RT 80","RT 65",50.00,E,N,B,-,Y,PLA,3,80,-,-,4.170,H,-,E,N,4,0,2,4,A,-,03,22350,,N,C,C,A,A,H,-,A,D,1,,,,,Y,,A,01,0,0,2,0,0,0,0,0,0,TO,"- ",,,PLACER,ROSEVILLE,-121.24856262,38.769893699999997
6764147,2014,2015-02-02,3104,2014-12-15,1233,204,38,1,5,4,3104,0,0,0,,0,002,"SUNSET BL","S WHITNEY BL",40.00,W,N,B,C,N,,,,,,,,,,N,4,0,1,3,A,-,03,22350,,N,C,C,A,B,H,-,A,A,0,,,,,Y,,A,07,0,0,1,0,0,0,0,0,0,"- ","- ",38.786380000000001,-121.25337,PLACER,ROCKLIN,-121.25298579,38.786748690000003
6782647,2014,2016-07-05,9221,2014-12-19,1146,13036,,5,1,9,3100,0,1,1,,2,386,"RT 80","WHITMORE STATION",528.00,W,N,D,-,Y,PLA,3,80,-,-,50.640,H,-,E,Y,3,0,1,1,A,-,03,22350,,N,F,I,A,C,H,-,A,D,1,,,,,Y,,A,07,0,1,0,0,0,0,0,0,0,"- ","- ",39.254390000000001,-120.73434,PLACER,UNINCORPORATED,-120.73348609999999,39.254830400000003
6783737,2015,2016-09-07,9222,2015-02-14,1225,15590,,6,1,9,3100,0,1,3,,1,015,"RT 28","PARK LN",25.00,W,N,A,-,Y,PLA,3,28,-,-,10.560,H,-,E,Y,4,0,1,2,A,-,03,22350,,N,C,C,A,A,H,-,A,D,0,,,,,Y,,A,07,0,0,1,0,0,0,0,0,0,"- ","- ",39.229010000000002,-120.01311,PLACER,UNINCORPORATED,-120.01320104,39.229183280000001
6828569,2015,2016-10-25,9221,2015-02-23,1425,17320,,1,2,9,3100,0,1,1,,2,385,"RT 80","SAWMILL RD",657.00,E,N,A,-,Y,PLA,3,80,-,-,42.250,H,-,W,Y,2,0,1,1,A,-,01,23152,A,N,E,I,A,A,H,-,A,D,1,,,,,Y,Y,D,22,1,0,0,0,0,0,0,0,0,"- ","- ",39.185429999999997,-120.8471,PLACER,UNINCORPORATED,-120.84708422999999,39.185374930000002
6854109,2014,2016-01-14,9220,2014-10-10,2500,15197,,5,4,9,3100,0,2,4,,1,012,"BASELINE RD","BREWER RD",1056.00,W,N,A,-,N,,,,,,,,,,N,1,1,0,2,A,-,"- ",,,F,G,B,E,A,H,-,C,D,0,Y,,,,Y,,D,22,0,0,0,1,0,0,0,0,0,"- ","- ",38.751609999999999,-121.45393,PLACER,UNINCORPORATED,-121.45487333,38.751593800000002
6864129,2015,2015-04-08,3104,2015-03-16,0735,268,38,1,5,4,3104,0,0,0,,0,002,"STANFORD RANCH RD","FAIRWAY AV",31.00,S,N,A,-,N,,,,,,,,,,Y,4,0,2,3,A,-,08,22107,,N,D,C,A,A,H,-,A,D,0,,,,,Y,,A,01,0,0,2,0,0,0,0,0,0,"- ","- ",,,PLACER,ROCKLIN,-121.26572954,38.783554870000003
6874637,2015,2016-10-25,9220,2015-03-19,0735,015239,,4,1,9,3100,0,1,1,,2,282,"RT 80","GILARDI RD",174.00,E,N,A,-,Y,PLA,3,80,-,-,12.330,H,-,W,Y,3,0,2,2,A,-,01,23152,A,N,E,I,A,A,H,-,A,D,1,,,,,Y,Y,A,07,0,1,1,0,0,0,0,0,0,"- ","- ",38.85566,-121.14275000000001,PLACER,UNINCORPORATED,-121.14345946,38.854824989999997