CASE_ID,ACCIDENT_YEAR,PROC_DATE,JURIS,COLLISION_DATE,COLLISION_TIME,OFFICER_ID,REPORTING_DISTRICT,DAY_OF_WEEK,CHP_SHIFT,POPULATION,CNTY_CITY_LOC,SPECIAL_COND,BEAT_TYPE,CHP_BEAT_TYPE,CITY_DIVISION_LAPD,CHP_BEAT_CLASS,BEAT_NUMBER,PRIMARY_RD,SECONDARY_RD,DISTANCE,DIRECTION,INTERSECTION,WEATHER_1,WEATHER_2,STATE_HWY_IND,CALTRANS_COUNTY,CALTRANS_DISTRICT,STATE_ROUTE,ROUTE_SUFFIX,POSTMILE_PREFIX,POSTMILE,LOCATION_TYPE,RAMP_INTERSECTION,SIDE_OF_HWY,TOW_AWAY,COLLISION_SEVERITY,NUMBER_KILLED,NUMBER_INJURED,PARTY_COUNT,PRIMARY_COLL_FACTOR,PCF_CODE_OF_VIOL,PCF_VIOL_CATEGORY,PCF_VIOLATION,PCF_VIOL_SUBSECTION,HIT_AND_RUN,TYPE_OF_COLLISION,MVIW,PED_ACTION,ROAD_SURFACE,ROAD_COND_1,ROAD_COND_2,LIGHTING,CONTROL_DEVICE,CHP_ROAD_TYPE,PEDESTRIAN_ACCIDENT,BICYCLE_ACCIDENT,MOTORCYCLE_ACCIDENT,TRUCK_ACCIDENT,NOT_PRIVATE_PROPERTY,ALCOHOL_INVOLVED,STWD_VEHTYPE_AT_FAULT,CHP_VEHTYPE_AT_FAULT,COUNT_SEVERE_INJ,COUNT_VISIBLE_INJ,COUNT_COMPLAINT_PAIN,COUNT_PED_KILLED,COUNT_PED_INJURED,COUNT_BICYCLIST_KILLED,COUNT_BICYCLIST_INJURED,COUNT_MC_KILLED,COUNT_MC_INJURED,PRIMARY_RAMP,SECONDARY_RAMP,LATITUDE,LONGITUDE,COUNTY,CITY,POINT_X,POINT_Y
94399086,2024,2024-09-18,9220,2024-09-15,2235,021255,,7,3,9,3100,0,3,5,,2,070,"ROCK SPRINGS ROAD","CHOCTAW TRACE",40.00,W,N,A,-,N,,,,,,,,,,Y,3,0,4,1,A,-,03,22350,,N,E,8,A,A,H,-,D,D,0,,,,,Y,,A,07,0,1,3,0,0,0,0,0,0,"- ","- ",38.839401245117188,-121.15135192871094,PLACER,UNINCORPORATED,-121.15134429931641,38.839485168457031
94404786,2024,2024-12-13,9220,2024-09-09,1740,022556,,1,2,9,3100,0,3,5,,2,060,"LIVE OAK RD","EL RANCHO LN",120.00,E,N,A,-,N,,,,,,,,,,Y,4,0,1,2,A,-,05,21650,,N,B,C,A,A,H,-,A,D,0,,,,,Y,,A,01,0,0,1,0,0,0,0,0,0,"- ","- ",39.049259185791016,-120.95867919921875,PLACER,UNINCORPORATED,-120.95877075195312,39.049308776855469
9444978,2022,2022-06-17,3105,2022-05-09,1750,1150,,1,5,5,3105,0,0,0,,0,007,"BASELINE RD","WATT RD",0.00,,Y,A,C,N,,,,,,,,,,Y,4,0,1,1,C,-,18,,,N,F,A,A,B,H,-,A,A,0,,,Y,,Y,Y,-,"- ",0,0,1,0,0,0,0,0,1,"- ","- ",38.751750946044922,-121.39267730712891,PLACER,ROSEVILLE,-121.39266967773438,38.751758575439453
94469676,2024,2024-11-14,9220,2024-08-25,"935 ",018526,,7,1,9,3100,0,3,5,,2,060,"OLD AUBURN FORESTHILL RD","FORESTHILL RD",3168.00,S,N,A,-,N,,,,,,,,,,Y,1,1,0,1,A,-,03,22350,,N,F,0,A,A,H,-,A,D,0,,,Y,,Y,,C,02,0,0,0,0,0,0,0,1,0,"- ","- ",38.927379608154297,-121.00736236572266,PLACER,UNINCORPORATED,-121.01311492919922,38.929813385009766
94498947,2024,2024-12-13,9220,2024-12-08,1710,020392,,7,2,9,3100,0,2,4,,2,022,"DOUGLAS BLVD","SEENO AVENUE",70.00,E,N,A,-,N,,,,,,,,,,Y,4,0,2,3,A,-,03,22350,,N,C,C,A,A,H,-,C,A,0,,,,,Y,,A,01,0,0,2,0,0,0,0,0,0,"- ","- ",38.743968963623047,-121.21040344238281,PLACER,UNINCORPORATED,-121.21046447753906,38.743965148925781
94511513,2024,2024-12-20,9221,2024-12-12,1550,018579,,4,2,9,3100,0,1,1,,2,388,"I-80 W/B","HAMPSHIRE ROCKS ROAD",3168.00,W,N,B,D,Y,PLA,,80," ",R,65.827,H,,L,Y,3,0,2,1,A,-,03,22350,,N,F,A,A,C,H,-,D,C,0,,,,,Y,,A,01,0,1,1,0,0,0,0,0,0,"- ","- ",39.31298828125,-120.50843811035156,PLACER,UNINCORPORATED,-120.50846862792969,39.312919616699219
94513431,2023,2024-12-23,9220,2023-12-14,"715 ",015917,,4,1,9,3100,0,1,S,,2,059,"SR-49 (EL DORADO ST)","OLD FORESTHILL RD",0.00,,Y,A,-,Y,PLA,,49," "," ",0.047,H,,R,Y,1,1,0,1,A,-,16,24002,A,N,E,I,A,A,H,-,A,D,0,,,,Y,Y,,F,27,0,0,0,0,0,0,0,0,0,"- ","- ",38.915958404541016,-121.04105377197266,PLACER,UNINCORPORATED,-121.04105377197266,38.915870666503906
94520419,2024,2024-12-30,9220,2024-12-26,"920 ",019465,,4,1,9,3100,0,1,3,,1,249,"NEW AIRPORT ROAD","SR-49 (GRASS VALLEY HIGHWAY)",43.00,E,N,B,C,Y,PLA,,49," "," ",5.641,H,,R,Y,3,0,1,5,A,-,08,22107,,N,D,C,A,B,H,-,A,A,0,,,,,Y,,A,01,0,1,0,0,0,0,0,0,0,"- ","- ",38.932540893554688,-121.09049987792969,PLACER,UNINCORPORATED,-121.09070587158203,38.93243408203125
94543321,2025,2025-01-20,9220,2025-01-15,"700 ",015961,,3,1,9,3100,0,3,5,,2,020,"LARID RD","WELLS AVE",20.00,W,N,A,-,N,,,,,,,,,,Y,4,0,1,2,A,-,03,22350,,N,C,2,A,A,H,-,A,A,0,,,,,Y,,D,22,0,0,1,0,0,0,0,0,0,"- ","- ",38.785240173339844,-121.16908264160156,PLACER,UNINCORPORATED,-121.16887664794922,38.785324096679688
94567792,2025,2025-02-06,9220,2025-02-05,1815,018213,,3,2,9,3100,0,1,3,,1,267,"SR-65 N/B","RIOSA RD",6547.00,S,N,A,-,Y,PLA,,65," ",R,21.934,H,,R,Y,3,0,2,2,A,-,03,22350,,N,C,C,A,A,H,-,D,D,0,,,,,Y,,A,01,0,2,0,0,0,0,0,0,0,"- ","- ",38.96173095703125,-121.37455749511719,PLACER,UNINCORPORATED,-121.37461853027344,38.961715698242188
94581693,2025,2025-02-17,9220,2025-02-13,"850 ",018014,,4,1,5,3105,0,1,1,,2,281,"I-80 E/B","CIRBY WAY",1400.00,E,N,B,C,Y,PLA,,80," "," ",1.033,H,,R,Y,3,0,1,5,A,-,03,22350,,N,C,C,A,B,H,-,A,D,0,,,,,Y,,D,22,0,1,0,0,0,0,0,0,0,"- ","- ",38.733009338378906,-121.28103637695312,PLACER,ROSEVILLE,-121.28112030029297,38.733062744140625
94680674,2025,2025-05-08,9222,2025-04-12,2220,022294,,6,3,9,3100,0,1,3,,1,013,SR-89,"BRIDGE 3",135.00,S,N,A,-,Y,PLA,,89," "," ",14.220,H,,R,Y,2,0,1,1,A,-,01,23152,A,N,E,8,A,A,H,-,D,D,0,,,,,Y,Y,A,01,1,0,0,0,0,0,0,0,0,"- ","- ",39.211750030517578,-120.1993408203125,PLACER,UNINCORPORATED,-120.19938659667969,39.211723327636719
94718570,2025,2025-06-09,9221,2025-06-03,1510,018305,,2,2,9,3100,0,1,1,,2,388,"I-80 E/B","KINGVALE RD",40.00,W,N,A,-,Y,PLA,,80," "," ",69.229,H,,R,N,4,0,1,2,A,-,03,22350,,N,C,C,A,A,D,-,A,A,0,,,,,Y,,D,22,0,0,1,0,0,0,0,0,0,"- ","- ",39.314109802246094,-120.44564819335938,PLACER,UNINCORPORATED,-120.44565582275391,39.314136505126953
94720387,2025,2025-06-10,9220,2025-06-04,1710,016429,,3,2,9,3100,0,3,5,,2,020,"SIERRA DR","LAKESHORE DR",215.00,E,N,A,-,N,,,,,,,,,,Y,3,0,1,1,A,-,08,22107,,N,E,I,A,A,H,-,A,B,0,,,,,Y,,A,07,0,1,0,0,0,0,0,0,0,"- ","- ",38.737091064453125,-121.15981292724609,PLACER,UNINCORPORATED,-121.15991973876953,38.737159729003906
94721678,2025,2025-06-11,9220,2025-05-18,1125,016682,,7,1,9,3100,0,2,4,,2,075,"TAYLOR RD","PENRYN RD",0.00,,Y,A,-,N,,,,,,,,,,N,2,0,3,3,D,-,00,,,N,D,C,A,A,H,-,A,A,0,,,Y,,Y,,-,"- ",2,1,0,0,0,0,0,0,2,"- ","- ",38.844638824462891,-121.16918182373047,PLACER,UNINCORPORATED,-121.16919708251953,38.84466552734375
94738125,2025,2025-06-24,9220,2025-06-19,"520 ",014512,,4,3,9,3100,0,1,3,,1,265,"SR-65 S/B","NELSON LANE",4224.00,S,N,A,-,Y,PLA,,65," ",R,14.723,H,,L,Y,3,0,1,1,A,-,08,22107,,N,E,8,A,A,H,-,A,D,0,,,,,Y,,D,22,0,1,0,0,0,0,0,0,0,"- ","- ",38.883991241455078,-121.32525634765625,PLACER,UNINCORPORATED,-121.32527923583984,38.883960723876953
94763986,2025,2025-07-16,9220,2025-07-11,1525,022637,,5,2,9,3100,0,1,3,,1,267,"SR-65 N/B","WHEATLAND RD",832.00,S,N,A,-,Y,PLA,,65," ",R,23.258,H,,R,N,4,0,1,5,A,-,03,22350,,N,C,C,A,A,H,-,A,D,0,,,,,Y,,A,01,0,0,1,0,0,0,0,0,0,"- ","- ",38.994850158691406,-121.39772033691406,PLACER,UNINCORPORATED,-121.39772796630859,38.994838714599609
9477547,2022,2022-08-11,3105,2022-06-12,0953,1099,,7,5,5,3105,0,0,0,,0,001,"STANFORD RANCH RD","RT 65",0.00,,Y,A,B,Y,PLA,3,65,-,R,6.204,R,4,N,Y,4,0,2,3,A,-,12,21453,A,N,D,C,A,A,H,-,A,A,0,,,,,Y,,D,22,0,0,2,0,0,0,0,0,0,"- ",NO,,,PLACER,ROSEVILLE,-121.27009582519531,38.779678344726562
94777313,2025,2025-07-25,9220,2025-07-23,1345,016429,,3,1,3,3101,0,1,1,,2,282,"I-80 E/B TO SR-49 (GRASS VALLEY HWY)",SR-49,860.00,W,N,A,-,Y,PLA,,80," "," ",17.385,H,,R,Y,4,0,1,2,A,-,03,22350,,N,C,C,A,A,H,-,A,A,0,,,,Y,Y,,G,25,0,0,1,0,0,0,0,0,0,"- ","- ",38.898208618164062,-121.07673645019531,PLACER,AUBURN,-121.07675933837891,38.898220062255859
94782998,2025,2025-07-30,9220,2025-07-23,1850,017375,,3,2,9,3100,0,3,5,,2,040,"DRY CREEK RD","JOEGER RD",39.00,W,N,A,-,N,,,,,,,,,,N,3,0,1,1,A,-,12,22450,A,N,E,I,A,A,H,-,A,A,0,,,,,Y,,A,07,0,1,0,0,0,0,0,0,0,"- ","- ",38.956348419189453,-121.11943817138672,PLACER,UNINCORPORATED,-121.11939239501953,38.956329345703125
94789009,2025,2025-08-04,9222,2025-07-29,"910 ",020552,,2,1,9,3100,0,1,3,,1,015,SR-28,"AGATAM AVE",686.00,E,N,A,-,Y,PLA,,28," "," ",8.932,H,,R,N,4,0,4,2,A,-,03,22350,,N,C,C,A,A,H,-,A,D,0,,,,,Y,,D,22,0,0,4,0,0,0,0,0,0,"- ","- ",39.239711761474609,-120.03839874267578,PLACER,UNINCORPORATED,-120.03838348388672,39.239646911621094
9481240,2022,2022-08-08,3105,2022-07-19,1050,3062,,2,5,5,3105,0,0,0,,0,003,"CIRBY WY","MELODY LN",0.00,,Y,A,-,N,,,,,,,,,,Y,4,0,1,2,A,-,12,21453,A,N,D,C,A,A,H,-,A,A,0,,,,,Y,,D,22,0,0,1,0,0,0,0,0,0,"- ","- ",,,PLACER,ROSEVILLE,-121.29210662841797,38.729339599609375
94814380,2025,2025-08-22,9220,2025-08-16,"808 ",019148,,6,1,9,3100,0,1,1,,2,282,"I-80 W/B","HORSESHOE BAR RD.",900.00,E,N,A,-,Y,PLA,,80," "," ",8.865,H,,L,N,3,0,2,2,A,-,03,22350,,N,C,C,A,A,H,-,A,D,0,,,,Y,Y,,A,01,0,1,1,0,0,0,0,0,0,"- ","- ",38.818290710449219,-121.18734741210938,PLACER,UNINCORPORATED,-121.18734741210938,38.818286895751953
9481441,2022,2022-08-25,3105,2022-07-18,2500,1145,,1,5,5,3105,0,0,0,,0,001,"EAST ROSEVILLE PKWY","TAYLOR RD",29.00,E,N,A,-,N,,,,,,,,,,N,3,0,2,2,A,-,08,22107,,N,A,C,A,A,H,-,A,B,0,,,,,Y,,A,07,0,2,0,0,0,0,0,0,0,"- ","- ",,,PLACER,ROSEVILLE,-121.25576782226562,38.762008666992188
94816936,2025,2025-08-25,9220,2025-08-10,"226 ",019621,,7,3,9,3100,0,3,5,,2,010,"FIDDYMENT RD","SETTLERS RIDGE WAY",1056.00,N,N,A,-,N,,,,,,,,,,Y,4,0,1,1,A,-,01,23152,A,M,E,I,A,A,H,-,D,D,0,,,,,Y,Y,A,07,0,0,1,0,0,0,0,0,0,"- ","- ",38.81243896484375,-121.3492431640625,PLACER,UNINCORPORATED,-121.349365234375,38.812351226806641
94846663,2025,2025-09-16,9220,2025-09-10,1250,015917,,3,1,9,3100,0,2,4,,2,062,"FORESTHILL RD","DRIVERS FLAT",1584.00,W,N,A,-,N,,,,,,,,,,Y,4,0,2,2,A,-,03,22350,,N,C,C,A,A,B,-,A,D,0,,,,,Y,,A,01,0,0,2,0,0,0,0,0,0,"- ","- ",38.967109680175781,-120.95482635498047,PLACER,UNINCORPORATED,-120.95231628417969,38.972698211669922
94866857,2025,2025-09-30,9222,2025-09-15,1405,018515,,1,2,9,3100,0,1,3,,1,015,SR-28,ANDERSON,500.00,E,N,A,-,Y,PLA,,28," "," ",8.137,H,,R,N,3,0,1,2,A,-,09,21804,A,N,D,C,A,A,H,-,A,D,0,,,,,Y,,M,47,0,1,0,0,0,0,0,0,0,"- ","- ",39.240200042724609,-120.052001953125,PLACER,UNINCORPORATED,-120.05202484130859,39.240108489990234
94871956,2025,2025-10-03,9220,2025-09-30,1505,016031,,2,2,9,3100,0,1,1,,2,282,"I-80 W/B","OPHIR RD",2112.00,W,N,B,-,Y,PLA,,80," "," ",16.464,H,,L,Y,4,0,1,1,A,-,08,22107,,N,E,I,A,A,H,-,A,D,0,,,,,Y,,B,07,0,0,1,0,0,0,0,0,0,"- ","- ",38.889640808105469,-121.08959197998047,PLACER,UNINCORPORATED,-121.08954620361328,38.88958740234375
94874912,2025,2025-10-06,9220,2025-09-26,1551,022637,,5,2,9,3100,0,3,5,,2,010,"N FOOTHILLS BLVD.","W. SUNSET BLVD.",923.00,N,N,A,-,N,,,,,,,,,,Y,3,0,1,1,A,-,08,22107,,N,E,8,A,A,H,-,A,D,0,,,,,Y,,A,01,0,1,0,0,0,0,0,0,0,"- ","- ",38.820011138916016,-121.32169342041016,PLACER,UNINCORPORATED,-121.32170104980469,38.820018768310547
94904166,2025,2025-10-28,9220,2025-10-23,1535,018532,,4,2,5,3105,0,1,1,,2,281,"I-80 E/B","ATLANTIC ST",1214.00,E,N,A,-,Y,PLA,,80," "," ",3.309,H,,R,N,4,0,1,2,A,-,03,22350,,N,C,C,A,A,H,-,A,D,0,,,,,Y,,D,22,0,0,1,0,0,0,0,0,0,"- ","- ",38.761211395263672,-121.25937652587891,PLACER,ROSEVILLE,-121.25944519042969,38.761238098144531
9492079,2022,2022-09-14,3105,2022-07-10,0925,1107,,7,5,5,3105,0,0,0,,0,005,"PLEASANT GROVE BL","HIGHLAND POINTE DR",340.00,E,N,A,-,N,,,,,,,,,,Y,4,0,2,3,A,-,03,22350,,N,C,C,A,A,H,-,A,A,0,,,,,Y,,A,07,0,0,2,0,0,0,0,0,0,"- ","- ",38.783298492431641,-121.28671264648438,PLACER,ROSEVILLE,-121.28615570068359,38.784088134765625
94922911,2025,2025-11-12,9220,2025-11-02,1015,018291,,7,1,9,3100,0,2,4,,2,021,"SIERRA COLLEGE BLVD.","OLD AUBURN RD.",850.00,S,N,A,-,Y,,,,,,,,,,N,3,0,1,2,A,-,09,21804,A,N,C,C,A,A,H,-,A,D,0,,,,,Y,,A,07,0,1,0,0,0,0,0,0,0,"- ","- ",38.719669342041016,-121.22582244873047,PLACER,UNINCORPORATED,-121.22577667236328,38.71978759765625
9492654,2022,2022-09-21,3105,2022-08-06,0854,1075,,6,5,5,3105,0,0,0,,0,007,"BASELINE RD","WATT AV",20.00,W,N,A,-,N,,,,,,,,,,N,4,0,2,2,A,-,03,22350,,N,C,C,A,A,H,-,A,A,0,,,,,Y,,I,11,0,0,2,0,0,0,0,0,0,"- ","- ",38.751701354980469,-121.38352203369141,PLACER,ROSEVILLE,-121.39273834228516,38.751758575439453
94941772,2025,2025-11-21,9220,2025-11-18,1710,018532,,2,2,5,3105,0,1,3,,1,265,"SR-65 N/B","BLUE OAKS BLVD",2640.00,S,N,A,-,Y,PLA,,65," ",R,7.524,H,,R,Y,4,0,3,3,A,-,03,22350,,N,C,C,A,A,H,-,C,D,0,,,,,Y,,D,22,0,0,3,0,0,0,0,0,0,"- ","- ",38.789901733398438,-121.29061889648438,PLACER,ROSEVILLE,-121.29057312011719,38.789951324462891
94985504,2025,2025-12-24,9220,2025-12-22,1438,015917,,1,2,3,3101,0,1,1,,2,283,"I-80 W/B","ELM AVE",1162.00,E,N,B,-,Y,PLA,,80," "," ",18.060,H,,L,Y,4,0,1,1,A,-,08,22107,,N,E,8,A,B,H,-,A,D,0,,,,,Y,,A,01,0,0,1,0,0,0,0,0,0,"- ","- ",38.906658172607422,-121.0714111328125,PLACER,AUBURN,-121.07143402099609,38.906661987304688
9499529,2022,2022-11-07,3105,2022-09-04,1342,575,,7,5,5,3105,0,0,0,,0,005,"PLEASANT GROVE BL","HIGHLAND POINTE DR",0.00,,Y,A,-,N,,,,,,,,,,Y,4,0,1,3,A,-,09,21453,C,N,D,C,A,A,H,-,A,A,0,,,,,Y,,-,,0,0,1,0,0,0,0,0,0,"- ","- ",38.783298492431641,-121.28671264648438,PLACER,ROSEVILLE,-121.2867431640625,38.783275604248047
9504612,2022,2022-10-28,3104,2022-09-24,1642,325,44,6,5,4,3104,0,0,0,,0,001,"PACIFIC ST","MIDAS AV",10.00,S,N,A,-,N,,,,,,,,,,N,2,0,2,2,A,-,03,22350,,N,C,C,A,A,H,-,A,A,0,,,,,Y,,A,01,2,0,0,0,0,0,0,0,0,"- ","- ",38.795341491699219,-121.23246002197266,PLACER,ROCKLIN,-121.23250579833984,38.795299530029297
9507802,2022,2022-10-12,3105,2022-09-20,1757,1175,,2,5,5,3105,0,0,0,,0,003,"N RIVERSIDE AV","RT 80",0.00,,Y,A,-,Y,PLA,3,80,-,-,0.565,R,4,W,Y,4,0,1,2,A,-,12,21453,A,N,D,C,A,A,H,-,A,A,0,,,,,Y,,A,07,0,0,1,0,0,0,0,0,0,"- ",WF,38.729339599609375,-121.29048156738281,PLACER,ROSEVILLE,-121.28694152832031,38.728057861328125
9508371,2022,2022-11-08,3105,2022-10-08,1530,1137,,6,5,5,3105,0,0,0,,0,006,"HORNCASTLE AV","WOODCREEK OAKS BL",18.00,W,N,A,-,N,,,,,,,,,,N,3,0,1,2,A,-,12,21453,A,N,D,G,A,A,H,-,-,A,0,,Y,,,Y,,A,01,0,1,0,0,0,0,1,0,0,"- ","- ",38.784439086914062,-121.33322143554688,PLACER,ROSEVILLE,-121.33330535888672,38.784461975097656
9524770,2022,2022-12-12,3105,2022-10-17,0638,1109,,1,5,5,3105,0,0,0,,0,006,"FOOTHILLS BL","PLEASANT GROVE BL",0.00,,Y,A,-,N,,,,,,,,,,Y,3,0,1,2,A,-,09,21453,C,N,D,C,A,A,H,-,B,A,0,,,,,Y,,A,01,0,1,0,0,0,0,0,0,0,"- ","- ",38.772609710693359,-121.31285858154297,PLACER,ROSEVILLE,-121.31288146972656,38.772449493408203
9533564,2023,2023-02-15,3104,2023-01-17,1619,313,26,2,5,4,3104,0,0,0,,0,002,"CREST DR","WHITNEY BL",0.00,,Y,A,-,N,,,,,,,,,,N,3,0,1,2,A,-,05,21650,1,N,H,G,A,A,H,-,A,D,0,,Y,,,Y,,L,04,0,1,0,0,0,0,1,0,0,"- ","- ",38.806720733642578,-121.25430297851562,PLACER,ROCKLIN,-121.25426483154297,38.806713104248047
9545941,2023,2023-03-01,3104,2023-01-31,"810 ",327,46,2,5,4,3104,0,0,0,,0,002,"SUNSET BL","PACIFIC ST",500.00,W,N,A,-,N,,,,,,,,,,N,4,0,1,2,A,-,03,22350,,N,C,C,A,A,H,-,A,A,0,,,,,Y,,A,01,0,0,1,0,0,0,0,0,0,"- ","- ",38.781379699707031,-121.24220275878906,PLACER,ROCKLIN,-121.24359893798828,38.782222747802734
9557960,2023,2023-06-02,3105,2023-03-13,1142,1145,,1,5,5,3105,0,0,0,,0,001,"E ROSEVILLE PW","NORTH SUNRISE AV",55.00,W,N,B,C,N,,,,,,,,,,Y,4,0,1,3,A,-,01,23153,A,N,C,C,A,B,H,-,A,A,0,,,,,Y,Y,A,01,0,0,1,0,0,0,0,0,0,"- ","- ",,,PLACER,ROSEVILLE,-121.25166320800781,38.762020111083984
9561538,2023,2023-04-29,3105,2023-03-01,"645 ",3062,,3,5,5,3105,0,0,0,,0,006,"ROSEVILLE PW","BLUE OAKS BL",30.00,S,N,A,-,N,,,,,,,,,,,4,0,1,2,A,-,03,22350,,N,C,C,A,C,H,-,A,A,0,,,,,Y,,A,01,0,0,1,0,0,0,0,0,0,"- ","- ",,,PLACER,ROSEVILLE,,
9562087,2023,2023-04-20,3105,2023-03-17,1208,3062,,5,5,5,3105,0,0,0,,0,002,"DOUGLAS BL","EUREKA RD",388.00,E,N,A,-,N,,,,,,,,,,Y,4,0,2,2,A,-,03,22350,1,N,C,C,A,A,H,-,A,A,0,,,,,Y,,A,01,0,0,2,0,0,0,0,0,0,"- ","- ",,,PLACER,ROSEVILLE,-121.24574279785156,38.74420166015625
9562639,2022,2023-04-06,3105,2022-12-31,2230,1168,,6,5,5,3105,0,0,0,,0,006,"CASA SEDONA DR","CROCKER RANCH RD",0.00,,Y,B,-,N,,,,,,,,,,N,4,0,1,2,A,-,10,21950,A,N,A,B,B,B,H,-,D,A,0,Y,,,,Y,,A,01,0,0,1,0,1,0,0,0,0,"- ","- ",38.800270080566406,-121.34712219238281,PLACER,ROSEVILLE,-121.34713745117188,38.802654266357422
9567508,2023,2023-05-26,3104,2023-04-20,1516,313,38,4,5,4,3104,0,0,0,,0,003,"S WHITNEY BL","SPRINGVIEW DR",0.00,,Y,A,-,N,,,,,,,,,,Y,4,0,1,2,A,-,09,21802,,N,D,C,A,A,H,-,A,D,0,,,,,Y,,A,07,0,0,1,0,0,0,0,0,0,"- ","- ",38.780860900878906,-121.25966644287109,PLACER,ROCKLIN,-121.25974273681641,38.780982971191406
9587192,2023,2023-09-11,3105,2023-08-01,2026,1118,,2,5,5,3105,0,0,0,,0,004,"CHURCH ST","GRANT ST",218.00,W,N,A,-,N,,,,,,,,,,Y,4,0,1,3,A,-,01,23152,A,N,A,E,A,A,H,-,B,D,0,,,,,Y,Y,A,01,0,0,1,0,0,0,0,0,0,"- ","- ",38.749961853027344,-121.28758239746094,PLACER,ROSEVILLE,-121.28813171386719,38.749538421630859
9591370,2023,2023-07-27,3104,2023-06-28,1123,283,15,3,5,4,3104,0,0,0,,0,004,"WILDCAT BL","PENINSULA DR",0.00,,Y,A,-,N,,,,,,,,,,N,3,0,1,2,A,-,05,21650,1,N,H,G,A,A,H,-,A,D,0,,Y,,,Y,,L,04,0,1,0,0,0,0,1,0,0,"- ","- ",38.823829650878906,-121.28334808349609,PLACER,ROCKLIN,-121.28335571289062,38.823802947998047
9598688,2023,2023-07-25,3105,2023-06-20,1643,1196,,2,5,5,3105,0,0,0,,0,006,"BLUE OAKS BL","WASHINGTON BL",0.00,,Y,A,-,N,,,,,,,,,,Y,4,0,1,3,A,-,12,21453,A,N,D,C,A,A,H,-,A,A,0,,,,,Y,,A,07,0,0,1,0,0,0,0,0,0,"- ","- ",,,PLACER,ROSEVILLE,-121.30046081542969,38.795200347900391
9610474,2023,2023-09-01,3104,2023-08-15,"859 ",283,36,2,5,4,3104,0,0,0,,0,002,"5TH ST","PARKVIEW LN",41.00,S,N,A,-,N,,,,,,,,,,N,3,0,1,2,A,-,17,22517,,N,H,G,A,A,H,-,A,D,0,,Y,,,Y,,A,01,0,1,0,0,0,0,1,0,0,"- ","- ",38.796001434326172,-121.23930358886719,PLACER,ROCKLIN,-121.23937225341797,38.795879364013672
9619360,2023,2023-12-21,3103,2023-10-12,1550,AVIRG,L8,4,5,2,3103,0,0,0,,0,0L4,"EASTRIDGE DR","BRADBRONE DR",9.00,E,N,A,-,N,,,,,,,,,,N,2,0,1,2,A,-,11,21950,B,N,G,B,B,A,H,-,A,A,0,Y,,,,Y,,N,60,1,0,0,0,1,0,0,0,0,"- ","- ",,,PLACER,LINCOLN,-121.26551055908203,38.845291137695312
9625142,2023,2023-10-04,3105,2023-09-01,"858 ",1107,,5,5,5,3105,0,0,0,,0,001,"TAYLOR RD","TAYLOR RD 2018",17.00,W,N,B,-,Y,PLA,3,80,-,-,3.611,R,4,W,Y,3,0,2,2,A,-,09,21804,A,N,D,C,A,A,H,-,A,D,0,,,,,Y,,A,07,0,1,1,0,0,0,0,0,0,"- ","- ",,,PLACER,ROSEVILLE,-121.25659942626953,38.765094757080078
9628649,2023,2023-12-08,3105,2023-10-01,1455,1200,,7,5,5,3105,0,0,0,,0,001,"TAYLOR RD","EUREKA RD",2.00,N,N,A,-,N,,,,,,,,,,Y,3,0,1,2,A,-,04,21703,,N,C,C,A,A,H,-,A,A,0,,,,,Y,,A,07,0,1,0,0,0,0,0,0,0,"- ","- ",,,PLACER,ROSEVILLE,-121.25965881347656,38.7574462890625
9635178,2023,2024-02-13,3104,2023-12-10,2032,322,42,7,5,4,3104,0,0,0,,0,001,"SCHRIBER WY","SIERRA COLLEGE BL",0.00,,Y,A,-,N,,,,,,,,,,Y,3,0,1,2,A,-,12,21453,,N,D,C,A,A,H,-,C,A,0,,,,,Y,,A,01,0,1,0,0,0,0,0,0,0,"- ","- ",38.7994384765625,-121.20542144775391,PLACER,ROCKLIN,-121.20552062988281,38.799442291259766
9636204,2023,2024-03-12,3105,2023-12-11,1741,1147,,1,5,5,3105,0,0,0,,0,005,"FAIRWAY DR","PLEASANT GROVE BL",0.00,,Y,A,-,N,,,,,,,,,,N,3,0,1,2,A,-,10,21950,A,N,G,B,B,A,-,-,C,A,0,Y,,,,Y,,A,01,0,1,0,0,1,0,0,0,0,"- ","- ",38.789520263671875,-121.28179168701172,PLACER,ROSEVILLE,-121.28182220458984,38.789531707763672
9642384,2023,2023-12-15,3105,2023-11-05,"120 ",1183,,7,5,5,3105,0,0,0,,0,002,"DOUGLAS BL","ROCKY RIDGE DR",0.00,,Y,A,-,N,,,,,,,,,,Y,4,0,1,2,A,-,12,21453,A,F,B,C,A,A,H,-,C,A,0,,,,,Y,Y,-,,0,0,1,0,0,0,0,0,0,"- ","- ",38.744338989257812,-121.2530517578125,PLACER,ROSEVILLE,-121.25302124023438,38.744163513183594