CASE_ID,ACCIDENT_YEAR,PROC_DATE,JURIS,COLLISION_DATE,COLLISION_TIME,OFFICER_ID,REPORTING_DISTRICT,DAY_OF_WEEK,CHP_SHIFT,POPULATION,CNTY_CITY_LOC,SPECIAL_COND,BEAT_TYPE,CHP_BEAT_TYPE,CITY_DIVISION_LAPD,CHP_BEAT_CLASS,BEAT_NUMBER,PRIMARY_RD,SECONDARY_RD,DISTANCE,DIRECTION,INTERSECTION,WEATHER_1,WEATHER_2,STATE_HWY_IND,CALTRANS_COUNTY,CALTRANS_DISTRICT,STATE_ROUTE,ROUTE_SUFFIX,POSTMILE_PREFIX,POSTMILE,LOCATION_TYPE,RAMP_INTERSECTION,SIDE_OF_HWY,TOW_AWAY,COLLISION_SEVERITY,NUMBER_KILLED,NUMBER_INJURED,PARTY_COUNT,PRIMARY_COLL_FACTOR,PCF_CODE_OF_VIOL,PCF_VIOL_CATEGORY,PCF_VIOLATION,PCF_VIOL_SUBSECTION,HIT_AND_RUN,TYPE_OF_COLLISION,MVIW,PED_ACTION,ROAD_SURFACE,ROAD_COND_1,ROAD_COND_2,LIGHTING,CONTROL_DEVICE,CHP_ROAD_TYPE,PEDESTRIAN_ACCIDENT,BICYCLE_ACCIDENT,MOTORCYCLE_ACCIDENT,TRUCK_ACCIDENT,NOT_PRIVATE_PROPERTY,ALCOHOL_INVOLVED,STWD_VEHTYPE_AT_FAULT,CHP_VEHTYPE_AT_FAULT,COUNT_SEVERE_INJ,COUNT_VISIBLE_INJ,COUNT_COMPLAINT_PAIN,COUNT_PED_KILLED,COUNT_PED_INJURED,COUNT_BICYCLIST_KILLED,COUNT_BICYCLIST_INJURED,COUNT_MC_KILLED,COUNT_MC_INJURED,PRIMARY_RAMP,SECONDARY_RAMP,LATITUDE,LONGITUDE,COUNTY,CITY,POINT_X,POINT_Y
92133038,2023,2023-08-01,9220,2023-07-19,1710,017863,,3,2,5,3105,0,1,1,,2,281,"I-80 E/B","SR-65 OVERCROSSING",100.00,W,N,A,-,Y,PLA,,80," "," ",4.131,H,,R,N,3,0,1,2,A,-,03,22350,,N,C,C,A,A,H,-,A,D,0,,,,,Y,,A,01,0,1,0,0,0,0,0,0,0,"- ","- ",38.76953125,-121.24903869628906,PLACER,ROSEVILLE,-121.24908447265625,38.769569396972656
92133530,2023,2023-08-01,9220,2023-07-26,1105,017306,,3,1,5,3105,0,1,3,,1,265,"SR-65 N/B","PLEASANT GROVE BLVD.",1584.00,S,N,A,-,Y,PLA,,65," ",R,6.795,H,,R,Y,4,0,2,3,A,-,03,22350,,N,C,C,A,A,H,-,A,D,0,,,,,Y,,D,22,0,0,2,0,0,0,0,0,0,"- ","- ",38.784278869628906,-121.27926635742188,PLACER,ROSEVILLE,-121.27928924560547,38.784255981445312
92134466,2023,2023-08-02,9220,2023-07-29,1215,017375,,6,1,9,3100,0,1,3,,1,249,"SR-49 (GRASS VALLEY HIGHWAY","HOLLOW VISTA WAY",155.00,S,N,A,-,Y,PLA,,49," "," ",4.850,H,,R,Y,4,0,1,2,A,-,09,21801,A,N,D,C,A,A,H,-,A,D,0,,,,,Y,,A,01,0,0,1,0,0,0,0,0,0,"- ","- ",38.922771453857422,-121.08331298828125,PLACER,UNINCORPORATED,-121.08319091796875,38.922805786132812
92141155,2023,2023-08-10,9222,2023-08-07,1220,018056,,1,1,9,3100,0,1,3,,1,011,"STATE ROUTE 89 SOUTH","ELLIS ROAD",0.00,,Y,A,-,Y,PLA,,89," "," ",1.402,H,,R,Y,3,0,1,2,A,-,03,22350,,N,C,C,A,A,H,-,A,D,0,,,,Y,Y,,D,22,0,1,0,0,0,0,0,0,0,"- ","- ",39.075180053710938,-120.1507568359375,PLACER,UNINCORPORATED,-120.15077972412109,39.075160980224609
92161461,2023,2023-09-04,9221,2023-08-27,1215,019869,,7,1,9,3100,0,1,1,,2,384,"INTERSTATE 80 WESTBOUND","BLUE CANYON ROAD",9504.00,W,N,A,-,Y,PLA,,80," "," ",51.410,H,,L,Y,4,0,2,3,A,-,03,22350,,N,C,C,A,A,H,-,A,D,0,,,,,Y,,A,07,0,0,2,0,0,0,0,0,0,"- ","- ",39.26483154296875,-120.72830963134766,PLACER,UNINCORPORATED,-120.72831726074219,39.26483154296875
92166500,2023,2023-09-11,9220,2023-09-03,"15  ",020990,,7,3,9,3100,0,2,4,,2,056,"NEW AIRPORT ROAD","BELL ROAD",0.00,,Y,A,-,N,,,,,,,,,,N,3,0,1,1,A,-,08,22107,,N,E,I,A,A,H,-,C,D,0,,,,,Y,,A,01,0,1,0,0,0,0,0,0,0,"- ","- ",38.942089080810547,-121.07913208007812,PLACER,UNINCORPORATED,-121.07928466796875,38.942226409912109
92172014,2023,2023-09-18,9220,2023-09-03,2200,019621,,7,3,9,3100,0,2,4,,2,022,"DOUGLAS BLVD E/B","SIERRA COLLEGE BLVD",0.00,,Y,A,-,N,,,,,,,,,,Y,2,0,1,2,A,-,00,21461,,N,G,B,B,A,H,-,C,A,0,Y,,,,Y,,N,60,1,0,0,0,1,0,0,0,0,"- ","- ",38.743770599365234,-121.22602081298828,PLACER,UNINCORPORATED,-121.22621917724609,38.743938446044922
92174760,2023,2023-09-20,9220,2023-09-13,2220,020990,,3,3,9,3100,0,3,5,,2,040,"MCCOURTNEY ROAD","WISE ROAD",3168.00,N,N,A,-,N,,,,,,,,,,N,3,0,1,2,A,-,01,23152,F,N,A,C,A,A,H,-,D,D,0,,,,,Y,,A,01,0,1,0,0,0,0,0,0,0,"- ","- ",38.935451507568359,-121.27438354492188,PLACER,UNINCORPORATED,-121.27443695068359,38.935230255126953
92192471,2023,2023-10-05,9220,2023-09-28,1540,017027,,4,2,9,3100,0,1,1,,2,283,"I-80 W/B FROM AUBURN RAVINE ROAD","AUBURN RAVINE ROAD OVERCROSSING",416.00,W,N,A,-,Y,PLA,,80," ",R,19.380,H,,L,Y,3,0,1,1,A,-,08,22107,,N,E,I,A,A,H,-,A,D,0,,,,,Y,,A,01,0,1,0,0,0,0,0,0,0,"- ","- ",38.922409057617188,-121.05834197998047,PLACER,UNINCORPORATED,-121.05816650390625,38.922351837158203
9219392,2021,2021-03-18,3103,2021-01-09,2137,JMORR,L5,6,5,2,3103,0,0,0,,0,0L3,"LINCOLN BL","GATEWAY DR",0.00,,Y,A,-,N,,,,,,,,,,Y,3,0,2,2,A,-,01,23153,A,N,F,C,A,A,H,-,C,A,0,,,,,Y,Y,A,01,0,2,0,0,0,0,0,0,0,"- ","- ",38.884380340576172,-121.29344177246094,PLACER,LINCOLN,-121.29347991943359,38.8843994140625
92195656,2023,2023-10-10,9220,2023-09-28,1822,019133,,4,2,5,3105,0,1,3,,1,265,"SR-65 S/B","GALLERIA BLVD",2324.00,S,N,A,-,Y,PLA,,65," ",R,5.466,H,,L,N,4,0,1,1,A,-,08,22107,,N,E,I,A,A,H,-,A,D,0,,,,,Y,,A,01,0,0,1,0,0,0,0,0,0,"- ","- ",38.773830413818359,-121.25843048095703,PLACER,ROSEVILLE,-121.25840759277344,38.773880004882812
9220025,2021,2021-03-17,3105,2021-01-09,2150,1137,,6,5,5,3105,0,0,0,,0,006,"BASELINE RD","WOODCREEK OAKS BL",0.00,,Y,A,-,N,,,,,,,,,,Y,3,0,3,2,A,-,12,21453,A,N,D,C,A,A,H,-,C,A,0,,,,,Y,,A,07,0,1,2,0,0,0,0,0,0,"- ","- ",38.751850128173828,-121.33702087402344,PLACER,ROSEVILLE,-121.33724212646484,38.751865386962891
92207486,2023,2023-10-24,9220,2023-10-06,"420 ",016657,,5,3,9,3100,0,1,1,,2,282,"I-80 E/B","WERNER RD",190.00,W,N,A,-,Y,PLA,,80," "," ",15.490,H,,R,Y,3,0,1,1,A,-,01,23152,A,N,E,8,A,A,H,-,C,D,0,,,,,Y,Y,A,01,0,1,0,0,0,0,0,0,0,"- ","- ",38.882369995117188,-121.10487365722656,PLACER,UNINCORPORATED,-121.10492706298828,38.882442474365234
92226651,2023,2023-11-02,9220,2023-10-22,1555,021719,,7,2,5,3105,0,1,3,,1,265,"SR-65 S/B FROM BLUE OAKS BLVD.","BLUE OAKS BLVD",700.00,S,N,B,-,Y,PLA,,65," ",R,7.924,H,,L,N,3,0,2,2,A,-,03,22350,,N,C,C,A,B,H,-,A,A,0,,,,,Y,,A,07,0,1,1,0,0,0,0,0,0,"- ","- ",38.793758392333984,-121.29627227783203,PLACER,ROSEVILLE,-121.29606628417969,38.793876647949219
92227658,2023,2023-11-03,9220,2023-10-24,1140,015961,,2,1,5,3105,0,1,1,,2,281,"I-80 WB FROM DOUGLAS BLVD WB","DOUGLAS BLVD O/C",10.00,E,N,B,-,Y,PLA,,80," "," ",1.960,H,,L,N,4,0,1,2,A,-,03,22350,,N,C,C,A,A,D,-,A,D,0,,,,,Y,,A,01,0,0,1,0,0,0,0,0,0,"- ","- ",38.743938446044922,-121.27113342285156,PLACER,ROSEVILLE,-121.27098846435547,38.743885040283203
92231498,2023,2023-11-08,9220,2023-11-02,1330,020096,,4,1,9,3100,0,3,5,,2,010,"E. CATLETT ROAD","S. BREWER ROAD",2429.00,W,N,A,-,N,,,,,,,,,,Y,4,0,1,1,A,-,03,22350,,N,F,A,A,A,H,-,A,D,0,,,,,Y,,A,01,0,0,1,0,0,0,0,0,0,"- ","- ",38.846149444580078,-121.46006774902344,PLACER,UNINCORPORATED,-121.46006774902344,38.846054077148438
92232509,2023,2023-11-09,9221,2023-11-06,"948 ",018530,,1,1,9,3100,0,1,1,,2,388,"EASTBOUND I80","HAMPSHIRE ROCKS RD",1056.00,E,N,C,-,Y,PLA,,80," ",R,66.842,H,,L,Y,3,0,1,2,A,-,03,22350,,N,C,C,A,B,H,-,A,D,0,,,,Y,Y,,G,25,0,1,0,0,0,0,0,0,0,"- ","- ",39.311939239501953,-120.48964691162109,PLACER,UNINCORPORATED,-120.48966217041016,39.311988830566406
92237901,2023,2023-11-16,9220,2023-11-02,"941 ",015272,,4,1,5,3105,0,1,1,,2,281,"I-80 W/B","DOUGLAS BLVD",360.00,E,N,A,-,Y,PLA,,80," "," ",2.050,H,,L,Y,4,0,1,2,A,-,03,22350,,N,C,C,A,A,D,-,A,D,0,,,,,Y,,A,01,0,0,1,0,0,0,0,0,0,"- ","- ",38.745048522949219,-121.27021789550781,PLACER,ROSEVILLE,-121.27022552490234,38.745052337646484
92242055,2023,2023-11-21,9220,2023-11-13,"756 ",015917,,1,1,5,3105,0,1,3,,1,265,"SR-65 N/B","GALLERIA BLVD",1162.00,N,N,A,-,Y,PLA,,65," ",R,6.165,H,,R,Y,4,0,1,2,A,-,03,22350,,N,C,C,A,A,H,-,A,D,0,,,,,Y,,A,08,0,0,1,0,0,0,0,0,0,"- ","- ",38.779388427734375,-121.26949310302734,PLACER,ROSEVILLE,-121.26950073242188,38.779380798339844
92251689,2023,2023-12-04,9221,2023-12-01,1200,020567,,5,1,9,3100,0,1,1,,2,386,"I-80 W/B","DRUM FOREBAY RD",800.00,E,N,B,-,Y,PLA,,80," "," ",49.155,H,,L,Y,3,0,1,1,A,-,08,22107,,N,E,I,A,A,H,-,A,D,0,,,,,Y,,A,01,0,1,0,0,0,0,0,0,0,"- ","- ",39.239479064941406,-120.75273132324219,PLACER,UNINCORPORATED,-120.75254058837891,39.239479064941406
92263464,2023,2023-12-15,9220,2023-12-12,1727,017027,,2,2,9,3100,0,1,3,,1,249,"SR-49 (GRASS VALLEY HIGHWAY)","HULBERT WAY",350.00,N,N,A,-,Y,PLA,,49," "," ",5.496,H,,R,Y,4,0,1,2,A,-,07,21658,A,N,C,C,A,A,H,-,D,D,0,,,,,Y,,A,01,0,0,1,0,0,0,0,0,0,"- ","- ",38.930690765380859,-121.08934783935547,PLACER,UNINCORPORATED,-121.08930206298828,38.930713653564453
92270846,2023,2023-12-26,9220,2023-12-14,1830,022082,,4,2,5,3105,0,1,1,,2,281,"I-80 E/B","ROSEVILLE PKWY",65.00,W,N,A,-,Y,PLA,,80," "," ",3.453,H,,R,Y,4,0,2,2,A,-,03,22350,,M,C,C,A,A,H,-,C,D,0,,,,,Y,,-,99,0,0,2,0,0,0,0,0,0,"- ","- ",38.763019561767578,-121.258056640625,PLACER,ROSEVILLE,-121.25818634033203,38.763072967529297
92270893,2023,2023-12-26,9220,2023-12-15,1600,022556,,5,2,5,3105,0,1,1,,2,281,"I-80 W/B","TAYLOR ROAD OVERCROSSING",653.00,E,N,A,-,Y,PLA,,80," "," ",3.795,H,,L,N,4,0,2,2,A,-,03,22350,,N,C,C,A,A,H,-,A,D,0,,,,,Y,,A,07,0,0,2,0,0,0,0,0,0,"- ","- ",38.766738891601562,-121.25396728515625,PLACER,ROSEVILLE,-121.25397491455078,38.766742706298828
92284915,2023,2024-01-11,9221,2023-12-17,1126,019869,,7,1,9,3100,0,1,1,,2,384,"INTERSTATE 80 WESTBOUND","GOLD RUN ROAD OVER CROSSING",30.00,W,N,B,-,Y,PLA,,80," "," ",41.060,H,,L,Y,2,0,5,2,A,-,03,22350,,N,C,C,A,A,H,-,A,D,0,,,,,Y,,D,22,3,1,1,0,0,0,0,0,0,"- ","- ",39.172710418701172,-120.86277770996094,PLACER,UNINCORPORATED,-120.86277770996094,39.172714233398438
92286959,2023,2024-01-15,9220,2023-12-28,1730,022556,,4,2,5,3105,0,1,1,,2,281,"I-80 E/B","SR-65 OVERCROSSING",886.00,W,N,A,-,Y,PLA,,80," "," ",3.980,H,,R,N,4,0,2,4,A,-,03,22350,,N,C,2,A,A,H,-,B,D,0,,,,,Y,,A,07,0,0,2,0,0,0,0,0,0,"- ","- ",38.768169403076172,-121.25122833251953,PLACER,ROSEVILLE,-121.25126647949219,38.768203735351562
9233683,2021,2021-04-12,3101,2021-02-10,1200,A741,AU04,3,5,3,3101,0,0,0,,0,0A2,"MAIDU DR","AUBURN FOLSOM RD",10.00,S,N,A,-,N,,,,,,,,,,N,3,0,1,2,A,-,03,22350,,N,C,C,A,A,H,-,A,A,0,,,,,Y,,-,,0,1,0,0,0,0,0,0,0,"- ","- ",38.879100799560547,-121.07940673828125,PLACER,AUBURN,-121.08103942871094,38.876350402832031
92351657,2024,2024-04-01,9220,2024-03-15,1950,021442,,5,2,9,3100,0,2,4,,2,015,"INDUSTRIAL AVE","LON MCANALLY LOOP",15.00,S,N,A,-,N,,,,,,,,,,Y,3,0,3,3,A,-,03,22350,,N,C,C,A,A,H,-,C,A,0,,,,,Y,,D,22,0,2,1,0,0,0,0,0,0,"- ","- ",38.826118469238281,-121.30709075927734,PLACER,UNINCORPORATED,,
92376160,2024,2024-04-26,9221,2024-04-17,1455,017979,,3,2,9,3100,0,1,1,,2,384,"I-80 W/B","SECRET TOWN RD. O/C",6864.00,E,N,A,-,Y,PLA,,80," "," ",39.605,H,,L,Y,3,0,1,3,A,-,08,22107,,N,B,C,A,A,H,-,A,D,0,,,,Y,Y,,-,"- ",0,1,0,0,0,0,0,0,0,"- ","- ",39.158760070800781,-120.87779998779297,PLACER,UNINCORPORATED,-120.87784576416016,39.158817291259766
9238497,2021,2021-04-16,3105,2021-03-01,1821,143,,1,5,5,3105,0,0,0,,0,006,"PLEASANT GROVE BL","FOOTHILLS BL",200.00,E,N,A,-,N,,,,,,,,,,N,4,0,2,2,A,-,03,22350,,N,C,C,A,A,H,-,C,A,0,,,,,Y,,A,01,0,0,2,0,0,0,0,0,0,"- ","- ",38.772609710693359,-121.31285858154297,PLACER,ROSEVILLE,-121.31217956542969,38.772449493408203
92387682,2024,2024-05-13,9220,2024-04-29,2200,022637,,1,3,9,3100,0,2,4,,1,014,"WALERGA ROAD","PFE ROAD",0.00,,Y,A,-,N,,,,,,,,,,N,4,0,1,2,A,-,12,21453,A,N,A,C,A,A,H,-,C,A,0,,,,,Y,,A,01,0,0,1,0,0,0,0,0,0,"- ","- ",38.728801727294922,-121.36466217041016,PLACER,UNINCORPORATED,-121.36463928222656,38.728809356689453
92391756,2024,2024-05-16,9222,2024-05-09,1450,021167,,4,2,9,3100,0,1,3,,1,015,SR-28,"NATIONAL AVE",375.00,E,N,A,-,Y,PLA,,28," "," ",8.380,H,,R,Y,4,0,1,1,A,-,08,22107,,N,E,8,A,A,H,-,A,D,0,,,,,Y,,A,07,0,0,1,0,0,0,0,0,0,"- ","- ",39.239429473876953,-120.04752349853516,PLACER,UNINCORPORATED,-120.04752349853516,39.239551544189453
92392823,2024,2024-05-17,9220,2024-05-15,"259 ",022637,,3,3,9,3100,0,2,4,,1,013,"WALERGA ROAD","PFE ROAD",960.00,N,N,A,-,N,,,,,,,,,,Y,3,0,1,1,A,-,08,22107,,N,E,I,A,A,H,-,C,D,0,,,,,Y,,A,01,0,1,0,0,0,0,0,0,0,"- ","- ",38.731540679931641,-121.36461639404297,PLACER,UNINCORPORATED,-121.36466217041016,38.7314453125
92394006,2024,2024-05-20,9220,2024-05-03,"930 ",021442,,5,1,5,3105,0,1,1,,2,281,"I-80 E/B","DOUGLAS BLVD",2851.00,W,N,A,-,Y,PLA,,80," "," ",1.408,H,,R,Y,2,0,1,2,A,-,08,22107,,F,B,2,A,A,H,-,A,D,0,,,,,Y,,-,99,1,0,0,0,0,0,0,0,0,"- ","- ",38.737220764160156,-121.27651977539062,PLACER,ROSEVILLE,-121.27656555175781,38.737247467041016
9240135,2021,2021-04-23,3105,2021-03-12,1716,1123,,5,5,5,3105,0,0,0,,0,003,"DOUGLAS BL","HARDING BL",985.00,E,N,A,-,Y,PLA,3,80,-,-,2.009,R,4,W,Y,4,0,1,2,A,-,01,23152,A,N,C,C,A,A,H,-,A,A,0,,,,,Y,Y,A,01,0,0,1,0,0,0,0,0,0,"- ","- ",,,PLACER,ROSEVILLE,-121.27056121826172,38.744533538818359
92403425,2024,2024-05-31,9220,2024-05-22,"715 ",018526,,3,1,9,3100,0,1,1,,2,283,"I-80 E/B","AUBURN RAVINE RD",10.00,E,N,A,-,Y,PLA,,80," ",R,19.463,H,,R,Y,4,0,1,1,A,-,08,22107,,N,E,I,A,A,H,-,A,D,0,,,,,Y,,A,07,0,0,1,0,0,0,0,0,0,"- ","- ",38.923419952392578,-121.05719757080078,PLACER,UNINCORPORATED,-121.05731201171875,38.923450469970703
92407001,2024,2024-06-05,9220,2024-05-29,"535 ",019560,,3,3,9,3100,0,3,5,,2,020,"OLIVE RANCH ROAD","PHEASANT CALL PLACE",50.00,W,N,A,-,N,,,,,,,,,,Y,3,0,1,1,A,-,08,22107,,N,E,8,A,A,H,-,A,D,0,,,,,Y,,A,01,0,1,0,0,0,0,0,0,0,"- ","- ",38.752330780029297,-121.19506072998047,PLACER,UNINCORPORATED,-121.19515228271484,38.752281188964844
92407636,2024,2024-06-06,9220,2024-05-27,1215,021255,,1,1,9,3100,0,2,4,,2,024,"EUREKA ROAD","BARTON ROAD",0.00,,Y,A,-,N,,,,,,,,,,N,4,0,1,2,A,-,12,22450,A,F,D,C,A,A,H,-,A,A,0,,,,,Y,,A,01,0,0,1,0,0,0,0,0,0,"- ","- ",38.736251831054688,-121.18897247314453,PLACER,UNINCORPORATED,-121.18898010253906,38.736232757568359
92410650,2024,2024-06-10,9221,2024-05-31,1140,022146,,5,1,9,3100,0,1,1,,2,384,"I-80 E/B","MAGRA RD. OVERCROSSING",1320.00,W,N,A,-,Y,PLA,,80," "," ",37.582,H,,R,Y,4,0,1,1,C,-,18,,,N,E,I,A,A,H,-,A,D,0,,,,,Y,,-,"- ",0,0,1,0,0,0,0,0,0,"- ","- ",39.145828247070312,-120.91103363037109,PLACER,UNINCORPORATED,-120.91105651855469,39.145854949951172
92410719,2024,2024-06-10,9220,2024-06-01,1750,018382,,6,2,9,3100,0,3,5,,2,040,"QUARTZ DR","SAPPHIRE DR",130.00,W,N,A,-,N,,,,,,,,,,N,4,0,1,2,A,-,09,21804,A,N,D,C,A,A,H,-,A,D,0,,Y,,,Y,,L,04,0,0,1,0,0,0,1,0,0,"- ","- ",38.947231292724609,-121.10233306884766,PLACER,UNINCORPORATED,-121.10220336914062,38.947235107421875
92420283,2024,2024-06-21,9220,2024-06-06,1150,020465,,4,1,5,3105,0,1,1,,2,281,"I-80 W/B FROM SUNRISE AVENUE","DOUGLAS BLVD",700.00,N,N,A,-,Y,PLA,,80," "," ",2.141,H,,R,N,4,0,1,2,A,-,03,22350,,N,C,C,A,A,H,-,A,D,0,,,,,Y,,D,22,0,0,1,0,0,0,0,0,0,"- ","- ",38.746109008789062,-121.26896667480469,PLACER,ROSEVILLE,-121.26924133300781,38.746219635009766
92420416,2024,2024-06-21,9221,2024-06-16,"456 ",019565,,7,3,9,3100,0,1,1,,2,388,"I-80 W/B","HAMPSHIRE ROCKS RD",1050.00,E,N,A,-,Y,PLA,,80," ",R,64.457,H,,L,Y,3,0,1,1,A,-,08,22107,,N,E,I,A,A,H,-,D,D,0,,,,Y,Y,,G,25,0,1,0,0,0,0,0,0,0,"- ","- ",39.306598663330078,-120.52858734130859,PLACER,UNINCORPORATED,-120.52857971191406,39.306484222412109
92422002,2024,2024-06-24,9220,2024-06-10,"944 ",022637,,1,1,5,3105,0,1,1,,2,281,"I-80 W/B","ROSEVILLE PARKWAY",250.00,W,N,A,-,Y,PLA,,80," "," ",3.373,H,,L,Y,3,0,1,2,A,-,07,21658,A,N,B,2,A,A,H,-,A,D,0,,,Y,,Y,,A,07,0,1,0,0,0,0,0,0,1,"- ","- ",38.762168884277344,-121.25916290283203,PLACER,ROSEVILLE,-121.25913238525391,38.762157440185547
92424964,2024,2024-06-27,9220,2024-06-18,1025,022637,,2,1,9,3100,0,2,4,,2,021,"SIERRA COLLEGE BLVD.","DOUGLAS BLVD.",238.00,N,N,A,-,N,,,,,,,,,,Y,4,0,1,2,A,-,09,21804,A,N,D,C,A,A,H,-,A,D,0,,,,,Y,,A,01,0,0,1,0,0,0,0,0,0,"- ","- ",38.74468994140625,-121.22622680664062,PLACER,UNINCORPORATED,-121.22625732421875,38.744594573974609
92434196,2024,2024-07-09,9221,2024-07-06,"634 ",018579,,6,1,9,3100,0,1,1,,2,388,"I-80 E/B",KINGVALE,594.00,W,N,A,-,Y,PLA,,80," "," ",69.119,H,,R,N,4,0,1,2,A,-,03,22350,,N,C,C,A,A,D,-,A,A,0,,,,,Y,,A,07,0,0,1,0,0,0,0,0,0,"- ","- ",39.313770294189453,-120.44766998291016,PLACER,UNINCORPORATED,-120.44766998291016,39.313758850097656
92442869,2024,2024-07-18,9222,2024-07-06,1640,017907,,6,2,9,3100,0,3,5,,2,010,"FABIAN WAY","SR-28 (NORTH LAKE BOULEVARD)",150.00,N,N,A,-,N,,,,,,,,,,N,2,0,1,1,A,-,08,22107,,N,E,J,A,A,H,-,A,D,0,,Y,,,Y,,M,91,1,0,0,0,0,0,1,0,0,"- ","- ",39.191600799560547,-120.10659790039062,PLACER,UNINCORPORATED,-120.10646820068359,39.191509246826172
9245565,2021,2021-04-07,3105,2021-03-05,2312,1148,,5,5,5,3105,0,0,0,,0,005,"BLUE OAKS BL","RT 65 N",0.00,,Y,A,-,Y,PLA,3,65,-,M,8.011,R,4,N,Y,4,0,2,2,A,-,03,22350,,N,C,C,A,A,H,-,C,A,0,,,,,Y,,A,01,0,0,2,0,0,0,0,0,0,"- ","- ",38.795291900634766,-121.30029296875,PLACER,ROSEVILLE,-121.29669189453125,38.794918060302734
9250355,2021,2021-04-30,3105,2021-04-01,2100,1130,,4,5,5,3105,0,0,0,,0,002,"DOUGLAS BL","ROCKY RIDGE DR",0.00,,Y,A,-,N,,,,,,,,,,Y,4,0,1,2,A,-,12,21457,A,N,D,C,A,A,A,-,C,A,0,,,,,Y,,A,01,0,0,1,0,0,0,0,0,0,"- ","- ",38.743888854980469,-121.25340270996094,PLACER,ROSEVILLE,-121.25302124023438,38.744163513183594
9250968,2021,2021-05-06,3105,2021-04-20,1340,3034,,2,5,5,3105,0,0,0,,0,005,"TREHOWELL DR","AVILA DR",347.00,W,N,A,-,N,,,,,,,,,,Y,4,0,1,3,A,-,09,21801,A,N,E,C,A,A,H,-,A,A,0,,,,,Y,,A,08,0,0,1,0,0,0,0,0,0,"- ","- ",38.775539398193359,-121.28309631347656,PLACER,ROSEVILLE,-121.28271484375,38.775997161865234
9254970,2021,2021-05-05,3105,2021-04-19,2500,1138,,1,5,5,3105,0,0,0,,0,004,"SIERRA BL","LINCOLN ST",0.00,,Y,A,-,N,,,,,,,,,,Y,3,0,1,1,A,-,03,22350,,N,F,I,A,A,H,-,C,D,0,,,,,Y,,D,22,0,1,0,0,0,0,0,0,0,"- ","- ",38.754299163818359,-121.28472900390625,PLACER,ROSEVILLE,-121.28527069091797,38.753227233886719
9254986,2021,2021-05-05,3105,2021-04-21,1041,1135,,3,5,5,3105,0,0,0,,0,006,"WOODCREEK OAKS BL","PLEASANT GROVE BL",0.00,,Y,A,-,N,,,,,,,,,,Y,4,0,2,2,A,-,12,21453,A,N,D,C,A,A,H,-,A,A,0,,,,,Y,,D,22,0,0,2,0,0,0,0,0,0,"- ","- ",38.768741607666016,-121.33003234863281,PLACER,ROSEVILLE,-121.33007049560547,38.768562316894531
9260021,2021,2021-05-20,3105,2021-05-02,2219,1138,,7,5,5,3105,0,0,0,,0,005,"HIGHLAND POINTE DR","PLEASANT GROVE BL",0.00,,Y,A,-,N,,,,,,,,,,Y,3,0,2,2,A,-,09,21453,C,N,D,C,A,A,H,-,-,A,0,,,,,Y,,A,01,0,1,1,0,0,0,0,0,0,"- ","- ",38.783298492431641,-121.28671264648438,PLACER,ROSEVILLE,-121.2867431640625,38.783275604248047
9262894,2021,2021-05-13,3104,2021-04-24,2231,301,22,6,5,4,3104,0,0,0,,0,003,"WHITNEY RANCH PKWY","STERLING DR",270.00,W,N,A,-,N,,,,,,,,,,Y,3,0,2,1,A,-,03,22350,,N,E,I,A,A,H,-,C,D,0,,,,,Y,,A,01,0,2,0,0,0,0,0,0,0,"- ","- ",38.838539123535156,-121.24514770507812,PLACER,ROCKLIN,-121.24422454833984,38.839126586914062
9269220,2021,2021-05-27,3101,2021-05-14,1600,A711,AU13,5,5,3,3101,0,0,0,,0,0A2,"LINCOLN WY","EL DORADO  ST",0.00,,Y,A,-,N,,,,,,,,,,N,4,0,1,2,A,-,00,20002,A,M,H,E,A,A,G,-,A,D,0,,,,,Y,,-,,0,0,1,0,0,0,0,0,0,"- ","- ",38.915569305419922,-121.06099700927734,PLACER,AUBURN,-121.06645965576172,38.903812408447266
9286459,2021,2021-07-21,3103,2021-06-06,0216,AVIRG,L4,7,5,2,3103,0,0,0,,0,0L2,"MOORE RD","SORRENTO PKWY",0.00,,N,A,-,N,,,,,,,,,,Y,3,0,1,1,A,-,03,22350,,N,E,I,A,A,H,-,D,D,0,,,Y,,Y,,C,02,0,1,0,0,0,0,0,0,1,"- ","- ",38.873710632324219,-121.32215881347656,PLACER,LINCOLN,-121.32144927978516,38.873710632324219