CASE_ID,ACCIDENT_YEAR,PROC_DATE,JURIS,COLLISION_DATE,COLLISION_TIME,OFFICER_ID,REPORTING_DISTRICT,DAY_OF_WEEK,CHP_SHIFT,POPULATION,CNTY_CITY_LOC,SPECIAL_COND,BEAT_TYPE,CHP_BEAT_TYPE,CITY_DIVISION_LAPD,CHP_BEAT_CLASS,BEAT_NUMBER,PRIMARY_RD,SECONDARY_RD,DISTANCE,DIRECTION,INTERSECTION,WEATHER_1,WEATHER_2,STATE_HWY_IND,CALTRANS_COUNTY,CALTRANS_DISTRICT,STATE_ROUTE,ROUTE_SUFFIX,POSTMILE_PREFIX,POSTMILE,LOCATION_TYPE,RAMP_INTERSECTION,SIDE_OF_HWY,TOW_AWAY,COLLISION_SEVERITY,NUMBER_KILLED,NUMBER_INJURED,PARTY_COUNT,PRIMARY_COLL_FACTOR,PCF_CODE_OF_VIOL,PCF_VIOL_CATEGORY,PCF_VIOLATION,PCF_VIOL_SUBSECTION,HIT_AND_RUN,TYPE_OF_COLLISION,MVIW,PED_ACTION,ROAD_SURFACE,ROAD_COND_1,ROAD_COND_2,LIGHTING,CONTROL_DEVICE,CHP_ROAD_TYPE,PEDESTRIAN_ACCIDENT,BICYCLE_ACCIDENT,MOTORCYCLE_ACCIDENT,TRUCK_ACCIDENT,NOT_PRIVATE_PROPERTY,ALCOHOL_INVOLVED,STWD_VEHTYPE_AT_FAULT,CHP_VEHTYPE_AT_FAULT,COUNT_SEVERE_INJ,COUNT_VISIBLE_INJ,COUNT_COMPLAINT_PAIN,COUNT_PED_KILLED,COUNT_PED_INJURED,COUNT_BICYCLIST_KILLED,COUNT_BICYCLIST_INJURED,COUNT_MC_KILLED,COUNT_MC_INJURED,PRIMARY_RAMP,SECONDARY_RAMP,LATITUDE,LONGITUDE,COUNTY,CITY,POINT_X,POINT_Y
92877255,2024,2024-07-29,9220,2024-07-21,"955 ",018526,,7,1,9,3100,0,2,4,,2,056,"BELL RD","HAINES RD",0.00,,Y,A,-,N,,,,,,,,,,N,4,0,2,3,A,-,17,23114,A,N,C,C,A,A,B,-,A,A,0,,,,,Y,,D,22,0,0,2,0,0,0,0,0,0,"- ","- ",38.947090148925781,-121.04872131347656,PLACER,UNINCORPORATED,-121.04881286621094,38.947105407714844
92877355,2024,2024-07-29,9221,2024-07-21,1155,017881,,7,1,9,3100,0,1,1,,2,388,"I-80 W/B","DONNER PASS RD",50.00,W,N,A,-,Y,PLA,,80," ",R,66.334,H,,L,Y,4,0,4,2,C,-,18,,,N,B,2,A,A,H,-,A,D,0,,,,,Y,,-,"- ",0,0,4,0,0,0,0,0,0,"- ","- ",39.311988830566406,-120.49916839599609,PLACER,UNINCORPORATED,-120.49916839599609,39.312007904052734
9295286,2021,2021-09-28,3105,2021-07-07,1908,1148,,3,5,5,3105,0,0,0,,0,006,"HILMERTON CIR","AYLESBURY WY",0.00,,-,A,-,N,,,,,,,,,,Y,4,0,1,2,A,-,09,21801,A,N,D,C,A,A,H,-,B,D,0,,,,,Y,,A,01,0,0,1,0,0,0,0,0,0,"- ","- ",38.761699676513672,-121.3411865234375,PLACER,ROSEVILLE,-121.34119415283203,38.761703491210938
9295428,2021,2021-07-28,3105,2021-06-24,1214,1159,,4,5,5,3105,0,0,0,,0,003,"SUNRISE AV","MADDEN LN",45.00,S,N,A,-,N,,,,,,,,,,N,4,0,1,2,A,-,08,22107,,N,B,C,A,A,H,-,A,A,0,,,,,Y,,A,01,0,0,1,0,0,0,0,0,0,"- ","- ",38.731319427490234,-121.27288818359375,PLACER,ROSEVILLE,-121.27205657958984,38.731616973876953
9302775,2021,2021-08-27,3105,2021-05-03,1303,1140,,1,5,5,3105,0,0,0,,0,006,"FOOTHILLS BL","FOOTHILLS BL 5121",0.00,,-,A,-,N,,,,,,,,,,N,4,0,1,2,-,-,"- ",,,N,G,G,A,A,H,-,A,A,0,,Y,,,Y,,-,"- ",0,0,1,0,0,0,1,0,0,"- ","- ",38.759128570556641,-121.31002044677734,PLACER,ROSEVILLE,-123.26078033447266,39.795192718505859
9303748,2021,2021-08-27,3104,2021-07-27,1833,268,43,2,5,4,3104,0,0,0,,0,001,"GRANITE DR","SIERRA MEADOWS DR",0.00,,Y,A,-,N,,,,,,,,,,Y,3,0,2,2,A,-,00,22453,,N,D,C,A,A,H,-,A,A,0,,,,,Y,,A,01,0,1,1,0,0,0,0,0,0,"- ","- ",38.806549072265625,-121.20555114746094,PLACER,ROCKLIN,-121.22232055664062,38.791458129882812
9319417,2021,2021-09-10,3104,2021-07-27,1426,236,42,2,5,4,3104,0,0,0,,0,001,"SIERRA COLLEGE BL","SCHRIBER WY",15.00,S,N,A,-,N,,,,,,,,,,N,4,0,2,2,A,-,03,22350,,N,C,C,A,A,H,-,A,A,0,,,,,Y,,A,01,0,0,2,0,0,0,0,0,0,"- ","- ",38.800521850585938,-121.20538330078125,PLACER,ROCKLIN,-121.20552062988281,38.799400329589844
9322156,2021,2021-10-18,3105,2021-09-08,0938,1165,,3,5,5,3105,0,0,0,,0,004,"JUNCTION BL","PORTER DR",0.00,,Y,A,-,N,,,,,,,,,,Y,3,0,2,3,A,-,17,21461,A,N,D,C,A,A,H,-,A,A,0,,,,,Y,,A,01,0,1,1,0,0,0,0,0,0,"- ","- ",38.759170532226562,-121.30290222167969,PLACER,ROSEVILLE,-121.30297088623047,38.759193420410156
9346652,2021,2021-12-13,3105,2021-10-06,1113,137,,3,5,5,3105,0,0,0,,0,006,"BASELINE RD","WOODCREEK OAKS BL",0.00,,Y,A,-,N,,,,,,,,,,Y,3,0,3,2,A,-,12,21453,A,N,D,C,A,A,H,-,A,A,0,,,,,Y,,A,01,0,2,1,0,0,0,0,0,0,"- ","- ",38.751850128173828,-121.33702087402344,PLACER,ROSEVILLE,-121.33724212646484,38.751865386962891
9369868,2021,2021-12-28,3105,2021-11-01,1412,1117,,1,5,5,3105,0,0,0,,0,005,"ROSEVILLE PKWY","PLEASANT GROVE BL",75.00,E,N,C,-,N,,,,,,,,,,N,4,0,1,2,A,-,03,22350,,N,C,C,A,B,H,-,A,D,0,,,,,Y,,A,08,0,0,1,0,0,0,0,0,0,"- ","- ",38.778190612792969,-121.28810119628906,PLACER,ROSEVILLE,-121.28805541992188,38.778144836425781
9379658,2022,2022-01-25,3105,2022-01-17,0540,1155,,1,5,5,3105,0,0,0,,0,004,"UNION ST","FOOTHILLS BL",0.00,,Y,A,-,N,,,,,,,,,,Y,2,0,2,2,A,-,11,21955,,N,G,B,D,A,H,-,C,D,0,Y,,Y,,Y,Y,N,60,1,0,1,0,1,0,0,0,1,"- ","- ",38.745780944824219,-121.30922698974609,PLACER,ROSEVILLE,-121.30923461914062,38.745746612548828
9385413,2021,2022-01-12,3103,2021-12-11,2200,DALEE,L1,6,5,2,3103,0,0,0,,0,0L1,"NICOLAUS RD","AVIATION BL",0.00,,Y,A,-,N,,,,,,,,,,Y,3,0,3,2,A,-,12,22450,,N,A,C,A,A,H,-,C,D,0,,,,,Y,,A,08,0,3,0,0,0,0,0,0,0,"- ","- ",38.897281646728516,-121.34010314941406,PLACER,LINCOLN,-121.34014892578125,38.897407531738281
9385542,2021,2022-01-11,3105,2021-11-25,1442,186,,4,5,5,3105,0,0,0,,0,003,"SUNRISE AV","SANDRINGHAM WY",400.00,N,N,A,-,N,,,,,,,,,,Y,3,0,1,1,A,-,07,21658,A,N,E,I,A,A,H,-,A,D,0,,,,,Y,,A,01,0,1,0,0,0,0,0,0,0,"- ","- ",38.727161407470703,-121.27207183837891,PLACER,ROSEVILLE,-121.27204895019531,38.723697662353516
9386502,2021,2022-01-07,3100,2021-12-14,0640,229,SPS,2,5,2,3106,0,0,0,,0,PAUL,"SIERRA COLLEGE BL","BRACE RD",0.00,,Y,B,-,N,,,,,,,,,,Y,4,0,1,2,A,-,00,21801,D,N,-,C,A,B,H,-,E,B,0,,,,,Y,,D,22,0,0,1,0,0,0,0,0,0,"- ","- ",,,PLACER,LOOMIS,-121.20542907714844,38.810314178466797
9386689,2021,2022-01-13,3105,2021-12-19,2500,1133,,7,5,5,3105,0,0,0,,0,003,"HARDING BL","ESTATES DR",23.00,N,N,A,-,N,,,,,,,,,,Y,3,0,2,2,A,-,12,21453,A,N,D,C,A,A,H,-,C,A,0,,,,,Y,,A,01,0,1,1,0,0,0,0,0,0,"- ","- ",38.746891021728516,-121.27182769775391,PLACER,ROSEVILLE,-121.27178192138672,38.746925354003906
9392464,2021,2022-01-27,3105,2021-12-01,1339,1168,,3,5,5,3105,0,0,0,,0,006,"BASELINE RD","WOODCREEK OAKS BL",134.00,W,N,A,-,N,,,,,,,,,,Y,3,0,1,2,A,-,03,22350,,N,C,C,A,A,H,-,A,A,0,,,Y,,Y,,C,02,0,1,0,0,0,0,0,0,1,"- ","- ",38.751850128173828,-121.33702087402344,PLACER,ROSEVILLE,-121.33770751953125,38.751869201660156
94075779,2024,2024-08-12,9220,2024-08-02,1030,019465,,5,1,9,3100,0,1,1,,2,282,"I-80 E/B","OPHIR ROAD ON-RAMP TO I-80 E/B",35.00,W,N,A,-,Y,PLA,,80," "," ",16.793,H,,R,Y,3,0,2,3,A,-,08,22107,,F,C,C,A,A,H,-,A,D,0,,,,,Y,,-,99,0,2,0,0,0,0,0,0,0,"- ","- ",38.89263916015625,-121.0848388671875,PLACER,UNINCORPORATED,-121.08487701416016,38.892692565917969
9420349,2022,2022-04-22,3105,2022-03-07,1147,1172,,1,5,5,3105,0,0,0,,0,001,"GALLERIA BL","ANTELOPE CREEK RD",686.00,N,N,A,-,N,,,,,,,,,,N,4,0,2,2,A,-,03,22350,,F,C,C,A,A,H,-,A,A,0,,,,,Y,,A,01,0,0,2,0,0,0,0,0,0,"- ","- ",38.77471923828125,-121.26464080810547,PLACER,ROSEVILLE,-121.26586151123047,38.774002075195312
9426294,2022,2022-03-29,3104,2022-02-25,1000,306,46,5,5,4,3104,0,0,0,,0,002,"PACIFIC ST","SUNSET BL",865.00,S,N,A,-,N,,,,,,,,,,N,3,0,1,2,A,-,10,21950,A,F,B,G,A,A,H,-,A,D,0,,Y,,,Y,,-,,0,1,0,0,0,0,1,0,0,"- ","- ",38.779869079589844,-121.24423217773438,PLACER,ROCKLIN,-121.24470520019531,38.780063629150391
9430189,2022,2022-04-08,3105,2022-03-03,1459,1131,,4,5,5,3105,0,0,0,,0,003,"CIRBY WY","MELODY LN",60.00,E,N,A,-,N,,,,,,,,,,,4,0,1,3,A,-,03,22350,1,N,C,-,A,A,H,-,A,A,0,,,,,Y,,A,01,0,0,1,0,0,0,0,0,0,"- ","- ",38.729328155517578,-121.29212188720703,PLACER,ROSEVILLE,-121.29190063476562,38.729339599609375
9433782,2022,2022-10-28,3105,2022-08-24,1329,3062,,3,5,5,3105,0,0,0,,0,006,"BLUE OAKS BL","WASHINGTON BL",0.00,,Y,A,-,Y,PLA,3,65,-,M,8.450,R,4,S,Y,3,0,1,2,A,-,12,21453,A,N,D,C,A,-,H,-,-,A,0,,,,,Y,,A,07,0,1,0,0,0,0,0,0,0,"- ","- ",,,PLACER,ROSEVILLE,-121.30005645751953,38.801040649414062
9433832,2022,2022-10-05,3105,2022-08-15,1927,1174,,1,5,5,3105,0,0,0,,0,002,"CIRBY WY","SUNRISE AV",0.00,,Y,A,-,N,,,,,,,,,,Y,4,0,2,2,A,-,09,21804,A,N,D,C,A,A,H,-,-,D,0,,,,,Y,,A,01,0,0,2,0,0,0,0,0,0,"- ","- ",,,PLACER,ROSEVILLE,-121.27208709716797,38.729511260986328
94399103,2024,2024-09-18,9220,2024-09-16,1605,015961,,1,2,9,3100,0,2,4,,2,022,"DOUGLAS BLVD W/B","BARTON RD",497.00,E,N,B,-,N,,,,,,,,,,Y,4,0,1,2,A,-,06,21755,A,N,D,C,A,A,H,-,A,D,0,,,,,Y,,A,07,0,0,1,0,0,0,0,0,0,"- ","- ",38.74407958984375,-121.18733978271484,PLACER,UNINCORPORATED,-121.18744659423828,38.743923187255859
9440512,2022,2022-05-11,3105,2022-04-04,1659,1175,,1,5,5,3105,0,0,0,,0,003,"W CIRBY WY","N NORTHRIDGE DR",0.00,,Y,A,-,N,,,,,,,,,,N,4,0,1,2,A,-,03,22350,,N,C,C,A,A,H,-,A,A,0,,,,,Y,,A,01,0,0,1,0,0,0,0,0,0,"- ","- ",38.729328155517578,-121.29470062255859,PLACER,ROSEVILLE,-121.29470062255859,38.729358673095703
94405188,2024,2024-09-23,9220,2024-09-16,"610 ",019560,,1,1,9,3100,0,1,3,,1,249,"SR-49 (GRASS VALLEY HWY)","ATWOOD RD",528.00,S,N,B,-,Y,PLA,,49," "," ",5.768,H,,R,N,3,0,1,2,A,-,11,21955,,N,G,B,D,A,H,-,D,D,0,Y,,,,Y,,N,60,0,1,0,0,1,0,0,0,0,"- ","- ",38.933948516845703,-121.09229278564453,PLACER,UNINCORPORATED,-121.09213256835938,38.934036254882812
94421245,2024,2024-10-07,9220,2024-09-20,1512,021079,,5,2,9,3100,0,2,4,,2,042,"MOUNT VERNON RD","PUZZLEWOOD LANE",425.00,S,N,A,-,N,,,,,,,,,,Y,2,0,1,1,A,-,01,23152,A,M,E,I,A,A,H,-,A,D,0,,,,,Y,Y,A,07,1,0,0,0,0,0,0,0,0,"- ","- ",38.941581726074219,-121.16558074951172,PLACER,UNINCORPORATED,-121.16555786132812,38.941471099853516
94427695,2024,2024-10-11,9220,2024-09-30,1525,022556,,1,2,9,3100,0,1,1,,2,283,"I-80 W/B","DRY CREEK RD O/C",1681.00,W,N,A,-,Y,PLA,,80," ",R,21.890,H,,L,N,4,0,1,1,A,-,08,22107,,N,E,I,A,A,H,-,A,D,0,,,,,Y,,D,22,0,0,1,0,0,0,0,0,0,"- ","- ",38.954380035400391,-121.03804779052734,PLACER,UNINCORPORATED,-121.03793334960938,38.954303741455078
9444977,2022,2022-06-17,3105,2022-05-03,0930,3062,,2,5,5,3105,0,0,0,,0,003,"HARDING BL","MAHAN CT",200.00,S,N,A,-,N,,,,,,,,,,Y,4,0,1,2,A,-,09,21804,A,N,B,-,A,-,H,-,-,D,0,,,,,Y,,A,01,0,0,1,0,0,0,0,0,0,"- ","- ",38.748958587646484,-121.27046966552734,PLACER,ROSEVILLE,-121.26992034912109,38.749092102050781
9446931,2022,2022-05-19,3104,2022-04-24,1020,306,52,7,5,4,3104,0,0,0,,0,001,"MONTCLAIR CIR","EL DON",515.00,S,N,A,-,N,,,,,,,,,,N,3,0,1,2,A,-,03,22350,,N,H,G,A,A,H,-,A,D,0,,,,,Y,,-,,0,1,0,0,0,0,0,0,0,"- ","- ",38.781940460205078,-121.20574188232422,PLACER,ROCKLIN,-121.20993804931641,38.781730651855469
94469783,2024,2024-11-14,9220,2024-11-08,1040,014512,,5,1,9,3100,0,3,5,,2,030,"FRUITVALE ROAD","GARDEN BAR ROAD",1584.00,W,N,A,-,N,,,,,,,,,,N,3,0,1,1,C,-,18,,,N,H,H,A,A,H,-,A,D,0,,Y,,,Y,,-,"- ",0,1,0,0,0,0,1,0,0,"- ","- ",38.912071228027344,-121.23078918457031,PLACER,UNINCORPORATED,-121.22933197021484,38.912063598632812
9447619,2022,2022-10-03,3105,2022-08-24,2211,1170,,3,5,5,3105,0,0,0,,0,006,"WASHINGTON BL","PLEASANT GROVE BL",0.00,,Y,A,-,N,,,,,,,,,,Y,4,0,3,2,A,-,09,21453,C,N,D,C,A,A,H,-,C,A,0,,,,,Y,,A,01,0,0,3,0,0,0,0,0,0,"- ","- ",38.773880004882812,-121.30377960205078,PLACER,ROSEVILLE,-121.30375671386719,38.773899078369141
94480051,2024,2024-11-22,9222,2024-11-16,1916,022294,,6,2,9,3100,0,1,3,,1,013,SR-89,"BRIDGE 6",845.00,S,N,A,-,Y,PLA,,89," "," ",15.254,H,,R,Y,3,0,1,2,A,-,01,23152,A,N,B,C,A,A,H,-,D,D,0,,,,,Y,Y,A,07,0,1,0,0,0,0,0,0,0,"- ","- ",39.226150512695312,-120.20472717285156,PLACER,UNINCORPORATED,-120.20465850830078,39.226173400878906
94489031,2024,2024-12-02,9220,2024-11-26,"642 ",018526,,2,1,9,3100,0,1,1,,2,282,"I-80 W/B","PENRYN RD",395.00,E,N,C,-,Y,PLA,,80," "," ",10.424,H,,L,Y,4,0,2,2,A,-,03,22350,,N,C,2,A,B,H,-,B,D,0,,,,,Y,,D,22,0,0,2,0,0,0,0,0,0,"- ","- ",38.8348388671875,-121.16761016845703,PLACER,UNINCORPORATED,-121.16762542724609,38.834854125976562
94517168,2024,2024-12-26,9220,2024-12-19,1936,019200,,4,2,4,3104,0,1,1,,2,281,"I-80 W/B",SR-65,2376.00,E,N,E,-,Y,PLA,,80," "," ",4.626,H,,L,Y,2,0,1,1,A,-,01,23152,A,N,E,8,A,A,H,-,D,D,0,,,,,Y,Y,D,22,1,0,0,0,0,0,0,0,0,"- ","- ",38.774269104003906,-121.2421875,PLACER,ROCKLIN,-121.2420654296875,38.774150848388672
94548785,2025,2025-01-24,9220,2025-01-20,1327,019465,,1,1,9,3100,0,2,4,,2,027,"AUBURN FOLSOM ROAD","OAK HILL ROAD",0.00,,Y,A,-,N,,,,,,,,,,Y,3,0,1,1,A,-,08,22107,,N,F,A,A,A,H,-,A,A,0,,,Y,,Y,,C,02,0,1,0,0,0,0,0,0,1,"- ","- ",38.71923828125,-121.17558288574219,PLACER,UNINCORPORATED,-121.17545318603516,38.719242095947266
94551432,2025,2025-01-27,9220,2025-01-16,1735,018213,,4,2,9,3100,0,1,3,,1,249,"SR-49 (GRASS VALLEY HIGHWAY)","LONE STAR RD",0.00,,Y,A,-,Y,PLA,,49," ",R,10.278,H,,R,Y,2,0,2,2,A,-,09,21801,A,N,A,C,A,A,H,-,D,D,0,,,,,Y,,D,22,1,1,0,0,0,0,0,0,0,"- ","- ",38.996551513671875,-121.10917663574219,PLACER,UNINCORPORATED,-121.10903167724609,38.996471405029297
94554343,2025,2025-01-29,9220,2025-01-28,1015,018291,,2,1,9,3100,0,3,5,,2,020,"BARTON RD.","DOUGLAS BLVD.",35.00,S,N,A,-,Y,,,,,,,,,,N,3,0,1,2,A,-,21,22106,,N,C,C,A,A,H,-,A,A,0,,,,,Y,,A,01,0,1,0,0,0,0,0,0,0,"- ","- ",38.743759155273438,-121.18919372558594,PLACER,UNINCORPORATED,-121.18918609619141,38.743862152099609
94567538,2025,2025-02-06,9221,2025-02-05,"32  ",018624,,3,3,9,3100,0,1,1,,2,388,"WESTBOUND I-80","CISCO ROAD OVERCROSSING",4892.00,E,N,A,-,Y,PLA,,80," ",R,64.461,H,,L,Y,2,0,1,2,C,-,18,,,N,A,B,A,C,G,-,D,D,0,,,,Y,Y,,-,"- ",1,0,0,0,0,0,0,0,0,"- ","- ",39.306568145751953,-120.52850341796875,PLACER,UNINCORPORATED,-120.52849578857422,39.306488037109375
94631027,2025,2025-06-16,9220,2025-03-08,1855,020465,,6,2,5,3105,0,1,3,,1,265,"SR-65 S/B","PLEASANT GROVE BOULEVARD",1200.00,S,N,A,-,Y,PLA,,65," ",R,7.017,H,,L,N,4,0,1,2,A,-,03,22350,,M,B,C,A,A,H,-,C,D,0,,,,,Y,,A,01,0,0,1,0,0,0,0,0,0,"- ","- ",38.785839080810547,-121.28285217285156,PLACER,ROSEVILLE,-121.28286743164062,38.785816192626953
94636150,2025,2025-04-03,9220,2025-03-21,1305,015961,,5,1,9,3100,0,2,4,,2,027,"AUBURN FOLSOM RD","DOUGLAS BLVD",375.00,S,N,B,-,N,,,,,,,,,,Y,4,0,1,2,A,-,09,21804,A,N,D,C,A,A,H,-,A,D,0,,,,,Y,,A,07,0,0,1,0,0,0,0,0,0,"- ","- ",38.742328643798828,-121.17067718505859,PLACER,UNINCORPORATED,-121.17063903808594,38.742420196533203
94644515,2025,2025-04-10,9221,2025-03-30,1845,018624,,7,2,9,3100,0,1,1,,2,386,"E/B I-80 JWO CRYSTAL LAKE ROAD","CRYSTAL LAKE ROAD",5808.00,W,N,C,-,Y,PLA,,80," ",R,57.770,H,,R,N,4,0,1,1,A,-,03,22350,,N,E,I,A,B,H,-,B,D,0,,,,,Y,,-,"- ",0,0,1,0,0,0,0,0,0,"- ","- ",39.309951782226562,-120.63247680664062,PLACER,UNINCORPORATED,-120.63252258300781,39.310047149658203
9466175,2022,2022-12-30,3105,2022-11-21,1119,1145,,1,5,5,3105,0,0,0,,0,004,"FOOTHILLS BL","DENIO LOOP",132.00,N,N,A,-,N,,,,,,,,,,N,4,0,1,2,A,-,03,22350,I,F,C,C,A,A,H,-,A,A,0,,,Y,,Y,,C,02,0,0,1,0,0,0,0,0,0,"- ","- ",,,PLACER,ROSEVILLE,-121.30657958984375,38.738155364990234
94666074,2025,2025-05-22,9220,2025-04-15,1208,015961,,2,1,2,3106,0,1,1,,2,282,"I-80 E/B","KING RD",1445.00,W,N,A,-,Y,PLA,,80," "," ",9.257,H,,R,Y,2,0,3,3,A,-,08,22107,,N,C,E,A,A,H,-,A,D,0,,,,Y,Y,,A,07,1,2,0,0,0,0,0,0,0,"- ","- ",38.822319030761719,-121.18219757080078,PLACER,LOOMIS,-121.18224334716797,38.822353363037109
9466795,2022,2023-02-01,3105,2022-12-27,1345,1154,,2,5,5,3105,0,0,0,,0,003,"HARDING BL",ESTATES,296.00,N,N,B,-,N,,,,,,,,,,N,4,0,1,2,A,-,09,21801,A,N,D,C,A,B,H,-,A,D,0,,,,Y,Y,,F,26,0,0,1,0,0,0,0,0,0,"- ","- ",38.747570037841797,-121.27043914794922,PLACER,ROSEVILLE,-121.27114105224609,38.747478485107422
94669103,2025,2025-04-29,9220,2025-04-21,1835,020392,,1,2,4,3104,0,1,1,,2,281,"I-80 W/B FROM ROCKLIN RD","ROCKLIN ROAD",13.00,W,N,A,-,Y,,,,,,,,,,N,3,0,1,2,A,-,09,21804,A,N,D,C,A,A,H,-,A,A,0,,,,,Y,,M,94,0,1,0,0,0,0,0,0,0,"- ","- ",38.788368225097656,-121.22389221191406,PLACER,ROCKLIN,-121.22383117675781,38.787628173828125
94680070,2025,2025-05-08,9220,2025-04-25,1900,018382,,5,2,5,3105,0,1,1,,2,281,"I-80 E/B","TAYLOR RD (OVERCROSSING)",0.00,,Y,A,-,Y,PLA,,80," "," ",3.672,H,,R,Y,3,0,2,3,A,-,08,22107,,N,B,2,A,A,H,-,A,D,0,,,,,Y,,D,22,0,1,1,0,0,0,0,0,0,"- ","- ",38.765609741210938,-121.25592041015625,PLACER,ROSEVILLE,-121.2557373046875,38.765426635742188
94685485,2025,2025-05-13,9220,2025-05-12,"855 ",018532,,1,1,9,3100,0,1,1,,2,282,"I-80 W/B","NEWCASTLE RD",2798.00,W,N,C,-,Y,PLA,,80," "," ",13.275,H,,L,Y,4,0,3,3,A,-,08,22107,,N,D,2,A,B,H,-,A,D,0,,,,,Y,,A,08,0,0,3,0,0,0,0,0,0,"- ","- ",38.865550994873047,-121.13292694091797,PLACER,UNINCORPORATED,-121.13291931152344,38.865547180175781
94707731,2025,2025-05-30,9220,2025-05-22,"830 ",015961,,4,1,5,3105,0,1,1,,2,281,"I-80 E/B","DOUGLAS BLVD O/C",2904.00,W,N,A,-,Y,PLA,,80," "," ",1.420,H,,R,Y,3,0,3,3,A,-,03,22350,,N,C,C,A,A,H,-,A,D,0,,,,,Y,,A,07,0,1,2,0,0,0,0,0,0,"- ","- ",38.737339019775391,-121.27633666992188,PLACER,ROSEVILLE,-121.27641296386719,38.737388610839844
94713409,2025,2025-06-04,9220,2025-05-11,2305,018548,,7,3,9,3100,0,3,5,,2,050,"PLACER HILLS RD","FAITH DR",226.00,N,N,A,-,N,,,,,,,,,,Y,3,0,1,1,A,-,08,22107,,N,E,I,A,A,H,-,D,D,0,,,,,Y,,A,01,0,1,0,0,0,0,0,0,0,"- ","- ",38.983669281005859,-121.02423858642578,PLACER,UNINCORPORATED,-121.02423858642578,38.983695983886719
9471748,2023,2023-11-27,3105,2023-10-18,1845,1211,,3,5,5,3105,0,0,0,,0,003,"CIRBY WY","MELODY LN",0.00,,Y,A,-,N,,,,,,,,,,Y,3,0,1,2,A,-,01,23152,A,F,D,-,A,A,H,-,C,A,0,,Y,,,Y,Y,D,22,0,1,0,0,0,0,1,0,0,"- ","- ",,,PLACER,ROSEVILLE,-121.29210662841797,38.729339599609375
94718357,2025,2025-06-09,9220,2025-05-25,1522,020465,,7,2,9,3100,0,2,4,,2,027,"AUBURN FOLSOM ROAD","MORNINGSIDE DRIVE",200.00,S,N,A,-,N,,,,,,,,,,N,3,0,1,2,A,-,03,22350,,N,C,C,A,A,H,-,A,D,0,,,,,Y,,I,12,0,1,0,0,0,0,0,0,0,"- ","- ",38.753368377685547,-121.16834259033203,PLACER,UNINCORPORATED,-121.16763305664062,38.753795623779297
94720435,2025,2025-06-10,9220,2025-06-04,2105,016031,,3,2,9,3100,0,1,3,,1,267,"SR-65 N/B","WHEATLAND RD",1000.00,S,N,A,-,Y,PLA,,65," ",R,23.232,H,,R,N,4,0,1,2,A,-,03,22350,,N,C,C,A,A,H,-,D,D,0,,,,,Y,,A,01,0,0,1,0,0,0,0,0,0,"- ","- ",38.994621276855469,-121.39732360839844,PLACER,UNINCORPORATED,-121.39733123779297,38.994609832763672
94724067,2025,2025-06-12,9220,2025-06-06,1841,021719,,5,2,5,3105,0,1,1,,2,281,"I-80 E/B","LEAD HILL BLVD. OVERCROSSING (O/C)",100.00,W,N,A,-,Y,PLA,,80," "," ",2.533,H,,R,N,4,0,1,2,A,-,03,22350,,N,C,C,A,A,H,-,A,D,0,,,,,Y,,A,01,0,0,1,0,0,0,0,0,0,"- ","- ",38.751209259033203,-121.26586151123047,PLACER,ROSEVILLE,-121.26596069335938,38.751247406005859
94728710,2025,2025-06-17,9222,2025-06-07,1200,020552,,6,1,9,3100,0,1,3,,1,014,SR-28,"LAKE FOREST RD",0.00,,Y,A,-,Y,PLA,,28," "," ",2.432,H,,R,Y,4,0,2,2,A,-,09,21802,B,N,D,C,A,A,H,-,A,A,0,,,,,Y,,A,07,0,0,2,0,0,0,0,0,0,"- ","- ",39.189800262451172,-120.11342620849609,PLACER,UNINCORPORATED,-120.11343383789062,39.189804077148438
94736127,2025,2025-06-23,9220,2025-06-17,1745,021079,,2,2,5,3105,0,1,3,,1,265,"SR-65 N/B","TAYLOR RD (UNDERCROSSING)",1280.00,N,N,A,-,Y,PLA,,65," ",R,5.335,H,,R,N,4,0,1,2,A,-,03,22350,,N,C,C,A,A,H,-,A,D,0,,,,,Y,,A,01,0,0,1,0,0,0,0,0,0,"- ","- ",38.773578643798828,-121.25588226318359,PLACER,ROSEVILLE,-121.25588226318359,38.773582458496094
94755113,2025,2025-07-09,9220,2025-06-27,2034,020990,,5,2,9,3100,0,1,1,,2,282,"I-80 E/B","GILARDI ROAD",1584.00,W,N,A,-,Y,PLA,,80," "," ",11.992,H,,R,N,3,0,3,4,A,-,01,23152,G,N,B,C,A,A,H,-,B,D,0,,,,Y,Y,Y,A,01,0,3,0,0,0,0,0,0,0,"- ","- ",38.851268768310547,-121.14752197265625,PLACER,UNINCORPORATED,-121.14752960205078,38.851276397705078
94774410,2025,2025-07-23,9220,2025-07-21,2320,018532,,1,3,9,3100,0,3,5,,2,020,"VILLAGE CENTER DR","EAST ROSEVILLE PARKWAY",60.00,S,N,A,-,N,,,,,,,,,,Y,4,0,1,1,A,-,01,23152,A,N,F,A,A,B,H,-,D,D,0,,,,,Y,Y,D,22,0,0,1,0,0,0,0,0,0,"- ","- ",38.723468780517578,-121.20989990234375,PLACER,UNINCORPORATED,-121.20960235595703,38.723217010498047