CASE_ID,ACCIDENT_YEAR,PROC_DATE,JURIS,COLLISION_DATE,COLLISION_TIME,OFFICER_ID,REPORTING_DISTRICT,DAY_OF_WEEK,CHP_SHIFT,POPULATION,CNTY_CITY_LOC,SPECIAL_COND,BEAT_TYPE,CHP_BEAT_TYPE,CITY_DIVISION_LAPD,CHP_BEAT_CLASS,BEAT_NUMBER,PRIMARY_RD,SECONDARY_RD,DISTANCE,DIRECTION,INTERSECTION,WEATHER_1,WEATHER_2,STATE_HWY_IND,CALTRANS_COUNTY,CALTRANS_DISTRICT,STATE_ROUTE,ROUTE_SUFFIX,POSTMILE_PREFIX,POSTMILE,LOCATION_TYPE,RAMP_INTERSECTION,SIDE_OF_HWY,TOW_AWAY,COLLISION_SEVERITY,NUMBER_KILLED,NUMBER_INJURED,PARTY_COUNT,PRIMARY_COLL_FACTOR,PCF_CODE_OF_VIOL,PCF_VIOL_CATEGORY,PCF_VIOLATION,PCF_VIOL_SUBSECTION,HIT_AND_RUN,TYPE_OF_COLLISION,MVIW,PED_ACTION,ROAD_SURFACE,ROAD_COND_1,ROAD_COND_2,LIGHTING,CONTROL_DEVICE,CHP_ROAD_TYPE,PEDESTRIAN_ACCIDENT,BICYCLE_ACCIDENT,MOTORCYCLE_ACCIDENT,TRUCK_ACCIDENT,NOT_PRIVATE_PROPERTY,ALCOHOL_INVOLVED,STWD_VEHTYPE_AT_FAULT,CHP_VEHTYPE_AT_FAULT,COUNT_SEVERE_INJ,COUNT_VISIBLE_INJ,COUNT_COMPLAINT_PAIN,COUNT_PED_KILLED,COUNT_PED_INJURED,COUNT_BICYCLIST_KILLED,COUNT_BICYCLIST_INJURED,COUNT_MC_KILLED,COUNT_MC_INJURED,PRIMARY_RAMP,SECONDARY_RAMP,LATITUDE,LONGITUDE,COUNTY,CITY,POINT_X,POINT_Y
9602673,2023,2023-08-22,3101,2023-07-15,"905 ",A716,AU06,6,5,3,3101,0,0,0,,0,0A2,"AUBURN FOLSOM RD","BRENTWOOD RD",0.00,,Y,A,-,N,,,,,,,,,,N,3,0,1,2,A,-,08,22107,,N,B,C,A,A,H,-,A,D,0,,,Y,,Y,,A,01,0,1,0,0,0,0,0,0,1,"- ","- ",38.880538940429688,-121.07968139648438,PLACER,AUBURN,-121.07969665527344,38.880504608154297
9602765,2023,2023-08-30,3105,2023-07-17,1446,1158,,1,5,5,3105,0,0,0,,0,006,"FOOTHILLS BL","RAND WY",285.00,S,N,A,-,N,,,,,,,,,,Y,4,0,1,2,A,-,09,21804,A,N,D,C,A,A,H,-,A,D,0,,,,Y,Y,,A,01,0,0,1,0,0,0,0,0,0,"- ","- ",,,PLACER,ROSEVILLE,-121.30990600585938,38.754619598388672
9602922,2023,2023-08-22,3105,2023-07-31,1201,1145,,1,5,5,3105,0,0,0,,0,002,"SUNRISE AV","CIRBY WY",51.00,N,N,A,-,N,,,,,,,,,,N,4,0,1,2,A,-,03,22350,,F,C,C,A,A,H,-,A,A,0,,,,,Y,,D,22,0,0,1,0,0,0,0,0,0,"- ","- ",,,PLACER,ROSEVILLE,-121.27208709716797,38.729648590087891
9603151,2023,2023-08-02,3104,2023-06-26,1147,257,25,1,5,4,3104,0,0,0,,0,003,"PARK DR","VILLA SERENA CIR",150.00,S,N,A,-,N,,,,,,,,,,Y,3,0,1,1,A,-,03,22350,,N,F,J,A,A,H,-,A,A,0,,,,,Y,,A,01,0,1,0,0,0,0,0,0,0,"- ","- ",38.810340881347656,-121.26042938232422,PLACER,ROCKLIN,-121.25949096679688,38.810420989990234
9604393,2023,2024-02-12,3103,2023-07-04,"14  ",32,L8,2,5,2,3103,0,0,0,,0,0L4,"INDUSTRIAL AV","TWELVE BRIDGES DR",2640.00,N,N,A,-,N,,,,,,,,,,N,2,0,1,2,D,-,00,,,N,G,B,F,A,H,-,D,D,0,Y,,,,Y,,-,"- ",1,0,0,0,1,0,0,0,0,"- ","- ",38.851139068603516,-121.30673980712891,PLACER,LINCOLN,-121.30437469482422,38.858104705810547
9605531,2023,2023-10-13,3104,2023-07-14,1448,283,10,5,5,4,3104,0,0,0,,0,004,"SUNSET BL","BLUE OAKS BL",1207.00,E,N,A,-,N,,,,,,,,,,N,3,0,1,2,A,-,05,21650,,N,D,C,A,A,H,-,A,D,0,,,,,Y,,M,94,0,1,0,0,0,0,0,0,0,"- ","- ",38.808509826660156,-121.27993011474609,PLACER,ROCKLIN,-121.27608489990234,38.80712890625
9605533,2023,2023-12-14,3104,2023-07-13,1840,295,42,4,5,4,3104,0,0,0,,0,001,"SIERRA COLLEGE BL","CROSSINGS DR",0.00,,Y,A,-,N,,,,,,,,,,Y,4,0,1,2,A,-,09,21453,B,N,B,D,A,A,H,-,A,A,0,,,,,Y,,A,01,0,0,1,0,0,0,0,0,0,"- ","- ",38.800521850585938,-121.20538330078125,PLACER,ROCKLIN,-121.20548248291016,38.800556182861328
9621067,2023,2024-02-26,3104,2023-10-15,"153 ",321,15,7,5,4,3104,0,0,0,,0,004,"WHITNEY RANCH PKWY","WEST OAKS BL",0.00,,Y,A,-,N,,,,,,,,,,Y,2,0,2,1,A,-,03,22350,,N,E,I,A,A,H,-,C,D,0,,,Y,,Y,,C,02,1,1,0,0,0,0,0,0,2,"- ","- ",38.839130401611328,-121.24709320068359,PLACER,ROCKLIN,-121.26656341552734,38.831832885742188
9622825,2023,2023-11-30,3101,2023-10-05,1735,A836,AU06,4,5,3,3101,0,0,0,,0,0A2,"AUBURN FOLSOM RD","HIGH ST",505.00,N,N,A,-,N,,,,,,,,,,Y,3,0,1,2,A,-,09,21804,,N,D,C,A,A,H,-,A,D,0,,,,,Y,,A,08,0,1,0,0,0,0,0,0,0,"- ","- ",38.894771575927734,-121.07717895507812,PLACER,AUBURN,-121.07637786865234,38.894298553466797
9624586,2023,2023-09-29,3105,2023-08-28,2500,1145,,1,5,5,3105,0,0,0,,0,003,"RIVERSIDE AV","CIRBY WY",517.00,S,N,A,-,N,,,,,,,,,,Y,4,0,1,2,A,-,09,21804,A,N,D,C,A,A,H,-,A,D,0,,,,,Y,,A,01,0,0,1,0,0,0,0,0,0,"- ","- ",,,PLACER,ROSEVILLE,-121.29043579101562,38.727931976318359
9628049,2023,2023-10-18,3105,2023-09-21,1453,1063,,4,5,5,3105,0,0,0,,0,003,"BREUNER DR","HARDING BL",0.00,,Y,A,-,N,,,,,,,,,,Y,4,0,1,2,A,-,09,21804,A,N,D,C,A,A,H,-,-,D,0,,,,,Y,,A,01,0,0,1,0,0,0,0,0,0,"- ","- ",38.751041412353516,-121.26883697509766,PLACER,ROSEVILLE,-121.26882934570312,38.751056671142578
9628865,2023,2023-11-27,3101,2023-09-21,1158,A798,AU12,4,5,3,3101,0,0,0,,0,0A1,"GRASS VALLEY HWY","SIERRA ELM CENTER",0.00,,Y,A,-,Y,PLA,3,49,-,-,3.620,H,-,S,N,3,0,1,4,A,-,03,22350,,N,C,D,A,A,H,-,A,A,0,,,,,Y,,D,22,0,1,0,0,0,0,0,0,0,"- ","- ",38.904708862304688,-121.07408142089844,PLACER,AUBURN,-121.07663726806641,38.906089782714844
9629167,2023,2023-10-31,3105,2023-09-22,1114,188,,5,5,5,3105,0,0,0,,0,007,"DEL WEBB BL","WHISTLESTOP WY",200.00,S,N,A,-,N,,,,,,,,,,Y,4,0,1,2,A,-,03,22350,,N,C,C,A,A,H,-,-,A,0,,,,,Y,,A,01,0,0,1,0,0,0,0,0,0,"- ","- ",38.787830352783203,-121.34557342529297,PLACER,ROSEVILLE,-121.345703125,38.78729248046875
9629187,2023,2023-10-21,3105,2023-09-21,1410,1109,,4,5,5,3105,0,0,0,,0,006,"WOODCREEK OAKS BL","IMPRESSIONIST LP",0.00,,Y,A,-,N,,,,,,,,,,N,4,0,1,2,B,-,22,,,N,D,G,A,A,H,-,A,D,0,,Y,,,Y,,L,04,0,0,1,0,0,0,1,0,0,"- ","- ",38.797901153564453,-121.32859802246094,PLACER,ROSEVILLE,-121.32862091064453,38.797901153564453
9630516,2023,2023-11-03,3103,2023-09-10,1433,DALEE,L5,7,5,2,3103,0,0,0,,0,0L3,"MCBEAN PARK DR","LINCOLN BL",0.00,,Y,A,-,N,,,,,,,,,,Y,2,0,1,1,A,-,01,23152,A,M,E,I,A,A,H,-,A,A,0,,,,,Y,Y,A,01,1,0,0,0,0,0,0,0,0,"- ","- ",38.890510559082031,-121.29279327392578,PLACER,LINCOLN,-121.29280090332031,38.890510559082031
9634401,2023,2023-12-27,3104,2023-11-20,1144,283,25,1,5,4,3104,0,0,0,,0,003,"PARK DR","SUNSET BL",0.00,,Y,A,-,N,,,,,,,,,,Y,4,0,2,2,A,-,12,21453,A,N,D,C,A,A,H,-,A,A,0,,,,,Y,,A,01,0,0,2,0,0,0,0,0,0,"- ","- ",38.802951812744141,-121.27435302734375,PLACER,ROCKLIN,-121.27294921875,38.804740905761719
9635448,2023,2023-12-16,3105,2023-10-25,2057,1086,,3,5,5,3105,0,0,0,,0,005,"PLEASANT GROVE BL","HIGHLAND POINTE DR",400.00,N,N,B,-,N,,,,,,,,,,N,4,0,1,2,A,-,05,21650,1,N,D,G,A,A,H,-,C,D,0,,Y,,,Y,,L,04,0,0,1,0,0,0,1,0,0,"- ","- ",,,PLACER,ROSEVILLE,-121.28604125976562,38.784229278564453
9636202,2023,2024-03-12,3105,2023-12-08,1511,1209,,5,5,5,3105,0,0,0,,0,003,"RIVERSIDE AV","5TH ST",61.00,S,N,A,-,N,,,,,,,,,,Y,4,0,1,3,A,-,03,22350,,N,C,C,A,A,H,-,A,D,0,,,,,Y,,A,01,0,0,1,0,0,0,0,0,0,"- ","- ",38.738128662109375,-121.29054260253906,PLACER,ROSEVILLE,-121.29056549072266,38.737953186035156
9638205,2023,2023-12-18,3105,2023-11-15,1455,1143,,3,5,5,3105,0,0,0,,0,001,"GALLERIA BL","ROSEVILLE PKWY",400.00,N,N,B,-,N,,,,,,,,,,Y,3,0,8,4,A,-,08,22107,,N,C,C,A,B,H,-,A,A,0,,,,,Y,,A,07,0,1,7,0,0,0,0,0,0,"- ","- ",38.76885986328125,-121.26589965820312,PLACER,ROSEVILLE,-121.26589965820312,38.769798278808594
9646545,2023,2024-01-05,3104,2023-12-27,2102,291,38,3,5,4,3104,0,0,0,,0,003,"STANFORD RANCH RD","SUNSET BL",0.00,,Y,C,-,N,,,,,,,,,,Y,4,0,2,3,A,-,09,21453,B,N,B,C,A,B,H,-,C,A,0,,,,,Y,,A,01,0,0,2,0,0,0,0,0,0,"- ","- ",38.796249389648438,-121.26497650146484,PLACER,ROCKLIN,-121.26510620117188,38.796138763427734
9647665,2023,2023-12-19,3105,2023-11-29,1238,1207,,3,5,5,3105,0,0,0,,0,003,"FOOTHILLS BL",CIRBY,100.00,N,N,A,-,N,,,,,,,,,,Y,2,0,1,2,A,-,08,22107,,N,B,C,A,A,H,-,A,D,0,,,Y,,Y,,C,02,1,0,0,0,0,0,0,0,1,"- ","- ",,,PLACER,ROSEVILLE,-121.30352783203125,38.729705810546875
9652939,2024,2024-04-11,3105,2024-01-10,1738,1086,,3,5,5,3105,0,0,0,,0,004,"SIERRA BL","YOSEMITE ST",0.00,,Y,B,C,N,,,,,,,,,,N,4,0,1,2,A,-,11,21954,A,N,D,B,D,B,H,-,C,D,0,Y,,,,Y,,N,60,0,0,1,0,1,0,0,0,0,"- ","- ",,,PLACER,ROSEVILLE,-121.28206634521484,38.755889892578125
9654097,2023,2024-02-22,3105,2023-12-30,1603,1196,,6,5,5,3105,0,0,0,,0,006,"BLUE OAKS BL","CROCKER RANCH RD",705.00,W,N,A,-,N,,,,,,,,,,Y,4,0,1,1,A,-,03,22350,,N,E,I,A,A,H,-,B,D,0,,,,,Y,,D,22,0,0,1,0,0,0,0,0,0,"- ","- ",,,PLACER,ROSEVILLE,-121.34366607666016,38.794910430908203
9660863,2023,2024-06-27,3104,2023-01-14,1238,296,42,6,5,4,3104,0,0,0,,0,001,"SIERRA COLLEGE BL","SCHRIBER WY",0.00,,Y,A,-,N,,,,,,,,,,Y,2,0,2,2,A,-,12,21453,A,N,D,C,A,B,H,-,A,A,0,,,,,Y,,A,07,1,1,0,0,0,0,0,0,0,"- ","- ",38.800521850585938,-121.20538330078125,PLACER,ROCKLIN,-121.20552062988281,38.799442291259766
9665755,2024,2024-05-28,3104,2024-03-18,"812 ",309,37,1,5,4,3104,0,0,0,,0,002,"SPRINGVIEW DR","S WHITNEY BLVD",0.00,W,N,A,-,N,,,,,,,,,,N,3,0,1,2,A,-,09,21803,A,N,D,C,A,A,H,-,A,D,0,,,,,Y,,A,01,0,1,0,0,0,0,0,0,0,"- ","- ",38.780860900878906,-121.25966644287109,PLACER,ROCKLIN,-121.25974273681641,38.780982971191406
9666376,2024,2024-05-16,3105,2024-03-02,1042,1184,,6,5,5,3105,0,0,0,,0,007,"FIDDYMENT RD","DEL WEBB AV",0.00,,Y,A,-,N,,,,,,,,,,Y,4,0,1,2,A,-,08,22107,,N,B,C,A,A,H,-,A,D,0,,,,,Y,Y,A,01,0,0,1,0,0,0,0,0,0,"- ","- ",38.766159057617188,-121.35871124267578,PLACER,ROSEVILLE,-121.35851287841797,38.776805877685547
9671745,2024,2024-05-03,3105,2024-02-09,1627,1134,,5,5,5,3105,0,0,0,,0,006,"PLEASANT GROVE BL","MICHENER DR",0.00,,Y,A,-,N,,,,,,,,,,N,4,0,1,2,A,-,12,21453,A,N,D,C,A,A,H,-,A,A,0,,,,,Y,,A,01,0,0,1,0,0,0,0,0,0,"- ","- ",,,PLACER,ROSEVILLE,-121.33753204345703,38.768218994140625
9675698,2024,2024-03-14,3101,2024-02-06,1553,A824,AU14,2,5,3,3101,0,0,0,,0,0A2,"AEOLIA DR","AEOLIA DR 134",0.00,W,N,A,-,N,,,,,,,,,,N,3,0,1,2,A,-,08,22107,,M,G,B,E,A,E,-,A,D,0,Y,,,,Y,,A,01,0,1,0,0,1,0,0,0,0,"- ","- ",38.904251098632812,-121.06448364257812,PLACER,AUBURN,,
9682322,2024,2024-04-12,3101,2024-02-15,1440,A832,AU12,4,5,3,3101,0,0,0,,0,0A1,"GRASS VALLEY HWY","FULWEILER AV",0.00,,Y,A,-,Y,PLA,3,49,-,-,3.500,H,-,S,Y,4,0,1,2,A,-,09,21804,A,N,D,C,A,A,H,-,A,A,0,,,,,Y,Y,A,01,0,0,1,0,0,0,0,0,0,"- ","- ",38.904708862304688,-121.07407379150391,PLACER,AUBURN,-121.07637786865234,38.904384613037109
9688003,2024,2024-06-19,3105,2024-04-01,2011,1137,,1,5,5,3105,0,0,0,,0,003,"W WHYTE AV","CRESCENDO DR",185.00,E,N,A,-,N,,,,,,,,,,Y,3,0,3,2,A,-,05,21651,B,N,A,C,A,A,H,-,C,D,0,,,,,Y,Y,A,01,0,3,0,0,0,0,0,0,0,"- ","- ",,,PLACER,ROSEVILLE,-121.29473114013672,38.722049713134766
9688722,2024,2024-06-10,3105,2024-04-02,1558,1209,,2,5,5,3105,0,0,0,,0,007,"OAK MEADOW DR","FIDDYMENT RD",635.00,E,N,A,-,N,,,,,,,,,,Y,4,0,2,3,A,-,03,22350,,N,C,C,A,A,H,-,A,A,0,,,,,Y,,D,72,0,0,2,0,0,0,0,0,0,"- ","- ",38.791778564453125,-121.35516357421875,PLACER,ROSEVILLE,,
9689026,2024,2024-06-10,3105,2024-04-04,1230,1217,,4,5,5,3105,0,0,0,,0,006,"PLEASANT GROVE BL","MISTY WOOD DR",0.00,,Y,B,C,N,,,,,,,,,,Y,4,0,1,2,A,-,09,21804,A,N,D,C,A,B,H,-,A,D,0,,,,,Y,,A,01,0,0,1,0,0,0,0,0,0,"- ","- ",38.772308349609375,-121.31548309326172,PLACER,ROSEVILLE,-121.31548309326172,38.772369384765625
9697102,2024,2024-10-04,3105,2024-04-11,"822 ",1142,,4,5,5,3105,0,0,0,,0,002,"SUNRISE AV","FRANCES DR",225.00,N,N,A,-,N,,,,,,,,,,N,4,0,2,2,A,-,07,21658,A,N,B,C,A,A,H,-,A,D,0,,,,,Y,,A,01,0,0,2,0,0,0,0,0,0,"- ","- ",38.740150451660156,-121.27203369140625,PLACER,ROSEVILLE,-121.27203369140625,38.740787506103516
9697377,2024,2024-06-04,3104,2024-04-25,1359,295,23,4,5,4,3104,0,0,0,,0,003,"CREST DR","PARK DR",200.00,S,N,A,-,N,,,,,,,,,,N,4,0,1,1,A,-,03,22350,A,N,E,I,A,A,H,-,A,D,0,,,,,Y,,A,07,0,0,1,0,0,0,0,0,0,"- ","- ",38.814411163330078,-121.24102020263672,PLACER,ROCKLIN,-121.23760986328125,38.820152282714844
9699248,2024,2024-06-13,3105,2024-04-29,2500,1145,,1,5,5,3105,0,0,0,,0,004,"ZINFANDEL DR","FOOTHILLS BL",8.00,E,N,A,-,N,,,,,,,,,,Y,4,0,1,2,A,-,08,22107,,N,D,C,A,A,H,-,A,D,0,,,,Y,Y,,A,01,0,0,1,0,0,0,0,0,0,"- ","- ",,,PLACER,ROSEVILLE,-121.30940246582031,38.747150421142578
9700419,2024,2024-06-27,3105,2024-05-15,"750 ",1080,,3,5,5,3105,0,0,0,,0,001,"E ROSEVILLE PW","SECRET RAVINE PK",0.00,,Y,A,-,N,,,,,,,,,,Y,3,0,2,2,A,-,12,21453,A,N,D,C,A,A,H,-,A,A,0,,,,,Y,,A,01,0,1,1,0,0,0,0,0,0,"- ","- ",38.761749267578125,-121.24772644042969,PLACER,ROSEVILLE,-121.24774932861328,38.761756896972656
9706535,2024,2024-07-26,3105,2024-06-10,1806,1128,,1,5,5,3105,0,0,0,,0,002,"TIFFANY CIR","OAK RIDGE DR",16.00,E,N,A,-,N,,,,,,,,,,N,3,0,1,2,A,-,10,21950,A,N,G,B,B,A,H,-,A,A,0,Y,,,,Y,,A,01,0,1,0,0,1,0,0,0,0,"- ","- ",,,PLACER,ROSEVILLE,-121.26748657226562,38.73638916015625
9709902,2024,2024-08-06,3105,2024-06-25,1101,1183,,2,5,5,3105,0,0,0,,0,003,"DOUGLAS BL","FOLSOM RD",0.00,,Y,A,-,N,,,,,,,,,,N,4,0,1,3,A,-,01,23152,F,N,C,C,A,A,H,-,A,A,0,,,,,Y,Y,A,01,0,0,1,0,0,0,0,0,0,"- ","- ",38.743000030517578,-121.2760009765625,PLACER,ROSEVILLE,-121.27669525146484,38.743999481201172
9710669,2024,2024-10-17,3105,2024-07-12,1320,1175,,5,5,5,3105,0,0,0,,0,005,"WASHINGTON BL","ROSEVILLE PKWY",760.00,N,N,A,-,N,,,,,,,,,,Y,3,0,2,2,A,-,09,21801,A,N,D,C,A,A,H,-,A,D,0,,,,,Y,,D,22,0,1,1,0,0,0,0,0,0,"- ","- ",38.789710998535156,-121.30062103271484,PLACER,ROSEVILLE,-121.30064392089844,38.789424896240234
9711170,2024,2024-08-19,3105,2024-07-07,1915,1208,,7,5,5,3105,0,0,0,,0,002,"EAST ROSEVILLE PKWY","SIERRA COLLEGE BL",0.00,,Y,A,-,N,,,,,,,,,,Y,3,0,2,2,A,-,12,21453,A,N,F,C,A,A,H,-,A,A,0,,,,,Y,,A,01,0,2,0,0,0,0,0,0,0,"- ","- ",38.73114013671875,-121.22611999511719,PLACER,ROSEVILLE,-121.22586059570312,38.730976104736328
9722232,2024,2024-09-17,3104,2024-08-28,2157,320,22,3,5,4,3104,0,0,0,,0,003,"PARK DR","BLACK OAK DR",450.00,W,N,A,-,N,,,,,,,,,,Y,3,0,2,2,A,-,01,23152,A,N,C,E,A,A,H,-,C,D,0,,,,,Y,Y,A,01,0,2,0,0,0,0,0,0,0,"- ","- ",38.837139129638672,-121.22989654541016,PLACER,ROCKLIN,-121.23258209228516,38.837902069091797
9722914,2024,2024-09-23,3105,2024-09-04,1710,1169,,3,5,5,3105,0,0,0,,0,004,"BIRCH ST","CIRCUIT DR",0.00,,Y,A,-,N,,,,,,,,,,Y,4,0,2,4,A,-,09,21801,B,N,D,C,A,A,H,-,B,D,0,,,,,Y,,A,01,0,0,2,0,0,0,0,0,0,"- ","- ",,,PLACER,ROSEVILLE,-121.29396820068359,38.751010894775391
9723034,2024,2024-09-24,3105,2024-08-27,1544,1208,,2,5,5,3105,0,0,0,,0,004,"PLEASANT GROVE BL","FOOTHILLS BL",250.00,E,N,A,-,N,,,,,,,,,,N,4,0,1,2,A,-,07,21658,A,N,B,C,A,A,H,-,A,A,0,,,,,Y,,D,22,0,0,1,0,0,0,0,0,0,"- ","- ",,,PLACER,ROSEVILLE,-121.31200408935547,38.772449493408203
9723788,2024,2024-10-16,3105,2024-09-16,1255,1196,,1,5,5,3105,0,0,0,,0,004,"WASHINGTON BL","LINCOLN ST",0.00,,Y,A,-,N,,,,,,,,,,Y,4,0,1,2,A,-,09,21803,A,N,B,C,A,A,H,-,A,D,0,,,,,Y,,A,01,0,0,1,0,0,0,0,0,0,"- ","- ",,,PLACER,ROSEVILLE,-121.28859710693359,38.756988525390625
9734510,2024,2024-09-27,3105,2024-09-03,1638,1072,,2,5,5,3105,0,0,0,,0,003,"SUNRISE AV","CIRBY WY",321.00,N,N,A,-,N,,,,,,,,,,N,4,0,1,2,A,-,03,22350,,N,C,C,A,A,H,-,A,A,0,,,,,Y,,A,01,0,0,1,0,0,0,0,0,0,"- ","- ",,,PLACER,ROSEVILLE,-121.27208709716797,38.730392456054688
9735370,2024,2024-10-29,3105,2024-10-16,1651,1226,,3,5,5,3105,0,0,0,,0,006,"BASELINE RD","CAROLYN CT",80.00,W,N,A,-,N,,,,,,,,,,Y,4,0,3,4,A,-,03,22350,,N,C,C,A,A,H,-,A,D,0,,,,,Y,,A,07,0,0,3,0,0,0,0,0,0,"- ","- ",,,PLACER,ROSEVILLE,-121.33962249755859,38.751857757568359
9747868,2024,2025-01-07,3105,2024-12-19,1742,1072,,4,5,5,3105,0,0,0,,0,004,"WASHINGTON BL","CORPORATION YARD RD",400.00,S,N,A,-,N,,,,,,,,,,N,4,0,1,2,A,-,00,21809,A,N,G,B,E,A,H,-,C,D,0,Y,,,,Y,,D,22,0,0,1,0,1,0,0,0,0,"- ","- ",,,PLACER,ROSEVILLE,-121.29018402099609,38.758567810058594
9750092,2024,2024-11-05,3104,2024-10-24,1652,337,7,4,5,4,3104,0,0,0,,0,004,"WHITNEY RANCH PKWY","WILDCAT BL",0.00,,Y,A,-,N,,,,,,,,,,Y,3,0,1,2,D,-,00,,,N,A,C,A,A,H,-,A,A,0,,,,,Y,,-,"- ",0,1,0,0,0,0,0,0,0,"- ","- ",38.830551147460938,-121.28795623779297,PLACER,ROCKLIN,-121.28809356689453,38.8304443359375
9750907,2024,2024-12-06,3105,2024-11-09,2134,1212,,6,5,5,3105,0,0,0,,0,004,"FOOTHILLS BL",DENIO,0.00,,Y,A,-,N,,,,,,,,,,Y,4,0,1,2,A,-,12,21453,A,F,D,C,A,A,H,-,C,A,0,,,,,Y,,A,01,0,0,1,0,0,0,0,0,0,"- ","- ",,,PLACER,ROSEVILLE,-121.30622100830078,38.737926483154297
9755712,2024,2024-11-21,3105,2024-10-29,"929 ",3066,,2,5,5,3105,0,0,0,,0,002,"SUNRISE AV","CONROY LN",0.00,,Y,A,-,N,,,,,,,,,,Y,4,0,2,2,A,-,17,21461,A,N,D,C,A,A,H,-,A,D,0,,,,,Y,,A,07,0,0,2,0,0,0,0,0,0,"- ","- ",,,PLACER,ROSEVILLE,-121.27201843261719,38.737918853759766
9758676,2024,2024-12-16,3105,2024-11-29,"821 ",1222,,5,5,5,3105,0,0,0,,0,006,"BLUE OAKS BL","NEW MEADOW DR",0.00,,Y,A,-,N,,,,,,,,,,Y,4,0,1,2,A,-,12,21453,A,N,D,C,A,A,F,H,A,A,0,,,,,Y,,A,01,0,0,1,0,0,0,0,0,0,"- ","- ",,,PLACER,ROSEVILLE,-121.32157897949219,38.795291900634766
9759093,2024,2024-12-23,3105,2024-10-25,1713,1196,,5,5,5,3105,0,0,0,,0,006,"BASELINE RD","CAROLYN CT",0.00,,Y,A,-,N,,,,,,,,,,Y,4,0,1,4,A,-,03,22350,,N,C,C,A,A,H,-,A,A,0,,,,,Y,,A,01,0,0,1,0,0,0,0,0,0,"- ","- ",,,PLACER,ROSEVILLE,-121.33934020996094,38.751857757568359
9769751,2024,2025-01-08,3101,2024-12-08,1550,A824,AU06,7,5,3,3101,0,0,0,,0,0A2,"AUBURN FOLSOM RD","SOUTHRIDGE DR",0.00,,N,A,-,N,,,,,,,,,,N,2,0,1,2,A,-,09,21804,,N,H,G,A,A,H,-,A,D,0,,,,,Y,,-,,1,0,0,0,0,0,0,0,0,"- ","- ",38.874568939208984,-121.08363342285156,PLACER,AUBURN,-121.08362579345703,38.874565124511719
9777580,2025,2025-03-07,3104,2025-02-11,"831 ",341,25,2,5,4,3104,0,0,0,,0,003,"STANFORD RANCH RD","CREST DR",0.00,,Y,A,-,N,,,,,,,,,,Y,4,0,1,2,A,-,12,22450,A,N,A,C,A,A,H,-,A,A,0,,,,,Y,,A,01,0,0,1,0,0,0,0,0,0,"- ","- ",38.807319641113281,-121.25599670410156,PLACER,ROCKLIN,-121.25600433349609,38.807334899902344
9777917,2025,2025-03-17,3104,2025-02-21,"834 ",283,46,5,5,4,3104,0,0,0,,0,002,"PACIFIC ST","WOODSIDE DR",760.00,S,N,A,-,N,,,,,,,,,,Y,4,0,1,3,A,-,05,21651,A,N,C,C,A,A,H,-,A,D,0,,,,,Y,,A,01,0,0,1,0,0,0,0,0,0,"- ","- ",38.777671813964844,-121.24680328369141,PLACER,ROCKLIN,-121.24837493896484,38.775978088378906
9779181,2025,2025-02-26,3105,2025-01-23,1625,1130,,4,5,5,3105,0,0,0,,0,004,"MAIN ST","FOOTHILL BL",263.00,E,N,A,-,N,,,,,,,,,,Y,4,0,2,2,A,-,09,21804,A,N,D,C,A,A,H,-,A,D,0,,,,,Y,,A,01,0,0,2,0,0,0,0,0,0,"- ","- ",,,PLACER,ROSEVILLE,-121.30846405029297,38.7518310546875
9784166,2025,2025-02-25,3101,2025-02-01,1330,A607,AU12,6,5,3,3101,0,0,0,,0,0A1,"FULWEILER AV","CARSON AV",322.00,W,N,C,-,N,,,,,,,,,,Y,3,0,1,1,A,-,07,21658,,N,B,J,A,B,H,-,A,D,0,,,,,Y,,A,07,0,1,0,0,0,0,0,0,0,"- ","- ",38.903751373291016,-121.08257293701172,PLACER,AUBURN,-121.08068084716797,38.903762817382812
9798207,2025,2025-06-02,3103,2025-05-05,1347,JNERI,L7,1,5,2,3103,0,0,0,,0,0L4,"DEL WEBB BL","FALLEN LEAF LN",889.00,S,N,A,-,N,,,,,,,,,,N,3,0,1,2,A,-,03,22350,,N,C,C,A,A,H,-,A,D,0,,,,,Y,,A,01,0,1,0,0,0,0,0,0,0,"- ","- ",38.856861114501953,-121.27398681640625,PLACER,LINCOLN,-121.27348327636719,38.860012054443359
9798933,2025,2025-06-12,3104,2025-05-22,1219,333,43,4,5,4,3104,0,0,0,,0,001,"ROCKLIN RD","GRANITE DR",425.00,E,N,A,-,N,,,,,,,,,,Y,3,0,1,2,A,-,01,23153,A,F,D,C,A,A,H,-,A,A,0,,,,,Y,Y,A,01,0,1,0,0,0,0,0,0,0,"- ","- ",38.788761138916016,-121.22506713867188,PLACER,ROCKLIN,-121.22479248046875,38.788501739501953
9798937,2025,2025-06-12,3105,2025-05-01,"745 ",1217,,4,5,5,3105,0,0,0,,0,001,"SECRET RAVINE PKWY","SCARBOROUGH DR",0.00,,Y,A,-,N,,,,,,,,,,N,4,0,1,2,A,-,03,22350,,N,C,C,A,A,H,-,A,A,0,,,,,Y,,A,01,0,0,1,0,0,0,0,0,0,"- ","- ",,,PLACER,ROSEVILLE,-121.23747253417969,38.766742706298828
9799041,2025,2025-06-20,3105,2025-06-02,1535,1229,,1,5,5,3105,0,0,0,,0,006,"FOOTHILLS BL","MCNALLY DR",358.00,S,N,A,-,N,,,,,,,,,,N,3,0,1,2,A,-,00,21235,B,N,D,G,A,A,H,-,A,A,0,,,,,Y,,M,94,0,1,0,0,0,0,0,0,0,"- ","- ",,,PLACER,ROSEVILLE,-121.31105804443359,38.762638092041016