CASE_ID,ACCIDENT_YEAR,PROC_DATE,JURIS,COLLISION_DATE,COLLISION_TIME,OFFICER_ID,REPORTING_DISTRICT,DAY_OF_WEEK,CHP_SHIFT,POPULATION,CNTY_CITY_LOC,SPECIAL_COND,BEAT_TYPE,CHP_BEAT_TYPE,CITY_DIVISION_LAPD,CHP_BEAT_CLASS,BEAT_NUMBER,PRIMARY_RD,SECONDARY_RD,DISTANCE,DIRECTION,INTERSECTION,WEATHER_1,WEATHER_2,STATE_HWY_IND,CALTRANS_COUNTY,CALTRANS_DISTRICT,STATE_ROUTE,ROUTE_SUFFIX,POSTMILE_PREFIX,POSTMILE,LOCATION_TYPE,RAMP_INTERSECTION,SIDE_OF_HWY,TOW_AWAY,COLLISION_SEVERITY,NUMBER_KILLED,NUMBER_INJURED,PARTY_COUNT,PRIMARY_COLL_FACTOR,PCF_CODE_OF_VIOL,PCF_VIOL_CATEGORY,PCF_VIOLATION,PCF_VIOL_SUBSECTION,HIT_AND_RUN,TYPE_OF_COLLISION,MVIW,PED_ACTION,ROAD_SURFACE,ROAD_COND_1,ROAD_COND_2,LIGHTING,CONTROL_DEVICE,CHP_ROAD_TYPE,PEDESTRIAN_ACCIDENT,BICYCLE_ACCIDENT,MOTORCYCLE_ACCIDENT,TRUCK_ACCIDENT,NOT_PRIVATE_PROPERTY,ALCOHOL_INVOLVED,STWD_VEHTYPE_AT_FAULT,CHP_VEHTYPE_AT_FAULT,COUNT_SEVERE_INJ,COUNT_VISIBLE_INJ,COUNT_COMPLAINT_PAIN,COUNT_PED_KILLED,COUNT_PED_INJURED,COUNT_BICYCLIST_KILLED,COUNT_BICYCLIST_INJURED,COUNT_MC_KILLED,COUNT_MC_INJURED,PRIMARY_RAMP,SECONDARY_RAMP,LATITUDE,LONGITUDE,COUNTY,CITY,POINT_X,POINT_Y
9452724,2022,2022-06-10,3104,2022-05-10,1945,268,9,2,5,4,3104,0,0,0,,0,004,"UNIVERSITY AV","SUNSET BL",1446.00,S,N,A,-,N,,,,,,,,,,N,4,0,1,2,A,-,09,21804,A,N,D,C,A,-,H,-,A,D,0,,,,,Y,,A,01,0,0,1,0,0,0,0,0,0,"- ","- ",38.8172607421875,-121.29226684570312,PLACER,ROCKLIN,-121.29232025146484,38.8172607421875
94546302,2025,2025-01-22,9220,2025-01-14,1145,015917,,2,1,9,3100,0,1,3,,1,249,"SR-49 (GRASS VALLEY HIGHWAY)","DRY CREEK RD",426.00,N,N,A,-,Y,PLA,,49," "," ",7.511,H,,R,Y,3,0,2,2,A,-,01,23152,F,F,D,C,A,A,H,-,A,D,0,,,,,Y,,A,01,0,1,1,0,0,0,0,0,0,"- ","- ",38.957828521728516,-121.10159301757812,PLACER,UNINCORPORATED,-121.10157012939453,38.957832336425781
94547415,2024,2025-01-23,9221,2024-08-03,"508 ",018600,,6,3,9,3100,0,1,1,,2,386,"I-80 WESTBOUND","DRUM FOREBAY RD",2105.00,E,N,C,-,Y,PLA,,80," "," ",49.383,H,,L,Y,1,1,0,2,A,-,07,21658,A,F,C,C,A,B,H,-,D,D,0,,,,Y,Y,,-,99,0,0,0,0,0,0,0,0,0,"- ","- ",39.242568969726562,-120.7515869140625,PLACER,UNINCORPORATED,-120.75160980224609,39.242580413818359
94550603,2025,2025-01-27,9220,2025-01-19,1345,018291,,7,1,5,3105,0,1,3,,1,265,"SR-65 S/B","PLEASANT GROVE BLVD OC",200.00,N,N,A,-,Y,PLA,,65," ",R,7.430,H,,L,N,3,0,1,2,A,-,03,22350,,N,C,C,A,A,H,-,A,D,0,,,,,Y,,D,22,0,1,0,0,0,0,0,0,0,"- ","- ",38.789051055908203,-121.28933715820312,PLACER,ROSEVILLE,-121.28934478759766,38.789047241210938
94550674,2025,2025-01-27,9220,2025-01-21,"730 ",018291,,2,1,5,3105,0,1,1,,2,281,"I-80 W/B","CIRBY WAY OVERCROSSING",65.00,W,N,A,-,Y,PLA,,80," "," ",0.672,H,,L,N,3,0,1,2,A,-,03,22350,,N,C,C,A,A,H,-,A,D,0,,,,,Y,,A,01,0,1,0,0,0,0,0,0,0,"- ","- ",38.729179382324219,-121.28565979003906,PLACER,ROSEVILLE,-121.28569793701172,38.729206085205078
94562935,2025,2025-02-03,9220,2025-02-01,1700,020465,,6,2,5,3105,0,1,3,,1,265,"SR-65 S/B","BLUE OAKS BLVD",1470.00,S,N,B,C,Y,PLA,,65," ",R,7.779,H,,L,N,4,0,6,2,A,-,03,22350,,N,C,C,A,B,H,-,B,D,0,,,,,Y,,A,07,0,0,6,0,0,0,0,0,0,"- ","- ",38.792251586914062,-121.29434967041016,PLACER,ROSEVILLE,-121.29437255859375,38.792232513427734
94566382,2025,2025-02-05,9220,2025-02-04,1435,016429,,2,2,9,3100,0,3,5,,2,070,"PENRYN RD","BOULDER CREEK RD",1145.00,S,N,B,C,N,,,,,,,,,,N,3,0,1,2,A,-,03,22350,,N,C,C,A,B,H,-,A,D,0,,,,,Y,,A,07,0,1,0,0,0,0,0,0,0,"- ","- ",38.829059600830078,-121.16867065429688,PLACER,UNINCORPORATED,-121.16839599609375,38.832626342773438
94574556,2025,2025-02-11,9220,2025-02-06,1309,015961,,4,1,4,3104,0,1,1,,2,281,"I-80 W/B","ROCKLIN RD U/C.",75.00,W,N,B,C,Y,,,,,,,,,,Y,4,0,1,1,A,-,08,22107,,N,E,I,A,B,H,-,A,D,0,,,,,Y,,A,01,0,0,1,0,0,0,0,0,0,"- ","- ",38.788219451904297,-121.22399139404297,PLACER,ROCKLIN,-121.22383117675781,38.787628173828125
94574618,2025,2025-02-11,9221,2025-02-06,1049,024225,,4,1,9,3100,0,1,1,,2,386,"I 80 EASTBOUND","BLUE CANYON RD",2600.00,E,N,D,-,Y,PLA,,80," "," ",53.844,H,,R,N,3,0,1,2,A,-,03,22350,,N,C,C,A,B,H,-,A,A,0,,,,,Y,,A,01,0,1,0,0,0,0,0,0,0,"- ","- ",39.287208557128906,-120.69613647460938,PLACER,UNINCORPORATED,-120.69613647460938,39.287208557128906
94581703,2025,2025-02-17,9220,2025-02-13,"823 ",019465,,4,1,5,3105,0,1,1,,2,281,"I-80 W/B","LEAD HILL BOULEVARD",120.00,W,N,B,C,Y,PLA,,80," "," ",2.541,H,,L,Y,2,0,1,3,A,-,07,21658,A,N,D,C,A,D,H,-,A,D,0,,,,,Y,,A,01,1,0,0,0,0,0,0,0,0,"- ","- ",38.751438140869141,-121.26612091064453,PLACER,ROSEVILLE,-121.26608276367188,38.751422882080078
9458741,2022,2022-06-14,3101,2022-05-20,0740,A716,AU12,5,5,3,3101,0,0,0,,0,0A1,"PLACER ST","NEVADA ST",0.00,,Y,A,-,N,,,,,,,,,,Y,3,0,1,2,A,-,09,21801,A,N,A,D,A,A,H,-,A,A,0,,,Y,,Y,,A,01,0,1,0,0,0,0,0,0,1,"- ","- ",38.897178649902344,-121.07984924316406,PLACER,AUBURN,-121.07986450195312,38.897136688232422
94588190,2025,2025-02-24,9221,2025-02-19,1531,019869,,3,2,9,3100,0,1,1,,2,385,"INTERSTATE 80 EASTBOUND","ALTA BONNYNOOK RD",1931.00,E,N,C,-,Y,PLA,,80," "," ",45.137,H,,R,N,4,0,1,1,A,-,08,22107,,N,E,I,A,B,H,-,A,D,0,,,,,Y,,A,01,0,0,1,0,0,0,0,0,0,"- ","- ",39.203140258789062,-120.80539703369141,PLACER,UNINCORPORATED,-120.80540466308594,39.203147888183594
94590396,2024,2025-08-21,9221,2024-08-16,2113,019565,,5,2,9,3100,0,1,1,,2,386,"I-80 E/B","NYACK RD",1584.00,E,N,A,-,Y,PLA,,80," ",R,55.136,H,,R,Y,1,1,0,1,A,-,08,22107,,N,E,8,A,A,H,-,D,D,0,,,,Y,Y,,G,25,0,0,0,0,0,0,0,0,0,"- ","- ",39.295658111572266,-120.67498016357422,PLACER,UNINCORPORATED,-120.67504119873047,39.295684814453125
94594942,2025,2025-03-03,9220,2025-02-07,1402,018526,,5,2,9,3100,0,1,3,,1,249,"SR-49 (GRASS VALLEY HIGHWAY)","LIVE OAK LANE",130.00,S,N,B,-,Y,PLA,,49," "," ",5.015,H,,R,Y,4,0,1,2,C,-,18,,,N,B,2,A,A,H,-,A,D,0,,,,,Y,,-,"- ",0,0,1,0,0,0,0,0,0,"- ","- ",38.924949645996094,-121.08455657958984,PLACER,UNINCORPORATED,-121.08454132080078,38.924961090087891
94598723,2025,2025-03-12,9220,2025-02-25,"724 ",016682,,2,1,9,3100,0,2,4,,2,071,"SIERRA COLLEGE BLVD.","TWELVE BRIDGES DR",0.00,,Y,A,-,N,,,,,,,,,,N,4,0,2,2,A,-,09,21802,A,N,D,C,A,A,H,-,A,A,0,,,,,Y,,A,01,0,0,2,0,0,0,0,0,0,"- ","- ",38.867359161376953,-121.23148345947266,PLACER,UNINCORPORATED,-121.2314453125,38.867374420166016
94598922,2025,2025-03-13,9220,2025-03-03,1605,020392,,1,2,9,3100,0,1,3,,1,267,"SR-65 N/B","WHEATLAND ROAD",976.00,S,N,B,-,Y,PLA,,65," ",R,23.230,H,,R,Y,4,0,1,2,A,-,03,22350,,N,C,C,A,A,H,-,A,D,0,,,,,Y,,A,01,0,0,1,0,0,0,0,0,0,"- ","- ",38.994598388671875,-121.39729309082031,PLACER,UNINCORPORATED,-121.39730072021484,38.994590759277344
9460603,2022,2022-08-03,3105,2022-06-05,1123,1114,,7,5,5,3105,0,0,0,,0,005,"W FAIRWAY DR","N ROSEHALL DR N",0.00,,Y,C,-,N,,,,,,,,,,Y,3,0,1,1,A,-,03,22350,,N,C,C,A,B,H,-,A,A,0,,,,,Y,,A,01,0,1,0,0,0,0,0,0,0,"- ","- ",38.790561676025391,-121.28685760498047,PLACER,ROSEVILLE,-121.28684997558594,38.790538787841797
94611906,2025,2025-03-20,9220,2025-03-07,"520 ",022556,,5,3,9,3100,0,2,4,,1,013,"WALERGA RD","TOWN CENTER AVENUE",0.00,,Y,A,-,N,,,,,,,,,,Y,2,0,1,1,A,-,03,22350,,N,F,0,A,A,H,-,C,D,0,,,Y,,Y,,C,02,1,0,0,0,0,0,0,0,1,"- ","- ",38.74530029296875,-121.364501953125,PLACER,UNINCORPORATED,-121.36464691162109,38.745262145996094
94612956,2025,2025-03-21,9220,2025-03-13,"750 ",015961,,4,1,9,3100,0,2,4,,2,022,"DOUGLAS BLVD E/B","BARTON RD",845.00,W,N,B,-,N,,,,,,,,,,Y,3,0,1,2,A,-,03,22350,,N,C,C,A,B,H,-,A,D,0,,,,,Y,,A,01,0,1,0,0,0,0,0,0,0,"- ","- ",38.744010925292969,-121.19193267822266,PLACER,UNINCORPORATED,-121.19215393066406,38.744026184082031
94629651,2025,2025-03-27,9220,2025-03-07,1400,016031,,5,2,5,3105,0,1,1,,2,281,"I-80 W/B","CIRBY WAY (OVERCROSSING)",850.00,E,N,A,-,Y,PLA,,80," "," ",0.856,H,,L,Y,4,0,2,3,A,-,08,22107,,N,B,C,A,A,H,-,A,D,0,,,,Y,Y,,G,25,0,0,2,0,0,0,0,0,0,"- ","- ",38.731361389160156,-121.28334808349609,PLACER,ROSEVILLE,-121.28334045410156,38.731353759765625
94636295,2025,2025-04-03,9220,2025-03-23,1945,021079,,7,2,9,3100,0,3,5,,2,040,"ATWOOD RD","RICHARDSON DR",1500.00,W,N,A,-,N,,,,,,,,,,N,2,0,1,1,A,-,08,22107,,N,F,A,A,A,H,-,B,D,0,,,,,Y,,M,94,1,0,0,0,0,0,0,0,0,"- ","- ",38.934669494628906,-121.1121826171875,PLACER,UNINCORPORATED,-121.11083984375,38.934738159179688
94636319,2025,2025-04-03,9220,2025-03-25,1525,018382,,2,2,9,3100,0,3,5,,2,010,"COOK RIOLO RD","PFE RD",0.00,,Y,A,-,N,,,,,,,,,,N,3,0,1,2,A,-,09,21802,A,N,D,B,A,A,H,-,A,A,0,,,,,Y,,M,94,0,1,0,0,0,0,0,0,0,"- ","- ",38.729030609130859,-121.33689880371094,PLACER,UNINCORPORATED,-121.33689117431641,38.729015350341797
94640161,2025,2025-04-07,9220,2025-03-24,1650,018213,,1,2,9,3100,0,2,4,,2,062,"FORESTHILL RD","TODD VALLEY RD",0.00,,Y,C,-,N,,,,,,,,,,N,4,0,1,2,A,-,09,21802,,N,D,C,A,A,H,-,A,D,0,,,,,Y,,A,08,0,0,1,0,0,0,0,0,0,"- ","- ",39.000701904296875,-120.86177825927734,PLACER,UNINCORPORATED,-120.87491607666016,38.998260498046875
9464221,2023,2025-03-13,3105,2023-01-31,"442 ",143,,2,5,5,3105,0,0,0,,0,001,"TAYLOR RD","EAST ROSEVILLE PKWY",1056.00,N,N,A,-,Y,PLA,3,80,-,-,3.601,R,4,E,N,1,1,0,2,A,-,05,21650,,N,A,G,A,A,H,-,D,D,0,,Y,,,Y,,L,04,0,0,0,0,0,1,0,0,0,"- ","- ",38.766590118408203,-121.25556945800781,PLACER,ROSEVILLE,-121.25667572021484,38.764759063720703
94645126,2025,2025-04-10,9220,2025-04-01,1415,015917,,2,2,9,3100,0,1,3,,1,249,"SR-49 (GRASS VALLEY HIGHWAY)","HULBERT WAY",36.00,S,N,F,-,Y,PLA,,49," "," ",5.414,H,,R,N,4,0,3,2,A,-,03,22350,,N,C,C,A,B,H,-,A,A,0,,,,,Y,,A,01,0,0,3,0,0,0,0,0,0,"- ","- ",38.929611206054688,-121.08847808837891,PLACER,UNINCORPORATED,-121.08842468261719,38.929637908935547
9465107,2022,2023-01-13,3105,2022-11-18,1612,1130,,5,5,5,3105,0,0,0,,0,003,"DOUGLAS BL","FOLSOM RD",111.00,E,N,A,-,N,,,,,,,,,,N,4,0,1,2,A,-,03,22350,,M,C,C,A,A,H,-,A,A,0,,,,,Y,,A,07,0,0,1,0,0,0,0,0,0,"- ","- ",38.743961334228516,-121.27665710449219,PLACER,ROSEVILLE,-121.27629852294922,38.744007110595703
94655152,2025,2025-04-18,9222,2025-04-08,2154,020259,,2,2,9,3100,0,1,3,,1,013,SR-89,"OLYMPIC VALLEY RD.",8923.00,N,N,A,-,Y,PLA,,89," "," ",15.341,H,,R,Y,3,0,1,1,A,-,01,23152,A,N,E,I,A,A,H,-,D,A,0,,,,,Y,Y,A,01,0,1,0,0,0,0,0,0,0,"- ","- ",39.227249145507812,-120.20530700683594,PLACER,UNINCORPORATED,-120.20529937744141,39.227252960205078
94656685,2025,2025-04-21,9220,2025-04-11,1010,014512,,5,1,9,3100,0,1,3,,1,267,SR-65,"RIOSA ROAD",2798.00,S,N,A,-,Y,PLA,,65," ",R,21.403,H,,R,Y,3,0,2,2,A,-,05,21460,,N,A,C,A,A,H,-,A,D,0,,,,,Y,,A,01,0,2,0,0,0,0,0,0,0,"- ","- ",38.954418182373047,-121.37151336669922,PLACER,UNINCORPORATED,-121.37151336669922,38.954418182373047
94663202,2025,2025-05-01,9220,2025-04-20,"42  ",020520,,7,3,9,3100,0,3,5,,2,010,"SUNSET BLVD W","PETTIGREW RD",237.00,E,N,A,-,N,,,,,,,,,,Y,3,0,4,2,A,-,05,21460,A,N,A,C,A,A,H,-,D,D,0,,,,,Y,,A,01,0,3,1,0,0,0,0,0,0,"- ","- ",38.8243408203125,-121.42533874511719,PLACER,UNINCORPORATED,-121.42543029785156,38.824378967285156
9466605,2022,2023-01-30,3103,2022-11-18,1243,WCOLL,L7,5,5,2,3103,0,0,0,,0,0L4,"LINCOLN BL","ENTERANCE OF SAFEWAY CENER",0.00,,Y,A,-,N,,,,,,,,,,Y,4,0,1,2,A,-,12,21453,A,N,D,C,A,A,H,-,A,A,0,,,,,Y,,D,22,0,0,1,0,0,0,0,0,0,"- ","- ",38.879631042480469,-121.29543304443359,PLACER,LINCOLN,,
9466924,2022,2023-01-20,3105,2022-11-21,0645,1172,,1,5,5,3105,0,0,0,,0,001,"TAYLOR RD","E ROSEVILLE PKWY E",0.00,,Y,A,-,N,,,,,,,,,,Y,4,0,1,2,A,-,03,22350,1,N,C,C,A,A,H,-,A,A,0,,,,,Y,,A,01,0,0,1,0,0,0,0,0,0,"- ","- ",38.762008666992188,-121.255859375,PLACER,ROSEVILLE,-121.25586700439453,38.762008666992188
94673007,2025,2025-05-02,9220,2025-04-21,2300,019040,,1,3,9,3100,0,2,4,,2,051,"PLACER HILLS RD","WHISPERING PINES RD",215.00,N,N,A,-,N,,,,,,,,,,Y,4,0,1,1,A,-,08,22107,,M,E,I,A,A,H,-,B,D,0,,,,,Y,,D,22,0,0,1,0,0,0,0,0,0,"- ","- ",39.032989501953125,-121.00459289550781,PLACER,UNINCORPORATED,-121.00456237792969,39.032764434814453
94678611,2025,2025-05-07,9220,2025-04-28,2205,019040,,1,3,9,3100,0,1,3,,1,249,"SR-49 (GRASS VALLEY HIGHWAY)","LUTHER RD",500.00,S,N,A,-,Y,PLA,,49," "," ",5.115,H,,R,N,3,0,1,2,A,-,03,22350,,N,B,B,E,A,H,-,D,D,0,Y,Y,,,Y,,L,04,0,1,0,0,0,0,1,0,0,"- ","- ",38.926200866699219,-121.08556365966797,PLACER,UNINCORPORATED,-121.0855712890625,38.926197052001953
9467925,2022,2023-01-06,3105,2022-10-31,0833,143,,1,5,5,3105,0,0,0,,0,003,"CIRBY WY","SUNRISE AV",250.00,E,N,A,-,N,,,,,,,,,,Y,4,0,1,2,A,-,08,22107,,N,D,C,A,D,H,-,A,D,0,,,,,Y,,A,01,0,0,1,0,0,0,0,0,0,"- ","- ",38.7310791015625,-121.27133941650391,PLACER,ROSEVILLE,-121.27121734619141,38.729511260986328
94692108,2025,2025-05-19,9221,2025-05-13,1410,019446,,2,2,9,3100,0,1,1,,2,384,"I-80 W/B","SECERET TOWN ROAD",7392.00,E,N,B,-,Y,PLA,,80," "," ",39.745,H,,L,N,4,0,1,1,A,-,08,22107,,N,E,I,A,B,H,-,A,D,0,,,,,Y,,-,"- ",0,0,1,0,0,0,0,0,0,"- ","- ",39.160228729248047,-120.8759765625,PLACER,UNINCORPORATED,-120.87604522705078,39.160259246826172
9469826,2023,2023-10-04,3105,2023-07-25,2005,1158,,2,5,5,3105,0,0,0,,0,007,"FIDDYMENT RD","BLUE OAKS BL",50.00,N,N,A,-,N,,,,,,,,,,N,4,0,2,2,A,-,01,23152,A,N,C,C,A,A,H,-,A,A,0,,,,,Y,Y,A,07,0,0,2,0,0,0,0,0,0,"- ","- ",38.791610717773438,-121.35867309570312,PLACER,ROSEVILLE,-121.35868835449219,38.791736602783203
94705799,2025,2025-05-29,9220,2025-04-13,1640,021164,,7,2,9,3100,0,1,1,,2,283,"I-80 W/B","ILLINOISTOWN ROAD (OVERCROSSING)",1400.00,W,N,A,-,Y,PLA,,80," "," ",31.526,H,,L,N,3,0,2,2,A,-,08,22107,,F,E,I,A,A,H,-,E,D,0,,,,,Y,,-,99,0,2,0,0,0,0,0,0,0,"- ","- ",39.074958801269531,-120.96183776855469,PLACER,UNINCORPORATED,-120.96189117431641,39.074974060058594
94707714,2025,2025-05-30,9220,2025-05-21,"545 ",017863,,3,3,9,3100,0,1,1,,2,281,"I-80 E/B","DOUGLAS BLVD. OVERCROSSING",1200.00,W,N,A,-,Y,PLA,,80," "," ",1.744,H,,R,N,4,0,1,2,A,-,08,22107,,N,B,C,A,A,H,-,B,A,0,,,,,Y,,A,01,0,0,1,0,0,0,0,0,0,"- ","- ",38.741058349609375,-121.2725830078125,PLACER,UNINCORPORATED,-121.27265167236328,38.741096496582031
94713345,2025,2025-06-04,9221,2025-05-28,1550,018305,,3,2,9,3100,0,2,S,,2,904,"LINCOLN WAY","FORESTHILL ROAD",238.00,N,N,A,-,N,,,,,,,,,,Y,3,0,1,2,A,-,09,21804,A,N,E,I,A,A,H,-,A,A,0,,,Y,,Y,,D,22,0,1,0,0,0,0,0,0,1,"- ","- ",38.924091339111328,-121.05576324462891,PLACER,UNINCORPORATED,-121.05584716796875,38.923885345458984
94713395,2025,2025-06-04,9220,2025-05-19,1815,017297,,1,2,9,3100,0,1,3,,1,265,"SR 65 S/B FROM SUNSET BLVD","SUNSET BLVD",1056.00,S,N,A,-,Y,PLA,,65," ",R,9.443,H,,L,Y,3,0,1,1,A,-,03,22350,,N,F,A,A,A,H,-,A,D,0,,,,,Y,,A,01,0,1,0,0,0,0,0,0,0,"- ","- ",38.815288543701172,-121.30065155029297,PLACER,UNINCORPORATED,-121.30036926269531,38.815288543701172
94713583,2025,2025-06-04,9220,2025-06-03,1820,016031,,2,2,9,3100,0,1,3,,2,293,"SR-193 W/B","SIERRA COLLEGE BLVD",0.00,,Y,A,-,Y,PLA,,193," "," ",3.003,H,,L,N,4,0,3,2,A,-,03,22350,,N,C,C,A,A,H,-,A,A,0,,,,,Y,,D,22,0,0,3,0,0,0,0,0,0,"- ","- ",38.886569976806641,-121.23795318603516,PLACER,UNINCORPORATED,-121.23795318603516,38.886543273925781
94715236,2025,2025-06-05,9220,2025-05-24,1325,021079,,6,1,9,3100,0,3,5,,2,040,"DRY CREEK RD","RIVER WOODS DR",0.00,,Y,A,-,N,,,,,,,,,,N,4,0,1,2,A,-,09,21802,B,N,D,C,A,A,H,-,A,D,0,,,,,Y,,A,07,0,0,1,0,0,0,0,0,0,"- ","- ",38.956508636474609,-121.11022186279297,PLACER,UNINCORPORATED,-121.11016845703125,38.956462860107422
9471775,2023,2023-11-01,3105,2023-09-28,"950 ",1157,,4,5,5,3105,0,0,0,,0,004,"CIRBY WY","VERNON ST",0.00,,Y,A,-,N,,,,,,,,,,Y,4,0,1,2,A,-,09,21453,C,N,A,C,A,A,H,-,A,A,0,,,,,Y,,D,22,0,0,1,0,0,0,0,0,0,"- ","- ",38.72930908203125,-121.29972839355469,PLACER,ROSEVILLE,-121.29971313476562,38.729286193847656
9471879,2023,2023-12-13,3104,2023-10-19,1533,311,38,4,5,4,3104,0,0,0,,0,003,"SUNSET BL","STANFORD RANCH RD",90.00,W,N,A,-,N,,,,,,,,,,Y,3,0,1,2,A,-,03,22350,,N,C,C,A,A,H,-,A,A,0,,,Y,,Y,,C,02,0,1,0,0,0,0,0,0,1,"- ","- ",38.796249389648438,-121.26497650146484,PLACER,ROCKLIN,-121.26531982421875,38.79632568359375
94720173,2025,2025-06-10,9220,2025-06-03,1535,016031,,2,2,9,3100,0,2,4,,2,071,"SIERRA COLLEGE BLVD","ENGLISH COLONY WAY",750.00,S,N,A,-,N,,,,,,,,,,Y,4,0,1,3,C,-,18,,,N,E,2,A,A,H,-,A,D,0,,,,Y,Y,,-,"- ",0,0,1,0,0,0,0,0,0,"- ","- ",38.861011505126953,-121.2161865234375,PLACER,UNINCORPORATED,-121.21611785888672,38.860881805419922
94726966,2025,2025-06-16,9220,2025-05-25,1440,022556,,7,2,9,3100,0,2,4,,2,075,"TAYLOR ROAD","GOULART RANCH ROAD",291.00,S,N,A,-,N,,,,,,,,,,N,4,0,1,2,A,-,08,22107,,N,D,C,A,A,H,-,A,D,0,,,,,Y,,D,22,0,0,1,0,0,0,0,0,0,"- ","- ",38.864269256591797,-121.15355682373047,PLACER,UNINCORPORATED,-121.1534423828125,38.864406585693359
94729411,2025,2025-06-24,9220,2025-06-15,2150,019830,,7,2,5,3105,0,1,1,,2,281,"I-80 E/B",SR-65,932.00,W,N,A,-,Y,PLA,,80," "," ",3.975,H,,R,Y,4,0,1,1,A,-,08,22107,,N,E,I,A,A,H,-,C,D,0,,,,,Y,,A,01,0,0,1,0,0,0,0,0,0,"- ","- ",38.768058776855469,-121.25125122070312,PLACER,ROSEVILLE,-121.2513427734375,38.768154144287109
94730976,2025,2025-06-18,9220,2025-06-11,1610,016031,,3,2,9,3100,0,1,1,,2,283,"I-80 W/B TO BELL RD","BOWMAN RD",65.00,E,N,A,-,Y,,,,,,,,,,Y,4,0,1,3,A,-,01,23152,F,N,E,8,A,A,H,-,A,D,0,,,,,Y,,D,22,0,0,1,0,0,0,0,0,0,"- ","- ",38.945770263671875,-121.04709625244141,PLACER,UNINCORPORATED,-121.05233764648438,38.938671112060547
94737986,2025,2025-06-24,9220,2025-06-13,1751,020465,,5,2,5,3105,0,1,1,,2,281,"I-80 E/B","TAYLOR ROAD",400.00,E,N,A,-,Y,PLA,,80," "," ",3.806,H,,R,N,4,0,1,3,A,-,03,22350,,N,C,C,A,A,H,-,A,D,0,,,,,Y,,A,01,0,0,1,0,0,0,0,0,0,"- ","- ",38.766590118408203,-121.25373840332031,PLACER,ROSEVILLE,-121.25377655029297,38.766628265380859
9474051,2022,2022-08-25,3105,2022-07-30,1420,1164,,6,5,5,3105,0,0,0,,0,004,"FOOTHILL BL","JUNCTION BL",330.00,N,N,A,-,N,,,,,,,,,,N,3,0,1,2,A,-,10,21950,A,N,D,G,A,A,H,-,A,D,0,,Y,,,Y,,A,08,0,1,0,0,0,0,1,0,0,"- ","- ",38.759128570556641,-121.31002044677734,PLACER,ROSEVILLE,-121.3099365234375,38.760082244873047
94741057,2025,2025-06-26,9220,2025-06-23,2225,018548,,1,3,9,3100,0,1,1,,2,283,"I-80 W/B","APPLEGATE RD",1853.00,E,N,A,-,Y,PLA,,80," "," ",27.746,H,,L,Y,3,0,1,1,A,-,08,22107,,N,E,I,A,A,H,-,D,D,0,,,,,Y,,D,22,0,1,0,0,0,0,0,0,0,"- ","- ",39.022670745849609,-120.97872161865234,PLACER,UNINCORPORATED,-120.97871398925781,39.022666931152344
94741260,2025,2025-06-26,9220,2025-06-23,1605,016429,,1,2,9,3100,0,2,4,,2,056,"BELL RD","BOWMAN RD",35.00,N,N,A,-,N,,,,,,,,,,Y,4,0,2,2,A,-,07,21658,A,N,B,C,A,A,H,-,A,A,0,,,,,Y,,A,01,0,0,2,0,0,0,0,0,0,"- ","- ",38.946308135986328,-121.04753112792969,PLACER,UNINCORPORATED,-121.04746246337891,38.9461669921875
94747512,2025,2025-07-07,9220,2025-06-24,2124,019830,,2,2,9,3100,0,2,4,,2,071,"SIERRA COLLEGE BLVD","TWELVE BRIDGES DR",800.00,S,N,A,-,N,,,,,,,,,,Y,4,0,3,2,A,-,05,21460,,N,A,C,A,A,H,-,D,D,0,,,,,Y,Y,A,07,0,0,3,0,0,0,0,0,0,"- ","- ",38.866100311279297,-121.22904205322266,PLACER,UNINCORPORATED,-121.22911834716797,38.86614990234375
94756926,2025,2025-07-10,9220,2025-06-23,2115,019621,,1,2,9,3100,0,3,5,,2,010,"S. BREWER RD","MOORE RD",3696.00,N,N,A,-,N,,,,,,,,,,Y,3,0,1,1,A,-,01,23152,A,N,E,I,A,A,G,-,D,D,0,,,,,Y,Y,A,01,0,1,0,0,0,0,0,0,0,"- ","- ",38.87786865234375,-121.45165252685547,PLACER,UNINCORPORATED,-121.45170593261719,38.878070831298828
9475811,2022,2022-09-23,3105,2022-06-01,1432,1130,,3,5,5,3105,0,0,0,,0,003,"CIRBY WY","SUNRISE AV",398.00,W,N,A,-,N,,,,,,,,,,N,3,0,1,2,A,-,09,21804,A,F,H,G,A,A,H,-,A,D,0,,Y,,,Y,,A,01,0,1,0,0,0,0,1,0,0,"- ","- ",38.729148864746094,-121.27337646484375,PLACER,ROSEVILLE,-121.27348327636719,38.729511260986328