CASE_ID,ACCIDENT_YEAR,PROC_DATE,JURIS,COLLISION_DATE,COLLISION_TIME,OFFICER_ID,REPORTING_DISTRICT,DAY_OF_WEEK,CHP_SHIFT,POPULATION,CNTY_CITY_LOC,SPECIAL_COND,BEAT_TYPE,CHP_BEAT_TYPE,CITY_DIVISION_LAPD,CHP_BEAT_CLASS,BEAT_NUMBER,PRIMARY_RD,SECONDARY_RD,DISTANCE,DIRECTION,INTERSECTION,WEATHER_1,WEATHER_2,STATE_HWY_IND,CALTRANS_COUNTY,CALTRANS_DISTRICT,STATE_ROUTE,ROUTE_SUFFIX,POSTMILE_PREFIX,POSTMILE,LOCATION_TYPE,RAMP_INTERSECTION,SIDE_OF_HWY,TOW_AWAY,COLLISION_SEVERITY,NUMBER_KILLED,NUMBER_INJURED,PARTY_COUNT,PRIMARY_COLL_FACTOR,PCF_CODE_OF_VIOL,PCF_VIOL_CATEGORY,PCF_VIOLATION,PCF_VIOL_SUBSECTION,HIT_AND_RUN,TYPE_OF_COLLISION,MVIW,PED_ACTION,ROAD_SURFACE,ROAD_COND_1,ROAD_COND_2,LIGHTING,CONTROL_DEVICE,CHP_ROAD_TYPE,PEDESTRIAN_ACCIDENT,BICYCLE_ACCIDENT,MOTORCYCLE_ACCIDENT,TRUCK_ACCIDENT,NOT_PRIVATE_PROPERTY,ALCOHOL_INVOLVED,STWD_VEHTYPE_AT_FAULT,CHP_VEHTYPE_AT_FAULT,COUNT_SEVERE_INJ,COUNT_VISIBLE_INJ,COUNT_COMPLAINT_PAIN,COUNT_PED_KILLED,COUNT_PED_INJURED,COUNT_BICYCLIST_KILLED,COUNT_BICYCLIST_INJURED,COUNT_MC_KILLED,COUNT_MC_INJURED,PRIMARY_RAMP,SECONDARY_RAMP,LATITUDE,LONGITUDE,COUNTY,CITY,POINT_X,POINT_Y
9710452,2024,2024-07-30,3105,2024-06-21,1557,1168,,5,5,5,3105,0,0,0,,0,007,"FIDDYMENT RD","WEST HILLS DR",60.00,N,N,A,-,N,,,,,,,,,,N,4,0,1,2,A,-,12,21453,A,N,A,C,A,A,H,-,A,A,0,,,,,Y,,A,01,0,0,1,0,0,0,0,0,0,"- ","- ",,,PLACER,ROSEVILLE,-121.35851287841797,38.761653900146484
9710773,2024,2024-07-22,3103,2024-03-15,1226,TPARS,L5,5,5,2,3103,0,0,0,,0,0L3,"LINCOLN BL","GATEWAY DR",150.00,S,N,A,-,N,,,,,,,,,,N,3,0,1,2,A,-,04,21703,,N,C,C,A,A,H,-,A,D,0,,,,,Y,,A,01,0,1,0,0,0,0,0,0,0,"- ","- ",38.843799591064453,-121.29299926757812,PLACER,LINCOLN,-121.29364013671875,38.884006500244141
9711599,2024,2024-08-29,3105,2024-08-07,1445,1175,,3,5,5,3105,0,0,0,,0,006,"BLUE OAKS","FOOTHILLS BL",470.00,W,N,A,-,N,,,,,,,,,,N,4,0,2,2,A,-,07,21658,A,N,B,C,A,A,H,-,A,A,0,,,,,Y,,A,01,0,0,2,0,0,0,0,0,0,"- ","- ",38.796131134033203,-121.31600952148438,PLACER,ROSEVILLE,-121.31547546386719,38.795505523681641
9711904,2024,2024-09-05,3105,2024-08-09,1318,3088,,5,5,5,3105,0,0,0,,0,003,"INGLIS WY","CIRBY WY",0.00,,Y,A,-,N,,,,,,,,,,Y,2,0,1,3,A,-,03,22350,,N,C,C,A,A,H,-,A,D,0,,,,,Y,,A,01,1,0,0,0,0,0,0,0,0,"- ","- ",,,PLACER,ROSEVILLE,-121.29771423339844,38.729339599609375
9711905,2024,2024-09-05,3105,2024-08-07,2235,1201,,3,5,5,3105,0,0,0,,0,006,"PLEASANT GROVE BL","GALILEE RD",138.00,E,N,A,-,N,,,,,,,,,,Y,4,0,1,1,A,-,03,22350,,N,E,I,A,A,H,-,C,A,0,,,,,Y,,A,01,0,0,1,0,0,0,0,0,0,"- ","- ",,,PLACER,ROSEVILLE,-121.30472564697266,38.773712158203125
9712542,2024,2024-10-14,3101,2024-08-19,1500,A845,AU12,1,5,3,3101,0,0,0,,0,0A1,"GRASS VALLEY HWY","ELM AVE",0.00,,Y,A,-,N,,,,,,,,,,N,3,0,1,2,A,-,03,22350,,N,G,B,D,A,H,-,A,D,0,Y,,,,Y,,A,01,0,1,0,0,1,0,0,0,0,"- ","- ",38.903759002685547,-121.07586669921875,PLACER,AUBURN,-121.07627105712891,38.903968811035156
9712789,2024,2024-10-14,3101,2024-10-01,1550,A607,AU08,2,5,3,3101,0,0,0,,0,0A2,"PACIFIC AV","SACRAMENTO ST",136.00,E,N,A,-,N,,,,,,,,,,Y,3,0,2,1,A,-,03,22350,,N,E,I,A,A,H,-,A,D,0,,,,,Y,,A,01,0,2,0,0,0,0,0,0,0,"- ","- ",38.885490417480469,-121.0753173828125,PLACER,AUBURN,-121.07548522949219,38.885673522949219
9722075,2024,2024-09-13,3105,2024-08-29,1929,1180,,4,5,5,3105,0,0,0,,0,006,"BLUE OAKS BL","WASHINGTON BL",0.00,,Y,A,-,N,,,,,,,,,,Y,4,0,2,2,A,-,00,22101,A,N,D,C,A,A,H,-,B,A,0,,,,,Y,,A,07,0,0,2,0,0,0,0,0,0,"- ","- ",,,PLACER,ROSEVILLE,-121.30046081542969,38.795200347900391
9722206,2024,2024-09-23,3105,2024-09-06,"900 ",1118,,5,5,5,3105,0,0,0,,0,003,"RIVERSIDE AV","CIRBY WY",0.00,,Y,A,-,N,,,,,,,,,,N,3,0,1,2,A,-,12,21453,A,N,D,G,A,A,H,-,A,A,0,,Y,,,Y,,-,,0,1,0,0,0,0,1,0,0,"- ","- ",,,PLACER,ROSEVILLE,-121.29045867919922,38.729347229003906
9722231,2024,2024-09-18,3105,2024-08-23,1553,1224,,5,5,5,3105,0,0,0,,0,004,"W MAIN ST","WASHINGTON BL",50.00,W,N,B,-,N,,,,,,,,,,N,3,0,1,2,A,-,11,21954,A,N,G,B,D,A,H,-,A,D,0,Y,,,,Y,,N,60,0,1,0,0,1,0,0,0,0,"- ","- ",,,PLACER,ROSEVILLE,-121.28819274902344,38.751949310302734
9722542,2024,2024-09-27,3105,2024-08-01,"42  ",1193,,4,5,5,3105,0,0,0,,0,003,CIRBY,RIVERSIDE,0.00,,Y,A,-,N,,,,,,,,,,Y,4,0,1,2,A,-,01,23152,A,F,B,C,A,A,H,-,C,A,0,,,,,Y,Y,A,01,0,0,1,0,0,0,0,0,0,"- ","- ",38.729339599609375,-121.29048156738281,PLACER,ROSEVILLE,-121.29045867919922,38.729347229003906
9723539,2024,2024-10-10,3104,2024-09-26,"809 ",236,34,4,5,4,3104,0,0,0,,0,002,"ARGONAUT AV","WHITNEY BL",220.00,E,N,A,-,N,,,,,,,,,,Y,3,0,1,2,A,-,10,21950,C,N,C,C,A,A,H,-,A,D,0,,,,,Y,,A,01,0,1,0,0,0,0,0,0,0,"- ","- ",,,PLACER,ROCKLIN,-121.25006866455078,38.797531127929688
9723540,2024,2024-10-15,3104,2024-09-24,1631,333,43,2,5,4,3104,0,0,0,,0,001,"DOMINGUEZ RD","GRANITE DR",4.00,W,N,A,-,N,,,,,,,,,,N,3,0,1,2,A,-,05,21650,,N,H,G,A,A,H,-,A,D,0,,Y,,,Y,,M,91,0,1,0,0,0,0,1,0,0,"- ","- ",38.799301147460938,-121.21283721923828,PLACER,ROCKLIN,-121.212890625,38.799320220947266
9723787,2024,2024-10-15,3105,2024-09-17,"846 ",1071,,2,5,5,3105,0,0,0,,0,004,"MAIN ST","ATKINSON ST",0.00,,Y,A,-,N,,,,,,,,,,N,3,0,1,2,A,-,09,21800,C,N,H,G,A,A,H,-,A,A,0,,Y,,,Y,,A,01,0,1,0,0,0,0,1,0,0,"- ","- ",,,PLACER,ROSEVILLE,-121.29974365234375,38.751857757568359
9724173,2024,2024-10-22,3105,2024-09-22,2500,1208,,7,5,5,3105,0,0,0,,0,002,"SUNRISE AV","DOUGLAS BL",0.00,,Y,A,-,N,,,,,,,,,,N,3,0,1,2,A,-,10,21950,A,F,G,B,B,A,H,-,A,A,0,Y,,,,Y,,A,07,0,1,0,0,1,0,0,0,0,"- ","- ",,,PLACER,ROSEVILLE,-121.26619720458984,38.744098663330078
9726916,2024,2024-12-11,3105,2024-11-30,1927,592,,6,5,5,3105,0,0,0,,0,003,"CIRBY WY","RIVERSIDE AV",52.00,W,N,A,-,N,,,,,,,,,,N,4,0,1,2,A,-,03,22350,,N,C,C,A,A,H,-,C,A,0,,,,,Y,,D,22,0,0,1,0,0,0,0,0,0,"- ","- ",,,PLACER,ROSEVILLE,-121.29064178466797,38.729347229003906
9729007,2024,2024-09-04,3105,2024-08-18,"927 ",1187,,7,5,5,3105,0,0,0,,0,006,"WOODCREEK OAKS BL","CAMINO CAPISTRANO",0.00,,Y,A,-,N,,,,,,,,,,N,3,0,1,2,A,-,12,21453,A,N,D,G,A,A,H,-,A,A,0,,Y,,,Y,,L,04,0,1,0,0,0,0,1,0,0,"- ","- ",,,PLACER,ROSEVILLE,-121.333984375,38.778587341308594
9729008,2024,2024-09-04,3105,2024-08-21,1600,3088,,3,5,5,3105,0,0,0,,0,006,"BLUE OAKS BL","ALANTOWN DR",618.00,W,N,A,-,N,,,,,,,,,,N,4,0,1,2,A,-,03,22350,,N,C,C,A,A,H,-,A,D,0,,,,,Y,,A,01,0,0,1,0,0,0,0,0,0,"- ","- ",,,PLACER,ROSEVILLE,-121.30810546875,38.795318603515625
9733050,2024,2024-11-22,3105,2024-06-06,1739,1143,,4,5,5,3105,0,0,0,,0,004,"GALLERIA BL","ROSEVILLE PKWY",670.00,S,N,A,-,N,,,,,,,,,,N,4,0,1,2,A,-,09,21801,A,N,D,C,A,-,H,-,A,A,0,,,Y,,Y,,A,01,0,0,1,0,0,0,0,0,1,"- ","- ",38.76885986328125,-121.26589965820312,PLACER,ROSEVILLE,-121.26587677001953,38.766860961914062
9733061,2024,2024-11-22,3105,2024-07-17,1738,1143,,3,5,5,3105,0,0,0,,0,002,"EUREKA RD","N SUNRISE N",0.00,,Y,A,-,N,,,,,,,,,,Y,3,0,3,2,A,-,09,21453,C,N,A,C,A,A,H,-,A,A,0,,,,,Y,,A,01,0,2,1,0,0,0,0,0,0,"- ","- ",,,PLACER,ROSEVILLE,-121.255126953125,38.755584716796875
9735364,2024,2024-10-29,3105,2024-10-03,1555,1157,,4,5,5,3105,0,0,0,,0,002,"CIRBY WY","PARKVIEW DR",0.00,,Y,A,-,N,,,,,,,,,,N,2,0,1,2,A,-,05,21650,,N,A,G,A,A,H,-,A,A,0,,Y,,,Y,,L,04,1,0,0,0,0,0,1,0,0,"- ","- ",,,PLACER,ROSEVILLE,-121.26194000244141,38.729572296142578
9737406,2024,2024-10-01,3104,2024-09-18,1910,316,25,3,5,4,3104,0,0,0,,0,003,"SUNSET BL","LITTLE ROCK RD",0.00,,Y,A,-,N,,,,,,,,,,Y,3,0,2,2,A,-,12,21453,A,N,D,C,A,A,H,-,B,A,0,,,,,Y,,A,07,0,1,1,0,0,0,0,0,0,"- ","- ",38.801239013671875,-121.26985931396484,PLACER,ROCKLIN,-121.27004241943359,38.801132202148438
9738622,2024,2024-09-30,3105,2024-09-16,2203,1209,,1,5,5,3105,0,0,0,,0,005,"FAIRWAY DR","ROSEHALL DR",227.00,S,N,A,-,N,,,,,,,,,,Y,3,0,2,2,A,-,01,23153,A,N,B,C,A,A,H,-,C,D,0,,,,,Y,Y,A,01,0,1,1,0,0,0,0,0,0,"- ","- ",,,PLACER,ROSEVILLE,-121.28614044189453,38.790252685546875
9741821,2024,2025-04-23,3105,2024-09-04,"825 ",3062,,3,5,5,3105,0,0,0,,0,002,"DOUGLAS BL","EUREKA RD",0.00,,Y,A,-,N,,,,,,,,,,N,4,0,1,2,A,-,10,21950,A,N,G,B,B,A,H,-,A,A,0,Y,,,,Y,,A,01,0,0,1,0,1,0,0,0,0,"- ","- ",,,PLACER,ROSEVILLE,-121.24710083007812,38.744197845458984
9742407,2024,2024-10-22,3104,2024-10-05,"134 ",324,36,6,5,4,3104,0,0,0,,0,002,"5TH ST","PARKVIEW LN",0.00,,Y,A,-,N,,,,,,,,,,Y,3,0,1,2,A,-,01,23152,A,N,C,C,A,A,H,-,C,A,0,,,,,Y,Y,A,01,0,1,0,0,0,0,0,0,0,"- ","- ",38.796001434326172,-121.23930358886719,PLACER,ROCKLIN,-121.23931121826172,38.795974731445312
9746488,2024,2024-11-04,3105,2024-10-15,"557 ",1203,,2,5,5,3105,0,0,0,,0,006,"BLUE OAKS BL","FOOTHILLS BL",222.00,E,N,A,-,N,,,,,,,,,,Y,4,0,1,3,A,-,03,22350,,N,C,C,A,A,H,-,-,A,0,,,,,Y,,A,01,0,0,1,0,0,0,0,0,0,"- ","- ",,,PLACER,ROSEVILLE,-121.31304931640625,38.795520782470703
9746541,2024,2024-11-04,3105,2024-10-19,2124,1137,,6,5,5,3105,0,0,0,,0,001,"ROSEVILLE PKWY","GALLERIA BL",0.00,,Y,A,-,N,,,,,,,,,,Y,4,0,2,2,A,-,12,21453,A,N,B,C,A,A,H,-,C,A,0,,,,,Y,,A,07,0,0,2,0,0,0,0,0,0,"- ","- ",,,PLACER,ROSEVILLE,-121.26589965820312,38.768695831298828
9750917,2024,2024-12-06,3105,2024-11-08,1920,1169,,5,5,5,3105,0,0,0,,0,005,"GIBSON DR","GIBSON PARKING LOT EXIT",10.00,N,N,A,-,N,,,,,,,,,,N,3,0,1,2,A,-,10,21950,A,N,G,B,B,A,H,-,C,D,0,Y,,,,Y,,A,01,0,1,0,0,1,0,0,0,0,"- ","- ",,,PLACER,ROSEVILLE,,
9755705,2024,2024-11-21,3105,2024-10-22,1108,1015,,2,5,5,3105,0,0,0,,0,,"PLEASANT GROVE BL","ROSEVILLE PKWY",204.00,N,N,A,-,N,,,,,,,,,,Y,4,0,1,2,A,-,03,22350,,N,B,C,A,A,H,-,A,A,0,,,,,Y,,A,01,0,0,1,0,0,0,0,0,0,"- ","- ",,,PLACER,ROSEVILLE,-121.28791809082031,38.778717041015625
9756151,2024,2024-12-02,3105,2024-11-02,1304,1208,,6,5,5,3105,0,0,0,,0,003,"CIRBY WY","RIVERSIDE AV",0.00,,Y,B,-,N,,,,,,,,,,Y,3,0,1,2,A,-,12,21453,A,N,D,C,A,A,H,-,A,A,0,,,,,Y,,D,22,0,1,0,0,0,0,0,0,0,"- ","- ",,,PLACER,ROSEVILLE,-121.29045867919922,38.729347229003906
9757436,2024,2025-02-26,3105,2024-11-01,"457 ",1225,,5,5,5,3105,0,0,0,,0,003,"HIGHLAND POINTE DR","PLEASANT GROVE BL",0.00,,Y,A,-,N,,,,,,,,,,Y,3,0,2,2,A,-,03,22350,,N,D,C,A,A,H,-,C,A,0,,,,,Y,,A,01,0,1,1,0,0,0,0,0,0,"- ","- ",,,PLACER,ROSEVILLE,-121.2867431640625,38.783275604248047
9757439,2024,2024-12-04,3105,2024-11-11,2058,1142,,1,5,5,3105,0,0,0,,0,002,"SIERRA COLLEGE BL","ROSEVILLE PKWY",500.00,S,N,A,-,N,,,,,,,,,,Y,4,0,1,2,A,-,01,23152,A,N,C,C,A,A,H,-,D,D,0,,,,,Y,Y,A,01,0,0,1,0,0,0,0,0,0,"- ","- ",,,PLACER,ROSEVILLE,-121.22583770751953,38.729606628417969
9758364,2024,2024-12-06,3100,2024-10-07,1543,150,PAUL,1,5,2,3106,0,0,0,,0,PAUL,"SIERRA COLLEGE BL","KING RD",697.00,S,N,A,-,N,,,,,,,,,,N,3,0,1,2,A,-,03,22350,,N,C,C,A,A,H,-,A,A,0,,,,Y,Y,Y,A,01,0,1,0,0,0,0,0,0,0,"- ","- ",38.851371765136719,-121.22160339355469,PLACER,LOOMIS,-121.21733856201172,38.823017120361328
9759841,2024,2025-01-23,3105,2024-12-31,1340,1208,,2,5,5,3105,0,0,0,,0,003,"HARDING BL","ESTATES DR",450.00,N,N,A,-,N,,,,,,,,,,N,4,0,1,2,A,-,08,22107,,N,D,G,A,A,H,-,A,D,0,,Y,,,Y,,A,01,0,0,1,0,0,0,1,0,0,"- ","- ",,,PLACER,ROSEVILLE,-121.27082061767578,38.747817993164062
9759843,2024,2025-01-23,3105,2024-12-21,1433,1208,,6,5,5,3105,0,0,0,,0,003,"HARDING BL","ESTATES DR",480.00,N,N,B,-,N,,,,,,,,,,Y,3,0,1,2,A,-,09,21804,A,N,D,C,A,B,H,-,A,D,0,,,,,Y,Y,A,07,0,1,0,0,0,0,0,0,0,"- ","- ",,,PLACER,ROSEVILLE,-121.27075958251953,38.747886657714844
9759849,2024,2025-01-23,3105,2024-12-20,"527 ",1201,,5,5,5,3105,0,0,0,,0,006,"WOODCREEK OAKS BL","JUNCTION BL",0.00,,Y,E,-,N,,,,,,,,,,Y,3,0,2,2,A,-,12,21453,A,M,D,C,A,B,H,-,C,A,0,,,,,Y,,A,07,0,1,1,0,0,0,0,0,0,"- ","- ",,,PLACER,ROSEVILLE,-121.33479309082031,38.758438110351562
9766236,2025,2025-02-27,3105,2025-02-08,1857,1195,,6,5,5,3105,0,0,0,,0,004,"E ATKINSON ST","S BOOTH RD S",0.00,,Y,A,-,N,,,,,,,,,,N,3,0,1,2,A,-,10,21950,A,N,G,B,E,A,-,-,D,D,0,Y,,,,Y,,N,60,0,1,0,0,1,0,0,0,0,"- ","- ",,,PLACER,ROSEVILLE,-121.30595397949219,38.736576080322266
9767211,2025,2025-04-11,3105,2025-03-11,1537,1168,,2,5,5,3105,0,0,0,,0,005,"PLEASANT GROVE BL","ROSEVILLE PKWY",260.00,W,N,A,-,N,,,,,,,,,,Y,4,0,2,2,A,-,08,22107,,N,B,C,A,A,F,H,A,A,0,,,,,Y,,D,22,0,0,2,0,0,0,0,0,0,"- ","- ",,,PLACER,ROSEVILLE,-121.28885650634766,38.777683258056641
9768280,2024,2025-01-31,3105,2024-12-06,"807 ",1229,,5,5,5,3105,0,0,0,,0,003,"RIVERSIDE AV","RT 80",0.00,,Y,A,-,Y,PLA,3,80,-,-,0.565,R,4,W,Y,4,0,1,2,A,-,12,21453,A,N,D,C,A,A,H,-,B,A,0,,,,,Y,,D,22,0,0,1,0,0,0,0,0,0,"- ","- ",,,PLACER,ROSEVILLE,-121.28694152832031,38.728057861328125
9768867,2025,2025-01-29,3105,2025-01-13,1726,1142,,1,5,5,3105,0,0,0,,0,004,"FOOTHILLS BL","SWITCHMAN DR",0.00,,Y,A,-,N,,,,,,,,,,Y,4,0,3,2,A,-,09,21801,A,N,D,C,A,A,H,-,C,D,0,,,,,Y,,A,01,0,0,3,0,0,0,0,0,0,"- ","- ",,,PLACER,ROSEVILLE,-121.30939483642578,38.749958038330078
9768868,2025,2025-01-29,3105,2025-01-19,"16  ",1203,,7,5,5,3105,0,0,0,,0,007,"SANTUCCI BL","BASELINE RD",10.00,N,N,A,-,N,,,,,,,,,,Y,4,0,1,1,A,-,01,23152,A,N,E,I,A,A,H,-,C,A,0,,,,,Y,Y,A,07,0,0,1,0,0,0,0,0,0,"- ","- ",,,PLACER,ROSEVILLE,,
9769845,2024,2025-01-24,3105,2024-12-16,2231,1202,,1,5,5,3105,0,0,0,,0,005,"PLEASANT GROVE BL","RT 65",0.00,,Y,B,-,Y,PLA,3,65,-,R,6.877,R,4,S,Y,4,0,2,2,A,-,08,22107,,N,D,C,A,B,H,-,C,A,0,,,,,Y,,A,01,0,0,2,0,0,0,0,0,0,"- ","- ",,,PLACER,ROSEVILLE,-121.28067779541016,38.784721374511719
9776810,2025,2025-02-11,3105,2025-01-28,1606,1170,,2,5,5,3105,0,0,0,,0,003,"CIRBY WY","CIRBY HILLS DR",297.00,W,N,A,-,N,,,,,,,,,,Y,3,0,1,3,A,-,08,22107,,N,F,C,A,A,H,-,A,D,0,,,,,Y,,A,01,0,1,0,0,0,0,0,0,0,"- ","- ",,,PLACER,ROSEVILLE,-121.28870391845703,38.729358673095703
9777097,2025,2025-02-20,3105,2025-01-26,1324,1208,,7,5,5,3105,0,0,0,,0,002,"SIERRA GARDENS DR","DOUGLAS BL",0.00,,Y,A,-,N,,,,,,,,,,Y,2,0,2,2,A,-,12,21453,A,N,D,C,A,A,H,-,A,A,0,,,,,Y,,A,01,1,0,1,0,0,0,0,0,0,"- ","- ",,,PLACER,ROSEVILLE,-121.25921630859375,38.744270324707031
9779111,2025,2025-02-06,3105,2025-01-27,1843,1158,,1,5,5,3105,0,0,0,,0,006,"WASHINGTON BL","FREEDOM WY",0.00,,Y,A,-,N,,,,,,,,,,Y,4,0,1,2,A,-,12,21453,A,N,D,C,A,A,H,-,C,A,0,,,,,Y,,A,01,0,0,1,0,0,0,0,0,0,"- ","- ",,,PLACER,ROSEVILLE,-121.30057525634766,38.792881011962891
9779118,2025,2025-02-05,3104,2025-01-22,"145 ",320,34,3,5,4,3104,0,0,0,,0,002,"ARGONAUT AV","MIDAS AV",1056.00,W,N,A,-,N,,,,,,,,,,Y,4,0,1,3,A,-,01,23152,A,N,C,C,A,A,H,-,C,D,0,,,,,Y,Y,A,01,0,0,1,0,0,0,0,0,0,"- ","- ",38.798000335693359,-121.24199676513672,PLACER,ROCKLIN,-121.24269866943359,38.798397064208984
9779193,2025,2025-02-12,3105,2025-01-15,"750 ",3066,,3,5,5,3105,0,0,0,,0,003,"CIRBY WY","SUNRISE AV",300.00,W,N,A,-,N,,,,,,,,,,Y,4,0,2,2,A,-,09,21801,A,N,D,C,A,A,H,-,A,D,0,,,,,Y,,D,22,0,0,2,0,0,0,0,0,0,"- ","- ",,,PLACER,ROSEVILLE,-121.27313995361328,38.729511260986328
9779250,2025,2025-02-20,3105,2025-01-15,1551,1168,,3,5,5,3105,0,0,0,,0,007,"ROSE GARDEN LN","DEL WEBB BLVD",0.00,,Y,A,-,N,,,,,,,,,,N,2,0,1,2,A,-,09,21800,A,N,D,G,A,A,H,-,A,A,0,,Y,,,Y,,D,22,1,0,0,0,0,0,1,0,0,"- ","- ",,,PLACER,ROSEVILLE,-121.34590148925781,38.779792785644531
9779385,2025,2025-02-13,3105,2025-01-09,2330,1198,,4,5,5,3105,0,0,0,,0,006,"S FOOTHILLS BL","INNOVATION PKWY",0.00,,Y,A,-,N,,,,,,,,,,N,4,0,1,2,D,-,00,,,F,B,C,A,A,H,-,C,A,0,,,,,Y,,-,"- ",0,0,1,0,0,0,0,0,0,"- ","- ",,,PLACER,ROSEVILLE,,
9780000,2025,2025-03-06,3105,2025-02-16,"26  ",1224,,7,5,5,3105,0,0,0,,0,003,"ATLANTIC ST","EAST ST",430.00,E,N,A,-,N,,,,,,,,,,Y,4,0,1,1,A,-,01,23152,A,M,E,I,A,A,H,-,C,D,0,,,,,Y,Y,D,22,0,0,1,0,0,0,0,0,0,"- ","- ",,,PLACER,ROSEVILLE,-121.2708740234375,38.757606506347656
9780191,2025,2025-03-19,3105,2025-02-16,"953 ",1045,,7,5,5,3105,0,0,0,,0,004,"SHASTA ST","HEATHER WY",400.00,E,N,B,-,N,,,,,,,,,,Y,3,0,1,2,A,-,09,21804,A,N,D,C,A,B,H,-,A,D,0,,,,,Y,,D,22,0,1,0,0,0,0,0,0,0,"- ","- ",,,PLACER,ROSEVILLE,-121.28258514404297,38.76068115234375
9780950,2024,2025-04-01,3103,2024-10-08,2049,DALEE,L8,2,5,2,3103,0,0,0,,0,0L4,"E JOINER PKWY","TWELVE BRIDGES DR",0.00,,N,A,-,N,,,,,,,,,,Y,3,0,1,1,A,-,08,22107,,N,E,I,A,A,H,-,C,D,0,,,,,Y,,A,07,0,1,0,0,0,0,0,0,0,"- ","- ",38.851318359375,-121.28463745117188,PLACER,LINCOLN,-121.28462219238281,38.851318359375
9780956,2024,2025-04-01,3103,2024-09-07,2336,DMALD,L1,6,5,2,3103,0,0,0,,0,0L1,"VENTURE DR","LAKESIDE DR",0.00,,Y,A,-,N,,,,,,,,,,Y,3,0,1,2,A,-,01,23153,A,N,D,C,A,A,H,-,C,D,0,,,,,Y,Y,A,07,0,1,0,0,0,0,0,0,0,"- ","- ",38.908271789550781,-121.32424163818359,PLACER,LINCOLN,-121.32426452636719,38.908267974853516
9781004,2025,2025-04-02,3105,2025-03-03,1031,3066,,1,5,5,3105,0,0,0,,0,006,"INDUSTRIAL AV","GALILEE RD",0.00,,Y,A,-,N,,,,,,,,,,Y,4,0,1,2,A,-,09,21801,A,N,D,C,A,A,H,-,A,D,0,,,,,Y,,A,01,0,0,1,0,0,0,0,0,0,"- ","- ",,,PLACER,ROSEVILLE,-121.30606079101562,38.778640747070312
9781006,2025,2025-04-02,3105,2025-03-08,1436,1208,,6,5,5,3105,0,0,0,,0,003,"DOUGLAS BL","OAK ST",0.00,,Y,A,-,N,,,,,,,,,,Y,3,0,1,2,A,-,09,21802,A,N,F,A,A,A,H,-,A,A,0,,,Y,,Y,,A,01,0,1,0,0,0,0,0,0,1,"- ","- ",,,PLACER,ROSEVILLE,-121.28859710693359,38.743900299072266
9781007,2025,2025-04-02,3105,2025-03-09,1025,1229,,7,5,5,3105,0,0,0,,0,007,"WESTBROOK BL","BASELINE RD",1.00,S,N,A,-,N,,,,,,,,,,Y,4,0,1,2,A,-,03,22350,,N,C,C,A,A,H,-,A,A,0,,,Y,,Y,,A,01,0,0,1,0,0,0,0,0,1,"- ","- ",,,PLACER,ROSEVILLE,,
9781011,2025,2025-04-02,3105,2025-03-24,"620 ",1071,,1,5,5,3105,0,0,0,,0,006,"FOOTHILLS BL","ROSEVILLE PKWY",0.00,,Y,A,-,N,,,,,,,,,,Y,3,0,2,2,A,-,09,21453,C,N,A,C,A,A,H,-,B,A,0,,,,,Y,,A,01,0,1,1,0,0,0,0,0,0,"- ","- ",,,PLACER,ROSEVILLE,-121.31379699707031,38.788120269775391
9781335,2025,2025-02-10,3104,2025-01-27,1406,236,71,1,5,4,3104,0,0,0,,0,001,"ROCKLIN RD","EL DON DR",200.00,W,N,A,-,N,,,,,,,,,,Y,4,0,1,3,A,-,03,22350,,N,C,C,A,A,H,-,A,A,0,,,,,Y,,A,01,0,0,1,0,0,0,0,0,0,"- ","- ",38.788478851318359,-121.21501922607422,PLACER,ROCKLIN,-121.21569061279297,38.788532257080078
9786362,2024,2025-07-11,3105,2024-11-01,2354,143,,5,5,5,3105,0,0,0,,0,004,"FOOTHILLS BL","DENIO LOOP",233.00,N,N,C,-,N,,,,,,,,,,Y,1,1,0,1,A,-,08,22107,,N,E,I,A,B,H,-,C,A,0,,,,,Y,Y,A,01,0,0,0,0,0,0,0,0,0,"- ","- ",,,PLACER,ROSEVILLE,-121.30684661865234,38.73834228515625
9787406,2025,2025-04-18,3104,2025-03-28,2125,342,46,5,5,4,3104,0,0,0,,0,002,"SUNSET BL","PACIFIC ST",0.00,,Y,A,-,N,,,,,,,,,,Y,2,0,3,3,A,-,12,21453,,N,D,C,A,A,H,-,C,A,0,,,,,Y,,A,01,2,1,0,0,0,0,0,0,0,"- ","- ",38.781379699707031,-121.24220275878906,PLACER,ROCKLIN,-121.24221038818359,38.781387329101562
9789407,2024,2025-04-01,3103,2024-10-04,1840,DMALD,L3,5,5,2,3103,0,0,0,,0,0L1,"HOLLINGSWORTH CT","1ST ST",0.00,,Y,A,-,N,,,,,,,,,,N,3,0,1,2,A,-,03,22350,,N,C,E,A,A,H,-,A,D,0,,,,,Y,,A,01,0,1,0,0,0,0,0,0,0,"- ","- ",38.588550567626953,-121.29650115966797,PLACER,LINCOLN,-121.30086517333984,38.88653564453125
9789974,2025,2025-05-14,3101,2025-04-11,1745,A716,AU14,5,5,3,3101,0,0,0,,0,0A2,"GRASS VALLEY HWY","EL DORADO ST",1208.00,E,N,A,-,N,,,,,,,,,,Y,3,0,1,2,A,-,07,21658,,N,B,C,A,A,H,-,A,D,0,,,Y,Y,Y,,C,02,0,1,0,0,0,0,0,0,1,"- ","- ",,,PLACER,AUBURN,,
9792400,2025,2025-03-20,3105,2025-02-19,1428,1130,,3,5,5,3105,0,0,0,,0,006,"FOOTHILLS BL","MCANALLY DR",0.00,,Y,B,-,N,,,,,,,,,,Y,3,0,2,2,A,-,12,21453,A,N,D,C,A,B,H,-,A,A,0,,,,,Y,,A,01,0,1,1,0,0,0,0,0,0,"- ","- ",,,PLACER,ROSEVILLE,-121.311767578125,38.763450622558594
9792965,2025,2025-03-18,3104,2025-03-02,1220,333,44,7,5,4,3104,0,0,0,,0,001,"PACIFIC ST","ROCKLIN RD",43.00,S,N,C,-,N,,,,,,,,,,N,3,0,1,2,A,-,10,21950,A,N,H,G,A,B,H,-,C,A,0,,Y,,,Y,,A,08,0,1,0,0,0,0,1,0,0,"- ","- ",38.790679931640625,-121.23590850830078,PLACER,ROCKLIN,-121.23611450195312,38.790687561035156