CASE_ID,ACCIDENT_YEAR,PROC_DATE,JURIS,COLLISION_DATE,COLLISION_TIME,OFFICER_ID,REPORTING_DISTRICT,DAY_OF_WEEK,CHP_SHIFT,POPULATION,CNTY_CITY_LOC,SPECIAL_COND,BEAT_TYPE,CHP_BEAT_TYPE,CITY_DIVISION_LAPD,CHP_BEAT_CLASS,BEAT_NUMBER,PRIMARY_RD,SECONDARY_RD,DISTANCE,DIRECTION,INTERSECTION,WEATHER_1,WEATHER_2,STATE_HWY_IND,CALTRANS_COUNTY,CALTRANS_DISTRICT,STATE_ROUTE,ROUTE_SUFFIX,POSTMILE_PREFIX,POSTMILE,LOCATION_TYPE,RAMP_INTERSECTION,SIDE_OF_HWY,TOW_AWAY,COLLISION_SEVERITY,NUMBER_KILLED,NUMBER_INJURED,PARTY_COUNT,PRIMARY_COLL_FACTOR,PCF_CODE_OF_VIOL,PCF_VIOL_CATEGORY,PCF_VIOLATION,PCF_VIOL_SUBSECTION,HIT_AND_RUN,TYPE_OF_COLLISION,MVIW,PED_ACTION,ROAD_SURFACE,ROAD_COND_1,ROAD_COND_2,LIGHTING,CONTROL_DEVICE,CHP_ROAD_TYPE,PEDESTRIAN_ACCIDENT,BICYCLE_ACCIDENT,MOTORCYCLE_ACCIDENT,TRUCK_ACCIDENT,NOT_PRIVATE_PROPERTY,ALCOHOL_INVOLVED,STWD_VEHTYPE_AT_FAULT,CHP_VEHTYPE_AT_FAULT,COUNT_SEVERE_INJ,COUNT_VISIBLE_INJ,COUNT_COMPLAINT_PAIN,COUNT_PED_KILLED,COUNT_PED_INJURED,COUNT_BICYCLIST_KILLED,COUNT_BICYCLIST_INJURED,COUNT_MC_KILLED,COUNT_MC_INJURED,PRIMARY_RAMP,SECONDARY_RAMP,LATITUDE,LONGITUDE,COUNTY,CITY,POINT_X,POINT_Y
9889777,2025,2025-12-24,3105,2025-11-29,"550 ",1238,,6,5,5,3105,0,0,0,,0,004,"FOOTHILLS BL","DENIO LOOP",889.00,S,N,A,-,N,,,,,,,,,,Y,2,0,2,2,A,-,03,22350,,N,A,C,A,-,H,-,D,D,0,,,,,Y,,A,01,2,0,0,0,0,0,0,0,0,"- ","- ",,,PLACER,ROSEVILLE,-121.30374145507812,38.736454010009766
9889779,2025,2025-12-23,3105,2025-11-30,"751 ",1145,,7,5,5,3105,0,0,0,,0,002,"DOUGLAS BL","SUNRISE AV",0.00,,Y,B,-,N,,,,,,,,,,Y,3,0,3,2,A,-,01,23153,B,N,D,C,A,B,H,-,A,A,0,,,,Y,Y,Y,F,26,0,1,2,0,0,0,0,0,0,"- ","- ",,,PLACER,ROSEVILLE,-121.26619720458984,38.744098663330078
9889834,2025,2026-01-08,3105,2025-11-21,2145,1212,,5,5,5,3105,0,0,0,,0,007,"BASELINE RD","MARKET ST",0.00,,Y,A,-,N,,,,,,,,,,N,4,0,1,2,A,-,09,21453,C,N,D,C,A,A,H,-,C,A,0,,,,,Y,,D,22,0,0,1,0,0,0,0,0,0,"- ","- ",,,PLACER,ROSEVILLE,,
9891243,2025,2025-12-09,3105,2025-10-19,1538,1223,,7,5,5,3105,0,0,0,,0,006,"WOODCREEK OAKS BL","BLUE OAKS BL",337.00,S,N,A,-,N,,,,,,,,,,N,4,0,1,2,A,-,09,21804,A,N,D,C,A,A,H,-,A,A,0,,,,,Y,Y,A,01,0,0,1,0,0,0,0,0,0,"- ","- ",,,PLACER,ROSEVILLE,-121.32871246337891,38.794315338134766
9894065,2025,2026-01-09,3105,2025-12-10,1653,1244,,3,5,5,3105,0,0,0,,0,003,"DOUGLAS BL","RT 80",0.00,,Y,B,-,Y,PLA,3,80,-,-,2.009,R,4,W,N,4,0,1,2,A,-,04,21703,,N,C,C,A,A,H,-,C,D,0,,,,,Y,,A,01,0,0,1,0,0,0,0,0,0,"- ","- ",,,PLACER,ROSEVILLE,-121.27057647705078,38.744518280029297
9894096,2025,2026-02-13,3101,2025-12-09,1712,A694,AU12,2,5,3,3101,0,0,0,,0,0A1,"GRASS VALLEY HWY","FULWEILER AV",589.00,N,N,E,-,Y,PLA,3,49,-,-,3.580,H,-,S,N,3,0,1,3,A,-,03,22350,,N,C,C,A,A,H,-,D,D,0,,,,,Y,,A,01,0,1,0,0,0,0,0,0,0,"- ","- ",38.903968811035156,-121.07614898681641,PLACER,AUBURN,-121.07655334472656,38.905521392822266
9896678,2024,2026-01-30,3100,2024-03-04,1609,170,LO-P,1,5,2,3106,0,0,0,,0,PAUL,"HORSESHOE BAR RD","DOC BARNES DR",0.00,,Y,B,-,N,,,,,,,,,,N,3,0,1,2,C,-,18,,,N,G,B,D,A,H,-,A,D,0,Y,,,,Y,,-,"- ",0,1,0,0,1,0,0,0,0,"- ","- ",33.818199157714844,-121.18856048583984,PLACER,LOOMIS,-121.19100189208984,38.818618774414062
9896822,2025,2026-01-21,3105,2025-12-22,1346,1233,,1,5,5,3105,0,0,0,,0,001,"GALLERIA BL","ANTELOPE CREEK DR",435.00,S,N,B,-,N,,,,,,,,,,Y,4,0,2,3,A,-,08,22107,,N,D,C,A,B,H,-,A,D,0,,,,,Y,,A,07,0,0,2,0,0,0,0,0,0,"- ","- ",,,PLACER,ROSEVILLE,-121.26589202880859,38.770927429199219
9899204,2025,2026-02-02,3105,2025-12-29,2119,1246,,1,5,5,3105,0,0,0,,0,001,"GALLERIA BL","ROSEVILLE PKWY",1750.00,S,N,A,-,N,,,,,,,,,,Y,4,0,1,2,A,-,01,23153,B,N,C,C,A,A,H,-,C,D,0,,,,,Y,Y,A,01,0,0,1,0,0,0,0,0,0,"- ","- ",,,PLACER,ROSEVILLE,-121.265869140625,38.763893127441406
9900723,2025,2026-01-05,3104,2025-12-18,2206,324,12,4,5,4,3104,0,0,0,,0,004,"LONETREE BL","ATHERTON RD",0.00,,Y,A,-,N,,,,,,,,,,Y,4,0,3,1,A,-,03,22350,,N,E,J,A,A,H,-,C,D,0,,,,,Y,,A,01,0,0,3,0,0,0,0,0,0,"- ","- ",38.811641693115234,-121.2919921875,PLACER,ROCKLIN,-121.29219055175781,38.811664581298828
9901626,2025,2026-02-02,3104,2025-12-21,1900,341,38,7,5,4,3104,0,0,0,,0,003,"STANFORD RANCH RD","SUNSET BL",0.00,,Y,C,-,N,,,,,,,,,,Y,4,0,2,2,A,-,12,21453,A,N,A,C,A,B,H,-,C,A,0,,,,,Y,,A,01,0,0,2,0,0,0,0,0,0,"- ","- ",38.796249389648438,-121.26497650146484,PLACER,ROCKLIN,-121.26510620117188,38.796138763427734
9903022,2025,2026-01-20,3105,2025-12-21,1740,1128,,7,5,5,3105,0,0,0,,0,002,"ROCKY RIDGE DR","DOUGLAS BL",480.00,N,N,C,-,N,,,,,,,,,,N,4,0,1,2,A,-,09,21801,A,N,D,C,A,B,H,-,C,D,0,,,,,Y,,A,07,0,0,1,0,0,0,0,0,0,"- ","- ",,,PLACER,ROSEVILLE,-121.25302886962891,38.745479583740234
9904568,2025,2026-01-27,3105,2025-12-21,"600 ",1221,,7,5,5,3105,0,0,0,,0,005,"PLEASANT GROVE BL","ROSEVILLE PKWY",0.00,,Y,B,-,N,,,,,,,,,,Y,4,0,1,2,A,-,01,23153,A,N,A,C,A,B,H,-,C,A,0,,,,,Y,Y,A,01,0,0,1,0,0,0,0,0,0,"- ","- ",,,PLACER,ROSEVILLE,-121.28829193115234,38.778236389160156
6328384,2014,2016-03-01,9220,2014-01-09,2105,14282,,4,2,9,3100,0,1,3,,1,249,"RT 49","WILLOW CREEK DR",0.00,,Y,A,-,Y,PLA,3,49,-,-,6.124,I,5,S,Y,4,0,2,2,A,-,12,21453,A,N,D,C,A,A,H,-,C,A,0,,,,,Y,,A,01,0,0,2,0,0,0,0,0,0,"- ","- ",38.938339999999997,-121.09618,PLACER,UNINCORPORATED,-121.09590726,38.938456209999998
6328405,2014,2016-02-26,9220,2014-01-08,1655,13794,,3,2,5,3105,0,1,1,,2,281,"RT 80","DOUGLAS BL",1584.00,E,N,B,-,Y,PLA,3,80,-,-,2.300,H,-,W,N,4,0,1,2,A,-,03,22350,,N,C,C,A,A,H,-,B,D,1,,,,,Y,,D,22,0,0,1,0,0,0,0,0,0,"- ","- ",,,PLACER,ROSEVILLE,-121.26805767,38.748390739999998
6334121,2014,2014-06-11,3101,2014-01-14,1530,P14,,2,5,3,3101,0,0,0,,0,002,"LINCOLN WY","LINCOLN WY 949",0.00,,N,A,-,N,,,,,,,,,,,4,0,1,2,D,-,00,,,N,C,C,A,A,H,-,A,A,0,,,,,Y,,-,"- ",0,0,1,0,0,0,0,0,0,"- ","- ",,,PLACER,AUBURN,-121.07101231999999,38.898663560000003
6338310,2014,2015-01-21,3104,2014-01-10,1731,218,45,5,5,4,3104,0,0,0,,0,001,"PACIFIC ST","PACIFIC ST 5470",0.00,,Y,A,-,N,,,,,,,,,,N,4,0,1,2,A,-,03,22350,,N,C,C,A,A,H,-,C,A,0,,,,,Y,,A,01,0,0,1,0,0,0,0,0,0,"- ","- ",,,PLACER,ROCKLIN,-121.23926193,38.786470680000001
6346377,2014,2014-06-05,9220,2014-01-25,1435,011614,220,6,2,9,3100,0,3,5,,2,070,"FOWLER RD","VIRGINIATOWN RD",13.00,S,N,A,-,N,,,,,,,,,,N,4,0,1,2,A,-,08,22107,,N,D,G,A,A,H,-,A,D,0,,Y,,,Y,,L,04,0,0,1,0,0,0,1,0,0,"- ","- ",,,PLACER,UNINCORPORATED,-121.21947582,38.897674449999997
6346599,2014,2016-02-22,9222,2014-01-07,1535,017515,,2,2,9,3100,0,1,3,,1,014,"RT 28","LAKE FOREST RD",0.00,,Y,A,-,Y,PLA,3,28,-,-,1.845,I,5,E,N,3,0,1,2,A,-,09,21802,A,N,H,G,A,A,H,-,A,A,0,,Y,,,Y,,A,01,0,1,0,0,0,0,1,0,0,"- ","- ",39.184750000000001,-120.12163,PLACER,UNINCORPORATED,-120.12174,39.185077450000001
6353735,2014,2016-02-26,9220,2014-01-11,1850,016665,,6,2,9,3100,0,1,1,,2,281,"RT 80","ROCKLIN RD",5280.00,E,N,A,-,Y,PLA,3,80,-,-,7.070,H,-,W,N,4,0,4,2,A,-,01,23152,A,N,-,C,A,A,H,-,D,D,1,,,,,Y,Y,A,01,0,0,4,0,0,0,0,0,0,"- ","- ",,,PLACER,UNINCORPORATED,-121.20998383,38.799273239999998
6353899,2014,2015-01-07,9220,2014-01-18,0210,16668,,6,3,9,3100,0,3,5,,2,010,"CROWDER LN","BASELINE RD",203.00,S,N,B,-,N,,,,,,,,,,Y,3,0,1,1,A,-,01,23152,A,N,E,I,A,A,H,-,C,D,0,,,,,Y,Y,D,22,0,1,0,0,0,0,0,0,0,"- ","- ",,,PLACER,UNINCORPORATED,-121.35570168,38.751242580000003
6364528,2014,2016-03-01,9220,2014-02-11,1300,014515,,2,1,9,3100,0,1,3,,1,249,"RT 49","IVY LN",150.00,S,N,A,-,Y,PLA,3,49,-,-,4.770,H,-,N,Y,4,0,1,3,A,-,03,22350,,N,C,C,A,A,H,-,A,D,0,,,,Y,Y,,D,23,0,0,1,0,0,0,0,0,0,"- ","- ",38.944229999999997,-121.09779,PLACER,UNINCORPORATED,-121.08275061000001,38.921763130000002
6364556,2014,2016-02-26,9220,2014-02-05,1215,013139,9220,3,1,9,3100,0,1,1,,2,282,"RT 80","RT 193",3000.00,E,N,A,-,Y,PLA,3,80,-,-,14.890,H,-,W,Y,3,0,1,2,A,-,07,21658,A,N,F,A,A,A,H,-,A,D,1,,,,,Y,,A,01,0,1,0,0,0,0,0,0,0,"- ","- ",38.88626,-121.09889,PLACER,UNINCORPORATED,-121.11531638,38.879345010000002
6366143,2014,2016-02-26,9220,2014-01-31,1615,15060,,5,2,5,3105,0,1,1,,2,281,"RT 80","RT 65",150.00,W,N,A,-,Y,PLA,3,80,-,-,4.130,H,-,E,N,4,0,1,3,A,-,03,22350,,N,C,C,A,A,H,-,A,D,1,,,,,Y,,A,01,0,0,1,0,0,0,0,0,0,TO,"- ",,,PLACER,ROSEVILLE,-121.24910954000001,38.769554669999998
6377618,2014,2014-06-09,3101,2014-01-04,1348,3,APD,6,5,3,3101,0,0,0,,0,002,"AUBURN FOLSOM RD","FAWN CREEK TRL",260.00,S,N,A,-,N,,,,,,,,,,N,3,0,1,2,A,-,03,22350,,N,B,G,A,A,G,-,A,D,0,,Y,,,Y,,-,,0,1,0,0,0,0,1,0,0,"- ","- ",,,PLACER,AUBURN,-121.10003082999999,38.863269170000002
6379950,2014,2016-02-26,9221,2014-02-07,1200,017669,,5,1,9,3100,0,1,1,,2,386,"RT 80","DRUM FOREBAY",2640.00,E,N,B,D,Y,PLA,3,80,-,-,49.500,H,-,E,Y,4,0,1,1,A,-,03,22350,,N,E,I,A,C,H,-,A,D,1,,,,Y,Y,,G,25,0,0,1,0,0,0,0,0,0,"- ","- ",39.253959999999999,-120.73524,PLACER,UNINCORPORATED,-120.74862184,39.243763610000002
6382556,2014,2016-02-26,9220,2014-02-19,1640,011483,,3,2,9,3100,0,1,1,,2,282,"RT 80","GILARDI RD",528.00,W,N,A,-,Y,PLA,3,80,-,-,12.200,H,-,E,Y,4,0,1,2,A,-,03,22350,,N,C,C,A,A,H,-,A,D,1,,,,,Y,,A,01,0,0,1,0,0,0,0,0,0,"- ","- ",38.85369,-121.14447,PLACER,UNINCORPORATED,-121.14489689,38.85344637
6386565,2014,2014-06-16,9220,2014-02-10,1845,013676,,1,2,9,3100,0,1,3,,1,249,"RT 49","DRY CREEK RD",150.00,S,N,B,-,Y,,,,,,,,,,Y,4,0,1,2,A,-,08,22107,,N,B,C,A,A,H,-,C,A,0,,,,,Y,,A,01,0,0,1,0,0,0,0,0,0,"- ","- ",38.95682,-121.10249,PLACER,UNINCORPORATED,-121.10126982,38.956254199999997
6386577,2014,2016-02-26,9220,2014-02-07,1855,011158,,5,2,9,3100,0,1,1,,2,282,"RT 80","RT 193",2915.00,E,N,B,C,Y,PLA,3,80,-,-,14.870,H,-,E,Y,4,0,2,2,A,-,03,22350,,N,C,C,A,B,H,-,D,D,1,,,,,Y,,A,01,0,0,2,0,0,0,0,0,0,"- ","- ",38.869630000000001,-121.1318,PLACER,UNINCORPORATED,-121.11560618,38.879096850000003
6386593,2014,2016-02-26,9220,2014-02-08,1350,018122,,6,1,9,3100,0,1,1,,2,282,"RT 80","OPHIR RD",2112.00,W,N,B,C,Y,PLA,3,80,-,-,16.390,H,-,E,N,4,0,1,1,A,-,03,22350,,N,E,I,A,B,H,-,A,D,1,,,,,Y,,A,01,0,0,1,0,0,0,0,0,0,"- ","- ",38.888930000000002,-121.09039,PLACER,UNINCORPORATED,-121.09062354,38.888933369999997
6386990,2014,2016-03-24,3101,2014-02-23,0757,P14,,7,5,3,3101,0,0,0,,0,00V,"RT 49","ELM ST",0.00,,Y,A,-,Y,PLA,3,49,-,-,2.520,H,-,N,N,4,0,1,2,A,-,03,22350,,N,C,C,A,A,H,-,A,A,0,,,,,Y,,A,01,0,0,1,0,0,0,0,0,0,"- ","- ",,,PLACER,AUBURN,-121.0404806,38.915452879999997
6388596,2014,2016-02-22,9222,2014-01-30,0810,019233,,4,1,9,3100,0,1,3,,1,015,"RT 28","ROBERT AV",70.00,W,N,D,-,Y,PLA,3,28,-,-,4.480,H,-,W,Y,4,0,1,1,A,-,08,22107,,N,E,I,A,C,H,-,A,A,0,,,,,Y,,A,07,0,0,1,0,0,0,0,0,0,"- ","- ",39.20928,-120.0898,PLACER,UNINCORPORATED,-120.09020703,39.208925239999999
6389380,2014,2016-03-01,3101,2014-02-17,1813,A621,AUBUR,1,5,3,3101,0,0,0,,0,001,"RT 49","GARFIELD ST",0.00,,-,A,-,Y,PLA,3,49,-,-,3.354,I,5,N,Y,4,0,2,2,A,-,09,21802,A,N,D,C,A,A,H,-,C,D,0,,,,,Y,,A,07,0,0,2,0,0,0,0,0,0,"- ","- ",,,PLACER,AUBURN,-121.07579896,38.902244830000001
6390422,2014,2016-02-26,9221,2014-02-02,1450,018158,,7,2,9,3100,0,3,5,,2,070,"DONNER PASS RD","RT 80",410.00,N,N,B,C,Y,PLA,3,80,-,R,66.228,R,4,W,Y,4,0,1,1,A,-,03,22350,,N,E,I,A,C,H,-,A,A,1,,,,,Y,,A,07,0,0,1,0,0,0,0,0,0,"- ","- ",39.3127,-120.49844,PLACER,UNINCORPORATED,-120.50099397,39.312032080000002
6390496,2014,2014-06-24,3103,2014-02-27,1215,CRAND,L3,4,5,2,3103,0,0,0,,0,0L1,"3RD ST","P ST",0.00,,Y,B,-,N,,,,,,,,,,Y,3,0,2,2,A,-,03,22350,,N,C,C,A,B,H,-,A,D,0,,,,,Y,,A,01,0,1,1,0,0,0,0,0,0,"- ","- ",38.871389999999998,-121.25402,PLACER,LINCOLN,-121.30538993,38.889179890000001
6397002,2014,2016-03-01,3101,2014-01-29,1711,3,APD,3,5,3,3101,0,0,0,,0,001,"RT 49","BORLAND AV",2640.00,E,N,C,-,Y,PLA,3,49,-,-,1.860,H,-,S,Y,4,0,1,1,A,-,03,22350,,N,F,J,A,B,H,-,E,D,0,,,,,Y,,A,07,0,0,1,0,0,0,0,0,0,"- ","- ",,,PLACER,AUBURN,-121.04048011,38.915452479999999
6409599,2014,2014-06-11,9220,2014-02-28,1052,18122,,5,1,9,3100,0,2,4,,2,027,"AUBURN FOLSOM RD","DICK COOK RD",5280.00,S,N,B,C,N,,,,,,,,,,Y,4,0,1,2,A,-,09,21804,A,N,D,C,A,B,H,-,A,A,0,,,,,Y,,A,01,0,0,1,0,0,0,0,0,0,"- ","- ",38.782589999999999,-121.14431,PLACER,UNINCORPORATED,-121.14323514,38.783045819999998
6410378,2014,2015-11-10,9220,2014-03-01,1400,16665,,6,2,9,3100,0,1,3,,1,265,"RT 65","PLEASANT GROVE BL",60.00,N,N,B,-,Y,PLA,3,65,-,R,7.100,H,-,S,Y,4,0,2,2,A,-,03,22350,,N,C,C,A,A,H,-,A,D,1,,,,,Y,,A,01,0,0,2,0,0,0,0,0,0,"- ","- ",,,PLACER,UNINCORPORATED,-121.28389279,38.786327749999998
6413778,2014,2016-02-26,9221,2014-02-27,1318,019020,,4,1,9,3100,0,1,1,,2,386,"RT 80","BEAR VALLEY RD",1200.00,E,N,B,C,Y,PLA,3,80,-,R,55.470,H,-,W,Y,3,0,3,1,A,-,03,22350,,N,E,I,A,B,H,-,A,D,1,,,,,Y,,A,07,0,3,0,0,0,0,0,0,0,"- ","- ",39.304310000000001,-120.6545,PLACER,UNINCORPORATED,-120.66151007000001,39.302011290000003
6418131,2014,2014-06-23,3101,2014-03-17,1734,P14,,1,5,3,3101,0,0,0,,0,002,"AUBURN FOLSOM RD","MAIDU DR",0.00,,Y,A,-,N,,,,,,,,,,N,4,0,1,2,A,-,05,21202,A,N,B,G,A,A,H,-,A,A,0,,Y,,,Y,,L,04,0,0,1,0,0,0,1,0,0,"- ","- ",,,PLACER,AUBURN,-121.08106995,38.876369990000001
6419098,2014,2016-02-26,9220,2014-03-20,1238,16654,,4,1,4,3104,0,1,1,,2,281,"RT 80","ROCKLIN RD",2500.00,W,N,A,-,Y,PLA,3,80,-,-,5.590,H,-,W,Y,4,0,1,2,A,-,07,21658,A,N,E,I,A,A,H,-,A,D,1,,,,,Y,,A,01,0,0,1,0,0,0,0,0,0,"- ","- ",38.785559999999997,-121.22669,PLACER,ROCKLIN,-121.22881609,38.78343666
6424862,2014,2016-02-22,9222,2014-03-26,2240,017515,,3,3,9,3100,0,1,3,,2,012,"RT 89","CALTRANS YARD",10560.00,N,N,D,-,Y,PLA,3,89,-,-,10.900,H,-,N,Y,4,0,1,1,A,-,01,23152,A,N,F,A,A,C,H,-,D,D,0,,,,,Y,Y,D,22,0,0,1,0,0,0,0,0,0,"- ","- ",39.9559,-120.1037,PLACER,UNINCORPORATED,-120.18311964999999,39.167684260000001
6426038,2014,2014-06-27,9222,2014-03-07,2352,019294,,5,3,9,3100,0,3,5,,2,010,"NORTHSTAR DR","SILVER STRIKE",492.00,E,N,A,-,N,,,,,,,,,,Y,2,0,3,2,A,-,01,23152,A,F,A,C,A,A,H,-,C,D,0,,,,,Y,Y,A,01,1,1,1,0,0,0,0,0,0,"- ","- ",39.281660000000002,-120.11856,PLACER,UNINCORPORATED,-120.11824795,39.281721150000003
6426606,2014,2014-07-01,3104,2014-02-28,1706,259,25,5,5,4,3104,0,0,0,,0,003,"STANFORD RANCH RD","VICTORY LN",495.00,E,N,B,C,N,,,,,,,,,,Y,2,0,3,2,A,-,03,22350,,N,A,C,A,B,H,-,A,A,0,,,,,Y,,A,01,1,2,0,0,0,0,0,0,0,"- ","- ",,,PLACER,ROCKLIN,-121.25464135999999,38.812321230000002
6428233,2014,2016-02-26,9220,2014-03-30,2125,13794,,7,2,5,3105,0,1,1,,2,281,"RT 80","RIVERSIDE AV",25.00,E,N,B,-,Y,PLA,3,80,-,-,0.119,R,2,E,Y,4,0,1,1,A,-,08,22107,,N,F,A,A,A,H,-,C,D,1,,,Y,,Y,,C,02,0,0,1,0,0,0,0,0,1,FR,"- ",,,PLACER,ROSEVILLE,-121.29207398,38.723041139999999
6429606,2014,2014-07-30,9220,2014-01-27,1810,011483,,1,2,9,3100,0,2,4,,2,021,"SIERRA COLLEGE BL","OLD AUBURN BL",50.00,N,N,A,-,N,,,,,,,,,,N,4,0,1,2,A,-,21,22106,,N,C,C,A,A,H,-,C,A,0,,,,,Y,,A,01,0,0,1,0,0,0,0,0,0,"- ","- ",,,PLACER,UNINCORPORATED,-121.2259351,38.722257239999998
6433736,2014,2014-07-09,9220,2014-03-22,1800,15239,,6,2,9,3100,0,3,5,,2,040,"QUARTZ DR","SAPPHIRE DR",100.00,W,N,A,-,N,,,,,,,,,,N,3,0,1,2,A,-,09,21804,A,N,D,G,A,A,H,-,A,D,0,,Y,,,Y,,L,04,0,1,0,0,0,0,1,0,0,"- ","- ",38.947330000000001,-121.10191,PLACER,UNINCORPORATED,-121.10209844000001,38.94725554
6433768,2014,2016-03-26,9220,2014-04-11,1635,14611,,5,2,5,3105,0,1,3,,1,265,"RT 65","PLEASANT GROVE BL",200.00,N,N,B,-,Y,PLA,3,65,-,R,7.150,H,-,S,Y,4,0,1,2,A,-,03,22350,,N,C,C,A,A,H,-,A,D,1,,,,,Y,,A,07,0,0,1,0,0,0,0,0,0,"- ","- ",38.786969999999997,-121.28483,PLACER,ROSEVILLE,-121.28466542,38.786712979999997
6433772,2014,2014-07-22,9220,2014-04-12,1600,15060,,6,2,9,3100,0,2,4,,2,021,"SIERRA COLLEGE BL","OLD AUBURN RD",300.00,S,N,A,-,N,,,,,,,,,,N,4,0,1,2,A,-,03,22350,,F,C,C,A,A,H,-,A,A,0,,,,,Y,,A,01,0,0,1,0,0,0,0,0,0,"- ","- ",38.723410000000001,-121.22561,PLACER,UNINCORPORATED,-121.22593000000001,38.721296250000002
6433795,2014,2016-04-05,9220,2014-04-06,1855,13605,,7,2,3,3101,0,1,1,,2,282,"RT 80","RT 49",65.00,W,N,B,-,Y,PLA,3,80,-,-,14.485,R,2,W,N,3,0,2,1,A,-,08,22107,,N,E,I,A,A,H,-,A,D,1,,,Y,,Y,,C,02,0,2,0,0,0,0,0,0,2,FR,"- ",,,PLACER,AUBURN,-121.12260465999999,38.878464379999997
6434790,2014,2014-06-26,3100,2014-03-14,1403,221,135,5,5,2,3106,0,0,0,,0,PAUL,"TAYLOR RD","SIERRA COLLEGE BL",0.00,N,N,A,-,N,,,,,,,,,,Y,3,0,1,3,A,-,"- ",,,N,C,C,A,A,H,-,A,D,0,,,,,Y,,-,,0,1,0,0,0,0,0,0,0,"- ","- ",,,PLACER,LOOMIS,-121.20587,38.812089890000003
6435936,2014,2016-04-05,9221,2014-04-01,0810,015950,,2,1,9,3100,0,1,1,,2,388,"RT 80","CISCO RD",5280.00,E,N,D,-,Y,PLA,3,80,-,R,64.520,H,-,W,Y,4,0,1,2,A,-,03,22350,,N,C,J,A,C,H,-,A,A,1,,,,,Y,,A,01,0,0,1,0,0,0,0,0,0,"- ","- ",39.306440000000002,-120.52752,PLACER,UNINCORPORATED,-120.5275453,39.306435659999998
6450040,2014,2016-03-01,9220,2014-03-29,1009,012612,,6,1,9,3100,0,1,3,,1,249,"RT 49","BELL RD",0.00,,Y,B,C,Y,PLA,3,49,-,-,6.380,I,5,N,N,4,0,2,3,A,-,03,22350,,N,C,C,B,B,H,-,A,A,0,Y,,,,Y,,D,22,0,0,2,0,1,0,0,0,0,"- ","- ",38.941899999999997,-121.09699000000001,PLACER,UNINCORPORATED,-121.09711102999999,38.942054599999999
6453658,2014,2016-03-26,9222,2014-04-11,1755,20072,,5,2,9,3100,0,1,3,,1,015,"RT 28","SPEEDBOAT AV",528.00,W,N,A,-,Y,PLA,3,28,-,-,10.680,H,-,E,Y,3,0,2,3,A,-,01,23152,A,N,B,C,A,A,H,-,A,D,0,,,,,Y,Y,A,07,0,2,0,0,0,0,0,0,0,"- ","- ",39.134099999999997,-120.00409999999999,PLACER,UNINCORPORATED,-120.011538,39.22804395
6459662,2014,2014-08-11,3101,2014-05-11,1615,P14,3101,7,5,3,3101,0,0,0,,0,002,"AUBURN FOLSOM RD","MAIDU DR",0.00,,Y,A,-,N,,,,,,,,,,Y,4,0,2,2,A,-,03,22350,,N,C,C,A,A,H,-,A,A,0,,,Y,,Y,,A,07,0,0,2,0,0,0,0,0,2,"- ","- ",,,PLACER,AUBURN,-121.08106995,38.876369990000001
6467428,2014,2014-07-19,3104,2014-04-02,1320,202,43,3,5,4,3104,0,0,0,,0,001,"ROCKLIN RD","MEYERS ST",0.00,,Y,B,-,N,,,,,,,,,,N,3,0,1,1,A,-,03,22350,,N,E,I,A,A,H,-,A,D,0,,,Y,,Y,,C,03,0,1,0,0,0,0,0,0,1,"- ","- ",38.788220000000003,-121.22906,PLACER,ROCKLIN,-121.22898075000001,38.788591500000003
6467436,2014,2016-04-05,9221,2014-04-13,2044,017979,,7,2,9,3100,0,1,1,,2,388,"RT 80","KINGVALE RD",2140.00,W,N,A,-,Y,PLA,3,80,-,-,68.830,H,-,E,Y,4,0,1,1,A,-,01,23152,A,N,E,I,A,A,H,-,C,D,1,,,,,Y,Y,A,01,0,0,1,0,0,0,0,0,0,"- ","- ",,,PLACER,UNINCORPORATED,-120.45300984000001,39.314077220000001
6479083,2014,2014-07-25,9220,2014-05-10,1315,018122,,6,1,9,3100,0,2,4,,2,027,"AUBURN FOLSOM RD","DOUGLAS BL",600.00,S,N,A,-,N,,,,,,,,,,N,4,0,1,2,A,-,09,21801,A,N,D,C,A,A,H,-,A,D,0,,,Y,,Y,,C,02,0,0,1,0,0,0,0,0,1,"- ","- ",38.742040000000003,-121.17048,PLACER,UNINCORPORATED,-121.17062561,38.741802880000002
6487237,2014,2016-04-05,9220,2014-05-15,0515,013139,9220,4,3,9,3100,0,1,1,,2,282,"RT 80","NEWCASTLE RD",2500.00,W,N,A,-,Y,PLA,3,80,-,-,13.420,H,-,E,Y,3,0,1,1,A,-,08,22107,,N,E,I,A,A,H,-,D,D,1,,,,,Y,,A,01,0,1,0,0,0,0,0,0,0,"- ","- ",38.866219999999998,-121.13274,PLACER,UNINCORPORATED,-121.13233658999999,38.867881590000003
6487697,2014,2016-03-26,9220,2014-05-23,1520,12239,,5,2,5,3105,0,1,3,,1,265,"RT 65","BLUE OAK BL",2112.00,S,N,A,-,Y,PLA,3,65,-,R,7.670,H,-,N,Y,3,0,1,1,A,-,08,22107,,N,E,I,A,A,H,-,A,D,1,,,,,Y,,A,01,0,1,0,0,0,0,0,0,0,"- ","- ",38.790950000000002,-121.29227,PLACER,ROSEVILLE,-121.29237372999999,38.791016949999999
6489440,2014,2014-07-30,9220,2014-05-23,1549,014611,,5,2,9,3100,0,2,4,,2,046,"BELL RD","QUARTZ DR",0.00,,Y,A,-,N,,,,,,,,,,Y,4,0,1,2,A,-,03,22350,,N,C,C,A,A,H,-,A,A,0,,,,,Y,,D,22,0,0,1,0,0,0,0,0,0,"- ","- ",38.94229,-121.09506,PLACER,UNINCORPORATED,-121.09431988,38.942389910000003
6495016,2014,2014-07-24,9220,2014-05-27,0655,015197,,2,1,9,3100,0,3,5,,2,070,"LOZANOS RD","HATHAWAY RD",528.00,N,N,A,-,N,,,,,,,,,,Y,3,0,1,1,A,-,05,21650,,N,E,I,A,A,H,-,A,D,0,,,,,Y,,D,22,0,1,0,0,0,0,0,0,0,"- ","- ",,,PLACER,UNINCORPORATED,-121.12324135999999,38.884457130000001