CASE_ID,ACCIDENT_YEAR,PROC_DATE,JURIS,COLLISION_DATE,COLLISION_TIME,OFFICER_ID,REPORTING_DISTRICT,DAY_OF_WEEK,CHP_SHIFT,POPULATION,CNTY_CITY_LOC,SPECIAL_COND,BEAT_TYPE,CHP_BEAT_TYPE,CITY_DIVISION_LAPD,CHP_BEAT_CLASS,BEAT_NUMBER,PRIMARY_RD,SECONDARY_RD,DISTANCE,DIRECTION,INTERSECTION,WEATHER_1,WEATHER_2,STATE_HWY_IND,CALTRANS_COUNTY,CALTRANS_DISTRICT,STATE_ROUTE,ROUTE_SUFFIX,POSTMILE_PREFIX,POSTMILE,LOCATION_TYPE,RAMP_INTERSECTION,SIDE_OF_HWY,TOW_AWAY,COLLISION_SEVERITY,NUMBER_KILLED,NUMBER_INJURED,PARTY_COUNT,PRIMARY_COLL_FACTOR,PCF_CODE_OF_VIOL,PCF_VIOL_CATEGORY,PCF_VIOLATION,PCF_VIOL_SUBSECTION,HIT_AND_RUN,TYPE_OF_COLLISION,MVIW,PED_ACTION,ROAD_SURFACE,ROAD_COND_1,ROAD_COND_2,LIGHTING,CONTROL_DEVICE,CHP_ROAD_TYPE,PEDESTRIAN_ACCIDENT,BICYCLE_ACCIDENT,MOTORCYCLE_ACCIDENT,TRUCK_ACCIDENT,NOT_PRIVATE_PROPERTY,ALCOHOL_INVOLVED,STWD_VEHTYPE_AT_FAULT,CHP_VEHTYPE_AT_FAULT,COUNT_SEVERE_INJ,COUNT_VISIBLE_INJ,COUNT_COMPLAINT_PAIN,COUNT_PED_KILLED,COUNT_PED_INJURED,COUNT_BICYCLIST_KILLED,COUNT_BICYCLIST_INJURED,COUNT_MC_KILLED,COUNT_MC_INJURED,PRIMARY_RAMP,SECONDARY_RAMP,LATITUDE,LONGITUDE,COUNTY,CITY,POINT_X,POINT_Y
6779535,2014,2016-07-05,9222,2014-12-17,1814,017288,,3,2,9,3100,0,1,3,,1,016,"RT 267","MT WATSON RD",5280.00,S,N,B,-,Y,PLA,3,267,-,-,7.760,H,-,W,Y,4,0,2,2,A,-,05,21460,A,N,B,C,A,D,B,-,D,D,0,,,,,Y,,A,01,0,0,2,0,0,0,0,0,0,"- ","- ",39.258119999999998,-120.05825,PLACER,UNINCORPORATED,-120.05357896,39.258000119999998
6782529,2014,2016-07-05,9221,2014-12-19,1145,15391,9221,5,1,9,3100,0,1,1,,2,386,"RT 80 E",WHITMORE,1584.00,E,N,D,-,Y,PLA,3,80,-,-,51.040,H,-,E,Y,4,0,2,1,A,-,03,22350,,N,F,A,A,C,H,-,A,D,1,,,,,Y,,D,22,0,0,2,0,0,0,0,0,0,"- ","- ",39.157969999999999,-120.43664,PLACER,UNINCORPORATED,-120.72967496,39.25966305
6783036,2014,2016-07-05,9220,2014-12-27,1650,13676,,6,2,9,3100,0,1,1,,2,282,"RT 80","GILARDI RD",100.00,E,N,A,-,Y,PLA,3,80,-,-,12.320,H,-,W,Y,4,0,1,1,A,-,01,23152,A,N,E,I,A,A,H,-,B,D,1,,,,,Y,Y,D,22,0,0,1,0,0,0,0,0,0,"- ","- ",38.853740000000002,-121.14492,PLACER,UNINCORPORATED,-121.14359525,38.854720780000001
6803816,2015,2015-02-24,9220,2015-01-13,1950,013605,,2,2,9,3100,0,2,4,,1,011,"WATT AV","BASELINE RD",3696.00,S,N,A,-,N,,,,,,,,,,Y,4,0,1,2,A,-,04,21703,,N,C,C,A,A,H,-,D,D,0,,,,,Y,,A,01,0,0,1,0,0,0,0,0,0,"- ","- ",,,PLACER,UNINCORPORATED,-121.39263001,38.741610770000001
6812693,2015,2015-03-05,3103,2015-01-15,1432,WCOLL,L4,4,5,2,3103,0,0,0,,0,0L2,"FERRARI RANCH RD","GROVELAND LN",0.00,,Y,B,-,N,,,,,,,,,,Y,4,0,2,2,A,-,12,21453,A,N,D,C,A,A,H,-,A,A,0,,,,,Y,,A,01,0,0,2,0,0,0,0,0,0,"- ","- ",38.872140000000002,-121.30749,PLACER,LINCOLN,-121.30446988999999,38.873179929999999
6812705,2015,2015-03-10,3103,2015-01-10,1542,SKRUE,L3,6,5,2,3103,0,0,0,,0,0L1,"4TH ST","R ST",0.00,,Y,-,-,N,,,,,,,,,,N,3,0,1,2,A,-,00,23103,A,N,-,-,A,-,-,-,-,-,0,,,Y,,Y,,-,"- ",0,1,0,0,0,0,0,0,1,"- ","- ",,,PLACER,LINCOLN,-121.30809988999999,38.89035999
6815278,2015,2015-02-26,9220,2015-01-30,1650,11483,,5,2,9,3100,0,2,4,,2,027,"AUBURN FOLSOM RD","DOUGLAS BL",100.00,S,N,A,-,N,,,,,,,,,,N,3,0,1,2,A,-,07,21658,A,N,B,C,A,A,H,-,A,D,0,,,Y,,Y,,C,02,0,1,0,0,0,0,0,0,1,"- ","- ",38.74333,-121.17046000000001,PLACER,UNINCORPORATED,-121.17062017000001,38.743175520000001
6816536,2015,2016-10-25,9221,2015-02-05,1122,13442,,4,1,9,3100,0,1,1,,2,386,"RT 80","BLUE CANYON RD",7920.00,W,N,A,-,Y,PLA,3,80,-,-,51.860,H,-,E,Y,3,0,1,2,A,-,01,23152,A,N,C,C,A,A,D,-,A,A,1,,,,,Y,Y,D,22,0,1,0,0,0,0,0,0,0,"- ","- ",39.274520000000003,-120.71364,PLACER,UNINCORPORATED,-120.72115659000001,39.268719419999996
6817344,2015,2016-10-25,9221,2015-02-08,1240,018158,,7,1,9,3100,0,1,1,,2,388,"RT 80","CISCO RD",2670.00,W,N,B,C,Y,PLA,3,80,-,R,62.990,H,-,W,Y,3,0,2,1,A,-,03,22350,,N,E,I,A,B,H,-,A,A,1,,,,,Y,,A,01,0,1,1,0,0,0,0,0,0,"- ","- ",39.314219999999999,-120.5517,PLACER,UNINCORPORATED,-120.55162654,39.314221189999998
6817348,2015,2016-10-25,9221,2015-02-06,1515,013442,,5,2,9,3100,0,1,1,,2,388,"RT 80","CISCO RD",7920.00,E,N,C,D,Y,PLA,3,80,-,R,65.040,H,-,E,Y,2,0,1,1,A,-,03,22350,,N,E,I,A,C,H,-,A,D,1,,,,,Y,,A,07,1,0,0,0,0,0,0,0,0,"- ","- ",39.307810000000003,-120.51954000000001,PLACER,UNINCORPORATED,-120.51950012,39.307819010000003
6817759,2015,2015-03-09,9220,2015-02-12,0650,14466,,4,1,9,3100,0,2,4,,1,012,"BASELINE RD","S BREWER RD",2112.00,E,N,B,-,N,,,,,,,,,,Y,4,0,1,3,A,-,05,21460,C,N,A,C,A,A,H,-,A,D,0,,,,,Y,,A,01,0,0,1,0,0,0,0,0,0,"- ","- ",,,PLACER,UNINCORPORATED,-121.44376334,38.751612459999997
6820810,2015,2015-03-10,9220,2015-02-02,1740,014282,,1,2,9,3100,0,3,5,,2,020,"WELLS AV","LAIRD RD",528.00,E,N,B,-,N,,,,,,,,,,Y,4,0,1,2,A,-,06,21750,A,N,D,C,A,A,H,-,D,D,0,,,,,Y,,D,22,0,0,1,0,0,0,0,0,0,"- ","- ",38.785310000000003,-121.16673,PLACER,UNINCORPORATED,-121.16700774,38.785286390000003
6820814,2015,2015-03-10,9220,2015-02-02,1800,012239,,1,2,9,3100,0,3,5,,2,050,"OPHIR RD","LOZANOS RD",125.00,W,N,B,-,N,,,,,,,,,,N,2,0,1,2,A,-,11,21954,A,N,G,B,D,A,H,-,D,D,0,Y,,,,Y,Y,N,60,1,0,0,0,1,0,0,0,0,"- ","- ",38.878880000000002,-121.12129,PLACER,UNINCORPORATED,-121.12109821,38.878798089999997
6821983,2015,2015-08-20,9220,2015-02-08,1030,014515,,7,1,9,3100,0,2,4,,2,071,"SIERRA COLLEGE BL","CAPERTON CT",231.00,N,N,B,C,N,,,,,,,,,,Y,4,0,1,1,A,-,03,22350,,N,F,A,A,B,H,-,A,D,0,,,,,Y,,A,01,0,0,1,0,0,0,0,0,0,"- ","- ",38.863880000000002,-121.22324,PLACER,UNINCORPORATED,-121.22334961,38.863856859999999
6824467,2015,2015-03-17,9220,2015-02-09,1027,016654,,1,1,9,3100,0,3,5,,2,060,"FORESTHILL RD","LAKE CLEMENTINE",370.00,E,N,B,-,N,,,,,,,,,,Y,4,0,1,1,A,-,03,22350,,N,F,A,A,B,H,-,A,D,0,,,,,Y,,D,22,0,0,1,0,0,0,0,0,0,"- ","- ",38.939830000000001,-120.99333,PLACER,UNINCORPORATED,-121.00177501,38.935214819999999
6833351,2015,2015-08-22,9220,2015-02-18,2140,12412,,3,2,9,3100,0,3,5,,2,050,"QUARTZ DR","BELL RD",400.00,N,N,A,-,N,,,,,,,,,,Y,4,0,1,2,A,-,09,21804,A,N,D,C,A,A,H,-,C,A,0,,,,,Y,,D,22,0,0,1,0,0,0,0,0,0,"- ","- ",38.94359,-121.09452,PLACER,UNINCORPORATED,-121.09436134000001,38.943484169999998
6836602,2015,2015-03-16,9220,2015-02-22,1630,13605,,7,2,9,3100,0,3,5,,2,030,"VIRGINIATOWN RD","DANIELLE DR",2112.00,W,N,A,-,N,,,,,,,,,,Y,3,0,1,1,A,-,01,23152,A,N,F,I,A,A,H,-,A,A,0,,,,,Y,Y,A,01,0,1,0,0,0,0,0,0,0,"- ","- ",,,PLACER,UNINCORPORATED,-121.24990106,38.897440000000003
6836605,2015,2015-03-16,9220,2015-02-19,1940,15060,,4,2,9,3100,0,2,4,,1,013,"WALERGA RD","SPRINGHILL DR",500.00,S,N,B,-,N,,,,,,,,,,Y,3,0,2,2,A,-,08,22107,,N,C,E,A,A,H,-,D,D,0,,,,,Y,,A,01,0,1,1,0,0,0,0,0,0,"- ","- ",38.747399999999999,-121.36181000000001,PLACER,UNINCORPORATED,-121.36159463,38.747502300000001
6840491,2015,2016-09-06,9222,2015-02-12,1655,18593,,4,2,9,3100,0,1,3,,1,011,"RT 89","OLYMPIC DR",250.00,S,N,A,-,Y,PLA,3,89,-,-,7.850,H,-,S,Y,4,0,2,2,A,-,03,22350,,N,C,C,A,A,H,-,B,D,0,,,,,Y,Y,A,07,0,0,2,0,0,0,0,0,0,"- ","- ",39.157580000000003,-120.14588000000001,PLACER,UNINCORPORATED,-120.14591673,39.157478140000002
6840556,2015,2015-03-19,9222,2015-02-10,0800,19063,,2,1,9,3100,0,2,4,,2,017,"SQUAW VALLEY RD","SQUAW CREEK RD",738.00,E,N,A,-,N,,,,,,,,,,Y,4,0,1,1,A,-,03,22350,,N,E,I,A,C,H,-,A,D,0,,,,,Y,,A,07,0,0,1,0,0,0,0,0,0,"- ","- ",39.205919999999999,-120.20496,PLACER,UNINCORPORATED,-120.20470014999999,39.205887250000004
6843476,2014,2016-07-05,9220,2014-12-25,2240,012612,,4,3,9,3100,0,1,1,,2,281,"RT 80","SACRAMENTO COUNTY LINE",345.00,E,N,A,-,Y,PLA,3,80,-,-,0.020,H,-,W,Y,3,0,1,2,C,-,18,,,N,E,I,A,A,H,-,C,D,1,,,,,Y,Y,-,"- ",0,1,0,0,0,0,0,0,0,"- ","- ",38.721690000000002,-121.2938,PLACER,UNINCORPORATED,-121.29364608,38.721981079999999
6844361,2015,2015-03-17,3103,2015-02-22,0142,MALVE,L8,7,5,2,3103,0,0,0,,0,0L4,"INDUSTRIAL AV","ATHENS AV",1056.00,N,N,E,-,N,,,,,,,,,,Y,4,0,1,1,A,-,01,23152,,N,E,J,A,A,H,-,D,D,0,,,,,Y,Y,A,07,0,0,1,0,0,0,0,0,0,"- ","- ",38.871899999999997,-121.30781,PLACER,LINCOLN,-121.30696569,38.841999710000003
6844692,2015,2015-03-17,3103,2015-02-26,0235,CRAND,L8,4,5,2,3103,0,0,0,,0,0L4,"TWELVE BRIDGES DR","SIERRA COLLEGE BL",411.00,W,N,A,-,N,,,,,,,,,,Y,3,0,1,1,A,-,03,22350,,N,E,I,A,A,H,-,D,D,0,,,Y,,Y,,C,02,0,1,0,0,0,0,0,0,1,"- ","- ",38.86703,-121.23189000000001,PLACER,LINCOLN,-121.23253228999999,38.866659380000002
6849153,2015,2016-09-06,9220,2015-03-09,1447,013997,,1,2,9,3100,0,1,3,,2,293,"RT 193","MAIN ST",528.00,W,N,A,-,Y,PLA,3,193,-,-,9.550,H,-,E,N,3,0,1,1,B,-,22,,,N,F,A,A,A,H,-,A,D,0,,,Y,,Y,,C,02,0,1,0,0,0,0,0,0,1,"- ","- ",,,PLACER,UNINCORPORATED,-121.13471276,38.876727080000002
6851756,2015,2015-09-14,9220,2015-03-06,0210,13676,,5,3,9,3100,0,3,5,,2,010,"WALERGA RD","FARRIER WY",700.00,N,N,A,-,N,,,,,,,,,,Y,4,0,1,1,A,-,01,23152,A,N,E,I,A,A,H,-,D,D,0,,,,,Y,Y,A,01,0,0,1,0,0,0,0,0,0,"- ","- ",38.745289999999997,-121.36465,PLACER,UNINCORPORATED,-121.36477699,38.744681569999997
6851866,2015,2015-03-23,9220,2015-03-04,2300,014466,,3,3,9,3100,0,3,5,,2,010,"WATT AV","BASELINE RD",2640.00,S,N,A,-,N,,,,,,,,,,N,4,0,1,1,C,-,18,,,N,E,J,A,A,H,-,D,D,0,,,,,Y,,-,"- ",0,0,1,0,0,0,0,0,0,"- ","- ",38.74391,-121.39265,PLACER,UNINCORPORATED,-121.39265457,38.744510570000003
6852410,2015,2016-10-25,9220,2015-03-05,1455,015197,,4,2,9,3100,0,1,1,,2,283,"RT 80","APPLEGATE RD",3696.00,W,N,A,-,Y,PLA,3,80,-,-,25.510,H,-,E,Y,3,0,2,2,A,-,03,22350,,N,C,C,A,A,H,-,A,D,1,,,,,Y,,A,07,0,1,1,0,0,0,0,0,0,"- ","- ",38.998379999999997,-120.99648999999999,PLACER,UNINCORPORATED,-120.99107779000001,39.006916510000003
6852412,2015,2016-10-24,9220,2015-02-13,1805,013794,,5,2,5,3105,0,1,1,,2,281,"RT 80","TAYLOR RD",200.00,W,N,A,-,Y,PLA,3,80,-,-,3.620,H,-,E,Y,4,0,5,5,A,-,03,22350,,N,C,C,A,A,H,-,D,D,1,,,,,Y,,D,22,0,0,5,0,0,0,0,0,0,"- ","- ",,,PLACER,ROSEVILLE,-121.25594216,38.765301110000003
6852618,2015,2016-10-24,9220,2015-02-20,2300,13794,,5,3,5,3105,0,1,1,,2,281,"RT 80","ROSEVILLE PKWY",100.00,E,N,A,-,Y,PLA,3,80,-,-,3.450,H,-,W,N,4,0,2,2,A,-,03,22350,,F,C,C,A,A,H,-,C,D,1,,,,,Y,Y,-,99,0,0,2,0,0,0,0,0,0,"- ","- ",,,PLACER,ROSEVILLE,-121.25813993,38.763611539999999
6852619,2015,2015-03-20,9220,2015-02-19,2010,13794,,4,2,9,3100,0,3,5,,2,010,"SUNSET BL","S LOOP DR",95.00,E,N,A,-,N,,,,,,,,,,N,4,0,2,2,A,-,03,22350,,N,C,C,A,A,H,-,C,A,0,,,,,Y,,A,07,0,0,2,0,0,0,0,0,0,"- ","- ",,,PLACER,UNINCORPORATED,-121.30366665,38.817226470000001
6852621,2015,2015-03-20,9220,2015-02-27,0835,12612,,5,1,9,3100,0,2,4,,2,056,"BELL RD","QUARTZ DR",20.00,E,N,A,-,N,,,,,,,,,,Y,3,0,1,2,A,-,03,22350,,N,C,C,A,A,H,-,A,D,0,,,,,Y,,A,01,0,1,0,0,0,0,0,0,0,"- ","- ",,,PLACER,UNINCORPORATED,-121.09424985,38.942393760000002
6861658,2015,2016-09-02,3101,2015-03-10,1839,19,3101,2,5,3,3101,0,0,0,,0,001,"RT 49","RT 80",0.00,,Y,A,-,Y,PLA,3,49,-,-,3.260,I,5,N,Y,4,0,1,2,A,-,12,21453,A,N,D,C,A,A,H,-,B,A,0,,,,,Y,,D,22,0,0,1,0,0,0,0,0,0,"- ",WF,,,PLACER,AUBURN,-121.07511902,38.900962499999999
6870643,2015,2016-11-03,9221,2015-04-05,1500,019020,,7,2,9,3100,0,1,1,,2,386,"RT 80","BEAR VALLEY RD",4224.00,E,N,B,D,Y,PLA,3,80,-,R,56.040,H,-,W,N,3,0,13,2,A,-,03,22350,,M,E,I,A,B,H,-,A,D,1,,,,,Y,,-,99,0,3,10,0,0,0,0,0,0,"- ","- ",39.308039999999998,-120.64386,PLACER,UNINCORPORATED,-120.65463338000001,39.30407907
6874632,2015,2016-09-02,9220,2015-03-29,1750,014343,,7,2,2,3103,0,1,3,,1,265,"RT 65","TWELVE BRIDGES DR",288.00,N,N,A,-,Y,PLA,3,65,-,R,11.970,H,-,N,Y,3,0,1,2,A,-,01,23152,A,N,C,C,A,A,H,-,A,D,0,,,Y,,Y,Y,C,02,0,1,0,0,0,0,0,0,1,"- ","- ",,,PLACER,LINCOLN,-121.29958096,38.851808130000002
6878047,2015,2016-09-02,9220,2015-03-07,1517,,,6,2,9,3100,0,3,5,,2,010,"SUNSET BL","RT 65",40.00,E,N,A,-,Y,PLA,3,65,-,R,9.625,R,4,S,Y,4,0,5,3,A,-,03,22350,,N,C,C,A,A,H,-,A,A,0,,,,,Y,,A,01,0,0,5,0,0,0,0,0,0,"- ",SF,38.817489999999999,-121.30127,PLACER,UNINCORPORATED,-121.30033185000001,38.81788804
6878884,2015,2015-04-27,3104,2015-03-27,1612,230,12,5,5,4,3104,0,0,0,,0,003,"SUNSET BL","STANFORD RANCH RD",1024.00,W,N,A,-,N,,,,,,,,,,N,3,0,1,2,A,-,05,21202,,N,H,G,A,A,H,-,A,D,0,,Y,,,Y,,L,04,0,1,0,0,0,0,1,0,0,"- ","- ",,,PLACER,ROCKLIN,-121.26746912999999,38.798260190000001
6881557,2015,2015-04-27,9222,2015-03-03,1159,17288,,2,1,9,3100,0,2,4,,2,017,"SQUAW VALLEY RD","CHRISTY HILL RD",124.00,W,N,A,-,N,,,,,,,,,,Y,4,0,1,2,A,-,03,22350,,N,C,C,A,A,H,-,A,D,0,,,,,Y,,A,07,0,0,1,0,0,0,0,0,0,"- ","- ",39.199060000000003,-120.22948,PLACER,UNINCORPORATED,-120.22973312000001,39.198855799999997
6881561,2015,2015-04-27,9222,2015-03-17,2210,17658,,2,3,9,3100,0,3,5,,2,010,"ALPINE MEADOWS RD","DEER PARK DR",2640.00,W,N,A,-,N,,,,,,,,,,Y,3,0,3,1,A,-,01,23152,A,N,E,I,A,A,H,-,D,D,0,,,,,Y,Y,A,01,0,1,2,0,0,0,0,0,0,"- ","- ",39.174010000000003,-120.23889,PLACER,UNINCORPORATED,-120.23687218000001,39.175371349999999
6884955,2015,2015-04-23,3104,2015-04-15,2039,278,17,3,5,4,3104,0,0,0,,0,003,"DARBY RD","STANFORD RANCH RD",0.00,,Y,A,-,N,,,,,,,,,,N,4,0,1,2,A,-,11,21461,5,N,D,B,D,A,H,-,C,A,0,Y,,,,Y,,N,60,0,0,1,0,1,0,0,0,0,"- ","- ",38.806919999999998,-121.27298999999999,PLACER,ROCKLIN,-121.26951987,38.816109930000003
6898081,2015,2016-11-03,9221,2015-04-08,1136,018530,,3,1,9,3100,0,1,1,,2,388,"RT 80","CISCO RD",5280.00,E,N,D,-,Y,PLA,3,80,-,R,64.520,H,-,W,Y,3,0,1,3,A,-,03,22350,,N,C,C,A,C,H,-,A,A,1,,,,Y,Y,,D,22,0,1,0,0,0,0,0,0,0,"- ","- ",39.309280000000001,-120.51958,PLACER,UNINCORPORATED,-120.5275453,39.306435659999998
6906427,2015,2015-05-12,9220,2015-04-18,1835,012412,,6,2,9,3100,0,2,4,,2,058,"DRY CREEK RD","GRIFFIN WY",0.00,,Y,A,-,N,,,,,,,,,,Y,3,0,1,2,A,-,05,21460,A,F,A,C,A,A,H,-,A,D,0,,,,,Y,,D,22,0,1,0,0,0,0,0,0,0,"- ","- ",38.960129999999999,-121.09802999999999,PLACER,UNINCORPORATED,-121.09800998,38.960239979999997
6906435,2015,2016-11-03,9220,2015-04-23,2309,014282,,4,3,4,3104,0,1,1,,2,281,"RT 80","RT 65",4224.00,E,N,B,-,Y,PLA,3,80,-,-,5.240,H,-,E,Y,3,0,1,1,A,-,03,22350,,N,E,I,A,B,H,-,D,D,1,,,,,Y,,D,22,0,1,0,0,0,0,0,0,0,"- ","- ",38.77901,-121.23412999999999,PLACER,ROCKLIN,-121.23300926,38.77966619
6906831,2015,2015-05-13,9220,2015-04-22,1735,012743,,3,2,9,3100,0,3,5,,2,020,"CAVITT STALLMAN RD","OLIVE RANCH RD",0.00,,Y,B,-,N,,,,,,,,,,Y,3,0,2,2,A,-,09,21802,A,N,D,C,A,A,H,-,A,A,0,,,,,Y,,A,01,0,1,1,0,0,0,0,0,0,"- ","- ",,,PLACER,UNINCORPORATED,-121.22394988000001,38.752179890000001
6908641,2015,2016-04-06,3103,2015-03-29,1608,PFREN,L5,7,5,2,3103,0,0,0,,0,0L3,"LINCOLN BL","3RD ST",42.00,N,N,A,-,N,,,,,,,,,,Y,4,0,3,2,A,-,09,21804,A,N,A,C,A,A,H,-,A,D,0,,,Y,,Y,,A,01,0,0,3,0,0,0,0,0,1,"- ","- ",38.901739999999997,-121.30459,PLACER,LINCOLN,-121.2928,38.889295330000003
6908787,2015,2015-05-21,3103,2015-04-21,1733,JMCCA,L7,2,5,2,3103,0,0,0,,0,0L4,"LINCOLN BL","FERRARI RANCH RD",898.00,N,N,A,-,N,,,,,,,,,,Y,4,0,4,2,A,-,12,21453,A,N,D,C,A,A,H,-,A,A,0,,,,,Y,,A,07,0,0,4,0,0,0,0,0,0,"- ","- ",,,PLACER,LINCOLN,-121.29612701000001,38.877517480000002
6914582,2015,2015-06-02,9220,2015-04-04,1008,012612,,6,1,9,3100,0,2,4,,2,051,"PLACER HILLS RD","CROTHER RD",2871.00,S,N,A,-,N,,,,,,,,,,Y,2,0,1,2,A,-,03,22350,,N,D,C,A,A,H,-,A,D,0,,,,,Y,,A,01,1,0,0,0,0,0,0,0,0,"- ","- ",39.009599999999999,-121.01054000000001,PLACER,UNINCORPORATED,-121.01053847999999,39.009544570000003
6915004,2015,2016-11-01,9220,2015-05-11,1135,012612,,1,1,9,3100,0,1,3,,1,249,"RT 49","EDGEWOOD RD",25.00,N,N,A,-,Y,PLA,3,49,-,-,4.690,H,-,S,N,4,0,1,2,A,-,03,22350,,N,C,C,A,A,H,-,A,D,0,,,,,Y,,A,01,0,0,1,0,0,0,0,0,0,"- ","- ",38.920439999999999,-121.08216,PLACER,UNINCORPORATED,-121.08221342,38.920637569999997
6939902,2015,2015-06-10,9220,2015-05-07,1020,014466,,4,1,9,3100,0,2,4,,2,062,"FORESTHILL RD","LOWER LAKE CLEMENTINE",5280.00,E,N,B,-,N,,,,,,,,,,Y,4,0,1,1,A,-,08,22107,,N,E,I,A,B,H,-,A,D,0,,,,,Y,,A,01,0,0,1,0,0,0,0,0,0,"- ","- ",38.563000000000002,-120.5916,PLACER,UNINCORPORATED,-120.98891795,38.941620020000002
6945844,2015,2015-07-08,3103,2015-06-04,0013,BROGE,L4,4,5,2,3103,0,0,0,,0,0L2,"FERRARI RANCH RD","JOINER PKWY",0.00,,Y,A,-,N,,,,,,,,,,Y,4,0,1,2,A,-,12,21453,A,N,D,C,A,A,H,-,A,A,0,,,,Y,Y,,A,01,0,0,1,0,0,0,0,0,0,"- ","- ",,,PLACER,LINCOLN,-121.30359985,38.875599899999997
6945868,2015,2015-10-21,3103,2015-05-06,0810,SKRUE,L7,3,5,2,3103,0,0,0,,0,0L4,"LINCOLN BL","FERRARI RANCH RD",1056.00,S,N,A,-,N,,,,,,,,,,N,4,0,1,2,A,-,12,21453,A,N,A,C,A,A,H,-,A,A,0,,,,,Y,,D,22,0,0,1,0,0,0,0,0,0,"- ","- ",38.87227,-121.30809000000001,PLACER,LINCOLN,-121.29653527000001,38.87686695
6946078,2015,2015-06-25,3103,2015-05-10,0245,MALVE,,7,5,2,3103,0,0,0,,0,0L3,"W WISE","GLADDING RD",465.00,W,N,A,-,N,,,,,,,,,,Y,3,0,1,1,A,-,01,23152,,N,E,I,A,A,H,-,D,D,0,,,,,Y,Y,A,01,0,1,0,0,0,0,0,0,0,"- ","- ",38.926470000000002,-121.29515000000001,PLACER,LINCOLN,-121.29505463,38.926492830000001
6946189,2015,2015-10-16,3103,2015-05-07,2500,SKRUE,L3,4,5,2,3103,0,0,0,,0,0L1,"1ST ST","JOINER PKWY",0.00,,Y,A,-,N,,,,,,,,,,N,4,0,1,2,A,-,10,21950,A,N,G,B,B,A,H,-,A,A,0,Y,,,,Y,,A,08,0,0,1,0,1,0,0,0,0,"- ","- ",,,PLACER,LINCOLN,-121.31345992999999,38.886669990000001
6950745,2015,2015-06-18,9220,2015-05-15,1505,14611,,5,2,9,3100,0,2,4,,2,027,"AUBURN FOLSOM RD","FULLER DR",125.00,S,N,A,-,N,,,,,,,,,,N,4,0,1,2,A,-,03,22350,,N,C,C,A,A,H,-,A,D,0,,,,,Y,,A,01,0,0,1,0,0,0,0,0,0,"- ","- ",38.738930000000003,-121.17063,PLACER,UNINCORPORATED,-121.17059553999999,38.73948678
6956041,2015,2016-10-31,9220,2015-06-05,0010,11085,,5,3,9,3100,0,2,4,,2,021,"SIERRA COLLEGE BL","RT 193",0.00,,Y,B,-,Y,PLA,3,193,-,-,3.000,I,6,E,Y,3,0,1,1,A,-,01,23152,A,N,E,I,A,A,H,-,C,A,0,,,,,Y,Y,A,01,0,1,0,0,0,0,0,0,0,"- ","- ",,,PLACER,UNINCORPORATED,-121.23799234000001,38.886543920000001
6960680,2015,2015-07-01,9221,2015-06-14,2157,014763,,7,2,9,3100,0,3,5,,2,070,"PLACER HILLS RD","TOKAYANA WY",2112.00,S,N,A,-,N,,,,,,,,,,Y,3,0,1,1,A,-,17,21652,,N,E,I,A,A,H,-,D,D,0,,,,,Y,,D,22,0,1,0,0,0,0,0,0,0,"- ","- ",39.076770000000003,-120.96396,PLACER,UNINCORPORATED,-120.97412161,39.07180717
6960802,2015,2015-11-05,3104,2015-06-18,1719,277,46,4,5,4,3104,0,0,0,,0,002,"PACIFIC ST","WOODSIDE DR",0.00,,Y,A,-,N,,,,,,,,,,N,4,0,2,2,A,-,03,22350,A,N,C,C,A,A,H,-,A,A,0,,,,,Y,,A,01,0,0,2,0,0,0,0,0,0,"- ","- ",38.778280000000002,-121.24629,PLACER,ROCKLIN,-121.24682986000001,38.77767995
6961230,2015,2016-12-17,9222,2015-05-24,1100,017288,,7,1,9,3100,0,1,3,,1,014,"RT 28","COMMONS BEACH RD",36.00,E,N,B,-,Y,PLA,3,28,-,-,0.250,H,-,W,N,2,0,1,2,A,-,17,22517,,N,H,G,A,A,H,-,A,D,0,,Y,,,Y,Y,A,07,1,0,0,0,0,0,1,0,0,"- ","- ",39.169220000000003,-120.14327,PLACER,UNINCORPORATED,-120.14294303,39.169354239999997
6968756,2015,2016-11-03,9221,2015-06-16,1532,18940,,2,2,9,3100,0,1,1,,2,386,"RT 80","ALTA BONNYNOOK RD",1584.00,W,N,A,-,Y,PLA,3,80,-,-,44.470,H,-,W,Y,3,0,2,1,A,-,08,22107,,N,E,I,A,A,H,-,A,D,1,,,,,Y,,A,07,0,2,0,0,0,0,0,0,0,"- ","- ",39.195129999999999,-120.81708999999999,PLACER,UNINCORPORATED,-120.81499804000001,39.198033860000002
6978842,2015,2015-07-10,3101,2015-06-19,0804,7,5,5,5,3,3101,0,0,0,,0,002,"ORANGE ST","FINLEY ST",10.00,,N,A,-,N,,,,,,,,,,N,2,0,1,2,A,-,10,21950,A,N,G,B,B,A,H,-,A,A,0,Y,,,,Y,,A,07,1,0,0,0,1,0,0,0,0,"- ","- ",,,PLACER,AUBURN,-121.06999991000001,38.896639960000002
6984886,2015,2016-12-17,9220,2015-06-25,1845,12412,,4,2,9,3100,0,1,3,,1,249,"RT 49","BELL RD",150.00,N,N,A,-,Y,PLA,3,49,-,-,6.410,H,-,N,N,3,0,1,2,A,-,03,22350,,N,C,C,A,A,H,-,A,D,0,,,,,Y,,A,01,0,1,0,0,0,0,0,0,0,"- ","- ",38.942610000000002,-121.0971,PLACER,UNINCORPORATED,-121.09722091,38.942484120000003