CASE_ID,ACCIDENT_YEAR,PROC_DATE,JURIS,COLLISION_DATE,COLLISION_TIME,OFFICER_ID,REPORTING_DISTRICT,DAY_OF_WEEK,CHP_SHIFT,POPULATION,CNTY_CITY_LOC,SPECIAL_COND,BEAT_TYPE,CHP_BEAT_TYPE,CITY_DIVISION_LAPD,CHP_BEAT_CLASS,BEAT_NUMBER,PRIMARY_RD,SECONDARY_RD,DISTANCE,DIRECTION,INTERSECTION,WEATHER_1,WEATHER_2,STATE_HWY_IND,CALTRANS_COUNTY,CALTRANS_DISTRICT,STATE_ROUTE,ROUTE_SUFFIX,POSTMILE_PREFIX,POSTMILE,LOCATION_TYPE,RAMP_INTERSECTION,SIDE_OF_HWY,TOW_AWAY,COLLISION_SEVERITY,NUMBER_KILLED,NUMBER_INJURED,PARTY_COUNT,PRIMARY_COLL_FACTOR,PCF_CODE_OF_VIOL,PCF_VIOL_CATEGORY,PCF_VIOLATION,PCF_VIOL_SUBSECTION,HIT_AND_RUN,TYPE_OF_COLLISION,MVIW,PED_ACTION,ROAD_SURFACE,ROAD_COND_1,ROAD_COND_2,LIGHTING,CONTROL_DEVICE,CHP_ROAD_TYPE,PEDESTRIAN_ACCIDENT,BICYCLE_ACCIDENT,MOTORCYCLE_ACCIDENT,TRUCK_ACCIDENT,NOT_PRIVATE_PROPERTY,ALCOHOL_INVOLVED,STWD_VEHTYPE_AT_FAULT,CHP_VEHTYPE_AT_FAULT,COUNT_SEVERE_INJ,COUNT_VISIBLE_INJ,COUNT_COMPLAINT_PAIN,COUNT_PED_KILLED,COUNT_PED_INJURED,COUNT_BICYCLIST_KILLED,COUNT_BICYCLIST_INJURED,COUNT_MC_KILLED,COUNT_MC_INJURED,PRIMARY_RAMP,SECONDARY_RAMP,LATITUDE,LONGITUDE,COUNTY,CITY,POINT_X,POINT_Y
6984910,2015,2015-11-05,9220,2015-06-26,1610,014611,,5,2,9,3100,0,2,4,,1,013,"WALERGA RD","SPRING HILL DR",600.00,S,N,A,-,N,,,,,,,,,,Y,3,0,1,1,A,-,01,23152,A,N,F,I,A,A,H,-,A,D,0,,,,,Y,Y,D,22,0,1,0,0,0,0,0,0,0,"- ","- ",,,PLACER,UNINCORPORATED,-121.36189138,38.747355990000003
6985464,2015,2016-10-31,9220,2015-06-11,0845,13868,,4,1,9,3100,0,1,3,,1,265,"RT 65","SUNSET BL",10.00,N,N,A,-,Y,PLA,3,65,-,R,9.784,R,1,S,N,4,0,1,2,A,-,05,21650,1,N,D,G,A,A,H,-,A,A,0,,Y,,,Y,,L,04,0,0,1,0,0,0,1,0,0,TO,"- ",,,PLACER,UNINCORPORATED,-121.30030696,38.820187179999998
6989520,2015,2016-11-03,9220,2015-06-11,1225,13060,,4,1,3,3101,0,1,1,,2,283,"RT 80","RT 49",700.00,E,N,A,-,Y,PLA,3,80,-,-,17.710,H,-,W,Y,3,0,1,3,A,-,07,21658,A,N,B,C,A,A,H,-,A,D,1,,,,,Y,,A,01,0,1,0,0,0,0,0,0,0,"- ","- ",,,PLACER,AUBURN,-121.07299179,38.901834880000003
6996876,2015,2015-08-06,3104,2015-07-13,2235,245,11,1,5,4,3104,0,0,0,,0,003,"BLUE OAK BL","LONE TREE BL",0.00,,Y,A,-,N,,,,,,,,,,Y,2,0,2,3,A,-,12,21453,A,N,A,C,A,A,H,-,C,A,0,,,,,Y,,A,07,1,0,1,0,0,0,0,0,0,"- ","- ",38.7956,-121.29223,PLACER,ROCKLIN,-121.29159988000001,38.796029910000001
7008728,2015,2015-12-02,3103,2015-07-12,0835,KJOHN,L4,7,5,2,3103,0,0,0,,0,0L2,"GROVELAND LN","FERRARI RANCH RD",0.00,,Y,B,-,N,,,,,,,,,,N,4,0,1,2,A,-,12,21453,A,N,D,C,A,A,H,-,A,A,0,,,,,Y,,A,01,0,0,1,0,0,0,0,0,0,"- ","- ",38.882179999999998,-121.30356,PLACER,LINCOLN,-121.30446988999999,38.873179929999999
7010936,2015,2016-12-17,9220,2015-06-18,1100,013060,,4,1,9,3100,0,1,3,,1,249,"RT 49","BELL RD",6.00,S,N,A,-,Y,PLA,3,49,-,-,6.380,I,5,N,N,3,0,2,3,A,-,21,22106,,N,G,B,B,A,H,-,A,D,0,Y,,,,Y,,A,01,0,2,0,0,2,0,0,0,0,"- ","- ",,,PLACER,UNINCORPORATED,-121.09711102999999,38.942054599999999
7038971,2015,2015-09-29,3104,2015-08-18,0720,202,PCSO,2,5,4,3104,0,0,0,,0,PCSO,"SIERRA COLLEGE BL","CLOVER VALLEY RD",1056.00,N,N,A,-,N,,,,,,,,,,Y,3,0,1,1,A,-,08,22107,,N,H,A,A,A,H,-,A,D,0,,,,,Y,,D,22,0,1,0,0,0,0,0,0,0,"- ","- ",38.851469999999999,-121.22162,PLACER,ROCKLIN,-121.22019,38.840189649999999
7047467,2015,2015-09-17,3100,2015-08-11,0747,21,LOOMI,2,5,2,3106,0,0,0,,0,135,"KING RD","BOYINGTON RD",0.00,,Y,A,-,N,,,,,,,,,,N,2,0,1,2,A,-,09,21801,A,N,D,G,A,A,H,-,A,D,0,,Y,,,Y,,A,01,1,0,0,0,0,0,1,0,0,"- ","- ",,,PLACER,LOOMIS,-121.18065989,38.825239940000003
7058485,2015,2017-01-13,3103,2015-08-31,1059,KJOHN,L4,1,5,2,3103,0,0,0,,0,0L2,"RT 65","FERRARI RANCH RD",0.00,,Y,A,-,Y,PLA,3,65,-,R,13.160,R,4,N,Y,4,0,1,2,A,-,12,21453,A,N,D,C,A,A,H,-,A,A,0,,,,,Y,,A,01,0,0,1,0,0,0,0,0,0,"- ","- ",38.879019999999997,-121.30148,PLACER,LINCOLN,-121.30495223,38.868034139999999
7058488,2015,2015-10-15,3103,2015-08-24,2107,CSOBE,L4,1,5,2,3103,0,0,0,,0,0L2,"JOINER PKWY","FERRARI RANCH RD",0.00,,Y,A,-,N,,,,,,,,,,Y,4,0,5,3,A,-,12,21453,A,N,D,C,A,A,H,-,C,A,0,,,,,Y,,A,07,0,0,5,0,0,0,0,0,0,"- ","- ",38.875570000000003,-121.30338,PLACER,LINCOLN,-121.30359985,38.875599899999997
7058664,2015,2015-10-07,3104,2015-09-27,0928,254,37,7,5,4,3104,0,0,0,,0,002,"SUNSET BL","SPRINGVIEW DR",556.00,E,N,A,-,N,,,,,,,,,,Y,2,0,1,1,A,-,03,22350,,N,E,I,A,A,H,-,A,D,0,,,,,Y,,A,01,1,0,0,0,0,0,0,0,0,"- ","- ",38.78396,-121.24681,PLACER,ROCKLIN,-121.24637967,38.783768350000003
7066162,2015,2016-11-03,9220,2015-05-18,0915,12612,,1,1,9,3100,0,1,1,,2,282,"RT 80","RT 193",1112.00,E,N,A,-,Y,PLA,3,80,-,-,14.530,H,-,E,Y,2,0,2,2,A,-,03,22350,,N,C,C,A,A,H,-,A,D,1,,,,,Y,,A,01,1,0,1,0,0,0,0,0,0,"- ","- ",38.878360000000001,-121.12103,PLACER,UNINCORPORATED,-121.12173688999999,38.878362660000001
7099479,2015,2015-10-28,3101,2015-10-03,1925,21,5,6,5,3,3101,0,0,0,,0,002,"PLACER ST","MAPLE ST",0.00,,Y,A,-,N,,,,,,,,,,N,4,0,1,1,A,-,03,22350,,N,H,J,A,A,H,-,C,D,0,,,Y,,Y,,C,02,0,0,1,0,0,0,0,0,1,"- ","- ",,,PLACER,AUBURN,-121.07860997,38.897829909999999
7102231,2015,2016-01-26,3101,2015-10-14,1403,L1,3101,3,5,3,3101,0,0,0,,0,002,"AUBURN FOLSOM RD","HIGH ST",0.00,,Y,A,-,N,,,,,,,,,,Y,4,0,1,2,A,-,12,21453,A,N,D,C,A,A,H,-,A,A,0,,,,,Y,,-,,0,0,1,0,0,0,0,0,0,"- ","- ",,,PLACER,AUBURN,-121.07640988,38.89291996
7107554,2015,2017-01-12,9220,2015-08-24,0856,15385,,1,1,4,3104,0,1,1,,2,281,"RT 80","RT 65",1584.00,E,N,A,-,Y,PLA,3,80,-,-,4.460,H,-,W,Y,4,0,1,2,A,-,03,22350,,N,C,C,A,A,H,-,A,D,1,,,,,Y,,A,01,0,0,1,0,0,0,0,0,0,"- ","- ",38.773339999999997,-121.24370999999999,PLACER,ROCKLIN,-121.24455874,38.77260072
7112749,2015,2015-11-20,3103,2015-10-15,2305,JMORS,L5,4,5,2,3103,0,0,0,,0,0L3,"LINCOLN BL","MCBEAN PARK DR",0.00,,Y,A,-,N,,,,,,,,,,Y,4,0,2,2,A,-,12,21453,A,N,D,C,A,A,H,-,C,A,0,,,,,Y,,A,01,0,0,2,0,0,0,0,0,0,"- ","- ",38.890509999999999,-121.29279,PLACER,LINCOLN,-121.29279991,38.890509899999998
7112957,2015,2015-11-12,3103,2015-10-24,1630,JMCCA,L1,6,5,2,3103,0,0,0,,0,0L1,"AVIATION BL","VENTURE DR",0.00,,Y,A,-,N,,,,,,,,,,N,4,0,2,2,A,-,03,22350,,N,D,C,A,A,H,-,A,D,0,,,,,Y,,A,01,0,0,2,0,0,0,0,0,0,"- ","- ",38.906039999999997,-121.33078999999999,PLACER,LINCOLN,-121.34012989999999,38.904229950000001
7116572,2015,2015-11-13,3103,2015-10-15,1646,WCOLL,L6,4,5,2,3103,0,0,0,,0,0L4,"SUN CITY BL","FERRARI RANCH RD",528.00,S,N,A,-,N,,,,,,,,,,Y,4,0,1,1,A,-,03,22350,,N,E,I,A,A,H,-,A,D,0,,,,,Y,,A,01,0,0,1,0,0,0,0,0,0,"- ","- ",38.884979999999999,-121.28436000000001,PLACER,LINCOLN,-121.28275302,38.884258369999998
7120249,2015,2015-11-20,3101,2015-11-07,1246,P23,03101,6,5,3,3101,0,0,0,,0,002,"HIGH ST","NEIGHBORS LN",0.00,,Y,A,-,N,,,,,,,,,,Y,3,0,1,4,A,-,06,21755,A,N,B,C,A,A,H,-,A,A,0,,,Y,,Y,,C,02,0,1,0,0,0,0,0,0,1,"- ","- ",,,PLACER,AUBURN,-121.07130988,38.897369959999999
7132731,2015,2017-01-31,3101,2015-12-06,1155,20,3101,7,5,3,3101,0,0,0,,0,001,"RT 49","RT 49 200",20.00,S,N,B,C,Y,PLA,3,49,-,-,1.800,H,-,S,Y,4,0,2,2,A,-,03,22350,,N,A,C,A,B,H,-,A,D,0,,,,,Y,,A,01,0,0,2,0,0,0,0,0,0,"- ","- ",,,PLACER,AUBURN,-121.04048005999999,38.915452440000003
7134403,2015,2015-12-21,3103,2015-11-26,1821,WCOLL,L5,4,5,2,3103,0,0,0,,0,0L3,"EAST AV","9TH ST",9.00,N,N,A,-,N,,,,,,,,,,Y,3,0,5,2,A,-,01,23152,,N,D,C,A,A,H,-,C,D,0,,,,,Y,Y,D,22,0,3,2,0,0,0,0,0,0,"- ","- ",,,PLACER,LINCOLN,-121.28431648999999,38.897114559999999
7138616,2015,2016-02-18,3100,2015-12-15,1551,147,,2,5,2,3106,0,0,0,,0,135,"TAYLOR RD","SIERRA COLLEGE BL",331.00,W,N,A,-,N,,,,,,,,,,Y,2,0,3,4,A,-,03,22350,,N,C,C,A,A,H,-,A,A,0,,,,,Y,,-,,1,1,1,0,0,0,0,0,0,"- ","- ",,,PLACER,LOOMIS,-121.2067869,38.811531909999999
7138752,2015,2016-01-27,3101,2015-12-17,0757,P23,03101,4,5,3,3101,0,0,0,,0,002,"AGARD ST","ORANGE ST",206.00,S,N,A,-,N,,,,,,,,,,Y,4,0,1,3,A,-,"- ",,,N,E,E,A,A,H,-,A,D,0,,,,,Y,,A,01,0,0,1,0,0,0,0,0,0,"- ","- ",,,PLACER,AUBURN,-121.07057115000001,38.894873850000003
7140480,2015,2015-12-23,3104,2015-11-30,0830,530,,1,5,4,3104,0,0,0,,0,001,"SUNSET BL","3RD ST",528.00,E,N,A,-,N,,,,,,,,,,N,4,0,1,2,A,-,03,22350,,N,C,C,A,A,C,-,A,A,0,,,,,Y,,-,,0,0,1,0,0,0,0,0,0,"- ","- ",,,PLACER,ROCKLIN,-121.24628714000001,38.783990690000003
7142587,2015,2017-02-04,3101,2015-12-21,1009,16,3101,1,5,3,3101,0,0,0,,0,001,"RT 49","PALM AV",600.00,S,N,B,C,Y,PLA,3,49,-,-,3.670,H,-,S,N,4,0,1,2,A,-,03,22350,,N,C,C,A,B,H,-,A,D,0,,,,,Y,,D,22,0,0,1,0,0,0,0,0,0,"- ","- ",,,PLACER,AUBURN,-121.07671932,38.906824090000001
7155107,2015,2016-02-19,3103,2015-12-04,1401,WCOLL,L5,5,5,2,3103,0,0,0,,0,0L3,"1ST ST","LINCOLN BL",0.00,,Y,A,-,N,,,,,,,,,,N,4,0,1,2,A,-,12,21453,A,N,H,G,A,A,H,-,A,A,0,,Y,,,Y,,L,04,0,0,1,0,0,0,1,0,0,"- ","- ",38.886539999999997,-121.29279,PLACER,LINCOLN,-121.29281997,38.886539929999998
7155224,2015,2016-02-29,3103,2015-12-21,1157,JMCCA,L4,1,5,2,3103,0,0,0,,0,0L2,"STANMARK LN","JOINER PKWY",260.00,S,N,B,C,N,,,,,,,,,,N,4,0,1,2,A,-,09,21802,A,N,D,C,A,B,H,-,A,D,0,,,,,Y,,A,01,0,0,1,0,0,0,0,0,0,"- ","- ",38.875129999999999,-121.30097000000001,PLACER,LINCOLN,-121.30116133,38.874433609999997
7165591,2016,2016-01-26,3104,2016-01-09,1822,278,43,6,5,4,3104,0,0,0,,0,001,"PACIFIC ST",C11432,66.00,S,N,B,-,N,,,,,,,,,,Y,3,0,2,1,A,-,01,23152,A,N,E,I,A,A,H,-,C,D,0,,,,,Y,Y,A,01,0,2,0,0,0,0,0,0,0,"- ","- ",38.800739999999998,-121.22447,PLACER,ROCKLIN,,
7168275,2016,2016-08-26,3104,2016-01-05,1650,281,15,2,5,4,3104,0,0,0,,0,004,"W STANFORD RANCH","WILDCAT BL",0.00,,-,B,-,N,,,,,,,,,,N,4,0,1,2,A,-,03,22350,,N,C,C,A,B,H,-,C,A,0,,,,,Y,,A,01,0,0,1,0,0,0,0,0,0,"- ","- ",38.818510000000003,-121.28082000000001,PLACER,ROCKLIN,-121.28092986999999,38.81849991
7179965,2016,2016-02-16,3103,2016-01-06,1233,BSCHN,L8,3,5,2,3103,0,0,0,,0,0L4,"TWELVE BRIDGES DR","E JOINER PKWY",0.00,,Y,B,-,N,,,,,,,,,,Y,4,0,2,3,A,-,09,21453,,N,D,C,A,B,H,-,A,A,0,,,,,Y,,-,"- ",0,0,2,0,0,0,0,0,0,"- ","- ",38.851320000000001,-121.28464,PLACER,LINCOLN,-121.28461986000001,38.85131998
7180144,2016,2016-02-11,3103,2016-01-06,1658,WCOLL,L3,3,5,2,3103,0,0,0,,0,0L1,"5TH ST","O ST",66.00,E,N,C,-,N,,,,,,,,,,Y,3,0,1,2,A,-,09,21804,A,N,D,C,A,B,H,-,B,D,0,,,Y,,Y,,A,01,0,1,0,0,0,0,0,0,1,"- ","- ",38.89179,-121.30166,PLACER,LINCOLN,-121.30270851,38.891820000000003
7190024,2016,2018-09-24,3104,2016-01-16,2248,226,25,6,5,4,3104,0,0,0,,0,003,"PARK DR","SANTA FE WY",166.00,S,N,B,-,N,,,,,,,,,,Y,1,1,1,1,A,-,03,22350,,N,E,I,A,B,H,-,C,D,0,,,,,Y,,A,01,0,1,0,0,0,0,0,0,0,"- ","- ",38.818629999999999,-121.25508000000001,PLACER,ROCKLIN,-121.25895127,38.81125763
7199784,2016,2018-09-27,3105,2016-01-11,0447,139,,1,5,5,3105,0,0,0,,0,,"CIRBY WY","INGLIS WY",320.00,W,N,B,-,N,,,,,,,,,,Y,1,1,0,1,A,-,08,22107,,N,E,I,A,A,H,-,C,A,0,,,,,Y,Y,-,,0,0,0,0,0,0,0,0,0,"- ","- ",,,PLACER,ROSEVILLE,-121.29883133,38.729313920000003
7203520,2016,2016-03-10,3104,2016-03-03,0001,224,71,4,5,4,3104,0,0,0,,0,001,"SIERRA COLLEGE BL","ROCKLIN RD",528.00,N,N,B,-,N,,,,,,,,,,Y,4,0,1,1,A,-,08,22107,,N,E,I,A,A,H,-,C,D,0,,,,,Y,,A,01,0,0,1,0,0,0,0,0,0,"- ","- ",38.791420000000002,-121.20968999999999,PLACER,ROCKLIN,-121.20581316000001,38.790053690000001
7209747,2016,2016-03-24,3104,2016-03-03,1449,257,26,4,5,4,3104,0,0,0,,0,002,"WHITNEY BL","SAND ST",0.00,,Y,B,-,N,,,,,,,,,,N,4,0,2,2,A,-,03,22350,,N,C,C,A,A,H,-,A,D,0,,,,,Y,,D,22,0,0,2,0,0,0,0,0,0,"- ","- ",38.805579999999999,-121.25409999999999,PLACER,ROCKLIN,-121.25410995999999,38.80557993
8024664,2016,2016-05-16,3104,2016-05-02,1037,283,ROSEV,1,5,4,3104,0,0,0,,0,002,"PACIFIC ST","WOODSIDE DR",356.00,S,N,A,-,N,,,,,,,,,,Y,3,0,1,1,A,-,08,22107,,N,E,I,A,A,H,-,A,D,0,,,,,Y,,A,01,0,1,0,0,0,0,0,0,0,"- ","- ",,,PLACER,ROCKLIN,-121.24755097000001,38.776881789999997
8029228,2016,2016-04-28,3104,2016-04-22,0557,254,42,5,5,4,3104,0,0,0,,0,001,"SIERRA COLLEGE BL","BASS LAKE RD",506.00,S,N,B,-,N,,,,,,,,,,N,4,0,1,1,A,-,"- ",,,N,H,H,A,A,H,-,B,D,0,,,,,Y,,-,"- ",0,0,1,0,0,0,0,0,0,"- ","- ",38.803489999999996,-121.20513,PLACER,ROCKLIN,,
8035076,2016,2016-05-09,3104,2016-04-29,1748,251,38,5,5,4,3104,0,0,0,,0,003,"FAIRWAY DR","STANFORD RANCH RD",27.00,E,N,A,-,N,,,,,,,,,,N,4,0,1,2,A,-,03,22350,,F,C,C,A,A,H,-,A,A,0,,,,,Y,,D,72,0,0,1,0,0,0,0,0,0,"- ","- ",38.784030000000001,-121.26510999999999,PLACER,ROCKLIN,-121.26563528,38.783639999999998
8040564,2016,2017-02-24,3104,2016-05-12,0726,259,43,4,5,4,3104,0,0,0,,0,001,"ROCKLIN RD","RT 80",40.00,E,N,A,-,Y,PLA,3,80,-,-,6.268,R,4,E,N,3,0,3,3,A,-,03,22350,,N,C,C,A,A,H,-,A,A,0,,,,,Y,,A,07,0,1,2,0,0,0,0,0,0,"- ","- ",38.788510000000002,-121.22096999999999,PLACER,ROCKLIN,-121.21996571,38.790639990000003
8044421,2016,2017-02-24,3101,2016-05-18,1001,20,3101,3,5,3,3101,0,0,0,,0,001,"ELM AV","RT 49",10.00,E,N,A,-,Y,PLA,3,49,-,-,3.470,I,6,N,N,4,0,1,2,A,-,08,22107,,N,B,C,A,A,H,-,A,A,0,,,,,Y,,A,01,0,0,1,0,0,0,0,0,0,"- ","- ",,,PLACER,AUBURN,-121.07626583,38.903964979999998
8046405,2016,2016-05-24,3104,2016-05-16,0903,259,42,1,5,4,3104,0,0,0,,0,001,"SIERRA COLLEGE","COMMONS DR",0.00,,Y,A,-,N,,,,,,,,,,Y,4,0,3,2,A,-,12,21453,A,N,D,C,A,A,H,-,A,A,0,,,,,Y,,A,01,0,0,3,0,0,0,0,0,0,"- ","- ",,,PLACER,ROCKLIN,-121.20542992,38.805159979999999
8049072,2016,2016-06-01,3104,2016-05-14,0927,283,ROSEV,6,5,4,3104,0,0,0,,0,001,"ROCKLIN RD","GRANITE DR",0.00,,Y,A,-,N,,,,,,,,,,Y,4,0,1,2,A,-,09,21453,C,N,A,C,A,A,H,-,A,A,0,,,,,Y,,A,01,0,0,1,0,0,0,0,0,0,"- ","- ",,,PLACER,ROCKLIN,-121.22627995000001,38.78846995
8054066,2016,2016-06-06,3101,2016-05-19,1329,20,3101,4,5,3,3101,0,0,0,,0,002,"HIGH ST","PLEASANT AV",12.00,N,N,A,-,N,,,,,,,,,,N,4,0,1,2,A,-,08,22107,,N,A,C,A,A,H,-,A,D,0,,,,,Y,,A,01,0,0,1,0,0,0,0,0,0,"- ","- ",,,PLACER,AUBURN,-121.07421959,38.895008830000002
8071033,2016,2016-06-30,3104,2016-06-16,1625,284,46,4,5,4,3104,0,0,0,,0,002,"PACIFIC ST","WOODSIDE DR",1056.00,S,N,A,-,N,,,,,,,,,,N,4,0,2,2,A,-,03,22350,,M,C,C,A,A,H,-,A,D,0,,,,,Y,,A,01,0,0,2,0,0,0,0,0,0,"- ","- ",38.774760000000001,-121.24876,PLACER,ROCKLIN,-121.24896243000001,38.775309020000002
8074929,2016,2016-07-06,3103,2016-06-09,1657,WCOLL,L7,4,5,2,3103,0,0,0,,0,0L4,"LINCOLN BL","STERLING PKWY",5280.00,S,N,A,-,N,,,,,,,,,,N,3,0,1,1,D,-,00,,,N,E,J,A,A,H,-,A,D,0,,,,,Y,,-,"- ",0,1,0,0,0,0,0,0,0,"- ","- ",38.869990000000001,-121.29939,PLACER,LINCOLN,-121.30158,38.864510000000003
8075037,2016,2016-07-06,3103,2016-06-19,1500,KJOHN,L5,7,5,2,3103,0,0,0,,0,0L3,"LINCOLN BL","1ST ST",15.00,N,N,A,-,N,,,,,,,,,,N,3,0,1,3,A,-,12,22450,,N,C,C,A,A,H,-,A,A,0,,,Y,,Y,,A,01,0,1,0,0,0,0,0,0,1,"- ","- ",38.886539999999997,-121.29279,PLACER,LINCOLN,-121.29281969,38.886581190000001
8096085,2016,2016-08-08,3103,2016-07-06,1005,JSHAW,L7,3,5,2,3103,0,0,0,,0,0L4,"DEL WEBB BL","SPRINGVALLEY PKWY",0.00,W,N,A,-,N,,,,,,,,,,Y,4,0,1,1,A,-,03,22350,,N,E,I,A,A,H,-,A,D,0,,,,,Y,,A,71,0,0,1,0,0,0,0,0,0,"- ","- ",38.855649999999997,-121.28461,PLACER,LINCOLN,-121.27390986,38.85685994
8110324,2016,2017-02-28,3104,2016-08-22,1516,284,43,1,5,4,3104,0,0,0,,0,001,"ROCKLIN RD","RT 80",45.00,W,N,A,-,Y,PLA,3,80,-,-,5.927,R,4,W,N,4,0,1,2,A,-,03,22350,,N,C,C,A,A,H,-,A,A,0,,,,,Y,,A,01,0,0,1,0,0,0,0,0,0,"- ",WO,38.789619999999999,-121.22062,PLACER,ROCKLIN,-121.22454256,38.787023339999998
8110328,2016,2016-08-30,3104,2016-08-19,1204,283,10,5,5,4,3104,0,0,0,,0,004,"PARK DR","ARNOLD DR",0.00,,Y,A,-,N,,,,,,,,,,Y,3,0,2,2,A,-,07,21658,A,N,D,C,A,A,H,-,A,D,0,,,,,Y,,A,01,0,1,1,0,0,0,0,0,0,"- ","- ",38.802190000000003,-121.27603000000001,PLACER,ROCKLIN,-121.27624998,38.802259990000003
8110383,2016,2016-08-29,3104,2016-08-25,1551,284,42,4,5,4,3104,0,0,0,,0,001,"COMMONS DR","SIERRA COLLEGE BL",0.00,,Y,A,-,N,,,,,,,,,,Y,3,0,1,2,A,-,12,21453,A,N,D,C,A,A,H,-,A,A,0,,,,,Y,,A,01,0,1,0,0,0,0,0,0,0,"- ","- ",38.805079999999997,-121.20692,PLACER,ROCKLIN,-121.20542992,38.805159979999999
8113872,2016,2016-09-12,3103,2016-08-28,2011,DIBAR,L9,7,5,2,3103,0,0,0,,0,0L2,"JOINER PKWY","DOWNING CIR",0.00,,Y,A,-,N,,,,,,,,,,Y,4,0,1,2,A,-,09,21453,C,N,D,C,A,A,H,-,C,A,0,,,,,Y,,A,01,0,0,1,0,0,0,0,0,0,"- ","- ",38.878360000000001,-121.30945,PLACER,LINCOLN,-121.31295992,38.880349950000003
8113876,2016,2016-09-12,3103,2016-08-23,1832,TRAYB,L4,2,5,2,3103,0,0,0,,0,0L2,"JOINER PKWY","DOWNING CIR",0.00,,Y,A,-,N,,,,,,,,,,Y,2,0,1,2,A,-,08,22107,,N,D,C,A,A,H,-,A,A,0,,,Y,,Y,,A,01,1,0,0,0,0,0,0,0,1,"- ","- ",38.880389999999998,-121.31271,PLACER,LINCOLN,-121.31295992,38.880349950000003
8113904,2016,2016-09-12,3104,2016-08-27,0635,283,21,6,5,4,3104,0,0,0,,0,003,"PARK DR","CAMERON DR",171.00,E,N,A,-,N,,,,,,,,,,Y,3,0,1,1,A,-,03,22350,,N,E,I,A,B,G,-,B,D,0,,,,,Y,,A,01,0,1,0,0,0,0,0,0,0,"- ","- ",38.820360000000001,-121.24974,PLACER,ROCKLIN,-121.24915377000001,38.820574639999997
8113908,2016,2016-11-07,3104,2016-08-28,1221,259,37,7,5,4,3104,0,0,0,,0,002,"SUNSET BL","WHITNEY BL",0.00,,Y,A,-,N,,,,,,,,,,N,3,0,2,3,A,-,00,21451,,N,A,G,A,A,H,-,A,D,0,,Y,,,Y,,-,,0,1,1,0,0,0,2,0,0,"- ","- ",38.786659999999998,-121.25270999999999,PLACER,ROCKLIN,-121.25278,38.786899990000002
8119440,2016,2016-09-16,3104,2016-09-04,1510,285,37,7,5,4,3104,0,0,0,,0,002,"SUNSET BL","S WHITNEY BL",0.00,,Y,A,-,N,,,,,,,,,,Y,3,0,2,2,A,-,12,21453,A,N,D,C,A,A,H,-,A,A,0,,,,,Y,,A,07,0,1,1,0,0,0,0,0,0,"- ","- ",38.786659999999998,-121.25270999999999,PLACER,ROCKLIN,-121.2528599,38.786699990000002
8131749,2016,2016-10-20,3100,2016-08-31,1725,66,LOOMI,3,5,2,3106,0,0,0,,0,135,"ARCADIA AV","ARCADIA AV 5830",0.00,,N,A,-,N,,,,,,,,,,Y,4,0,1,2,A,-,03,22350,,N,C,E,A,A,-,-,A,D,0,,,,,Y,Y,-,,0,0,1,0,0,0,0,0,0,"- ","- ",,,PLACER,LOOMIS,-121.19689821999999,38.83137825
8132666,2016,2016-12-21,3104,2016-11-07,1144,260,42,1,5,4,3104,0,0,0,,0,001,"SIERRA COLLEGE BL","GRANITE DR",75.00,N,N,A,-,N,,,,,,,,,,N,4,0,2,3,A,-,03,22350,,N,C,C,A,A,H,-,A,A,0,,,,Y,Y,,F,26,0,0,2,0,0,0,0,0,0,"- ","- ",38.806550000000001,-121.20555,PLACER,ROCKLIN,-121.20549355,38.806765929999997
8141302,2016,2016-10-11,3103,2016-09-28,1300,BSCHN,L7,3,5,2,3103,0,0,0,,0,0L4,"LINCOLN BL","LINCOLN BL 67",0.00,,Y,A,-,N,,,,,,,,,,Y,3,0,1,2,A,-,12,21453,A,N,D,C,A,A,H,-,A,A,0,,,,,Y,,A,01,0,1,0,0,0,0,0,0,0,"- ","- ",38.879629999999999,-121.29543,PLACER,LINCOLN,-121.29581272999999,38.878308009999998
8147697,2016,2016-10-18,3104,2016-10-11,1734,257,45,2,5,4,3104,0,0,0,,0,002,"PACIFIC ST","FARRON ST",388.00,S,N,A,-,N,,,,,,,,,,Y,4,0,1,3,A,-,03,22350,,N,C,C,A,A,H,-,A,D,0,,,,,Y,,A,07,0,0,1,0,0,0,0,0,0,"- ","- ",38.785789999999999,-121.23981000000001,PLACER,ROCKLIN,-121.24046426,38.784841479999997
8157350,2016,2016-11-03,3101,2016-10-14,1740,20,3101,5,5,3,3101,0,0,0,,0,002,"GRASS VALLEY HWY","PALM AV",0.00,,Y,C,-,N,,,,,,,,,,N,4,0,2,2,A,-,03,22350,,N,C,C,A,B,H,-,B,D,0,,,,,Y,,D,22,0,0,2,0,0,0,0,0,0,"- ","- ",,,PLACER,AUBURN,-121.076973,38.908403999999997
8157538,2016,2016-11-04,3104,2016-10-17,1801,284,45,1,5,4,3104,0,0,0,,0,002,"ROCKLIN RD","RT 80",275.00,W,N,A,-,N,,,,,,,,,,N,4,0,1,2,A,-,09,21804,A,M,D,C,A,A,H,-,A,A,0,,,,,Y,,A,01,0,0,1,0,0,0,0,0,0,"- ",WO,38.788119999999999,-121.22584999999999,PLACER,ROCKLIN,-121.22377471,38.788499999999999
8167762,2019,2019-12-06,3105,2019-08-26,1545,1115,,1,5,5,3105,0,0,0,,0,006,"WOODCREEK OAKS BL","JUNCTION BL",0.00,,Y,A,-,N,,,,,,,,,,,4,0,1,2,A,-,12,21453,A,N,D,C,A,A,H,-,A,A,0,,,,,Y,,A,07,0,0,1,0,0,0,0,0,0,"- ","- ",38.758430480957031,-121.33470153808594,PLACER,ROSEVILLE,-121.33479309082031,38.758438110351562
8177077,2016,2017-03-04,3101,2016-11-25,1449,58,,5,5,3,3101,0,0,0,,0,001,"RT 49","ELM AV",500.00,N,N,B,-,Y,PLA,3,49,-,-,3.560,H,-,S,Y,3,0,1,2,A,-,01,23152,,N,C,C,A,A,H,-,A,A,0,,,,,Y,Y,A,01,0,1,0,0,0,0,0,0,0,"- ","- ",,,PLACER,AUBURN,-121.07647724,38.905249390000002