CASE_ID,ACCIDENT_YEAR,PROC_DATE,JURIS,COLLISION_DATE,COLLISION_TIME,OFFICER_ID,REPORTING_DISTRICT,DAY_OF_WEEK,CHP_SHIFT,POPULATION,CNTY_CITY_LOC,SPECIAL_COND,BEAT_TYPE,CHP_BEAT_TYPE,CITY_DIVISION_LAPD,CHP_BEAT_CLASS,BEAT_NUMBER,PRIMARY_RD,SECONDARY_RD,DISTANCE,DIRECTION,INTERSECTION,WEATHER_1,WEATHER_2,STATE_HWY_IND,CALTRANS_COUNTY,CALTRANS_DISTRICT,STATE_ROUTE,ROUTE_SUFFIX,POSTMILE_PREFIX,POSTMILE,LOCATION_TYPE,RAMP_INTERSECTION,SIDE_OF_HWY,TOW_AWAY,COLLISION_SEVERITY,NUMBER_KILLED,NUMBER_INJURED,PARTY_COUNT,PRIMARY_COLL_FACTOR,PCF_CODE_OF_VIOL,PCF_VIOL_CATEGORY,PCF_VIOLATION,PCF_VIOL_SUBSECTION,HIT_AND_RUN,TYPE_OF_COLLISION,MVIW,PED_ACTION,ROAD_SURFACE,ROAD_COND_1,ROAD_COND_2,LIGHTING,CONTROL_DEVICE,CHP_ROAD_TYPE,PEDESTRIAN_ACCIDENT,BICYCLE_ACCIDENT,MOTORCYCLE_ACCIDENT,TRUCK_ACCIDENT,NOT_PRIVATE_PROPERTY,ALCOHOL_INVOLVED,STWD_VEHTYPE_AT_FAULT,CHP_VEHTYPE_AT_FAULT,COUNT_SEVERE_INJ,COUNT_VISIBLE_INJ,COUNT_COMPLAINT_PAIN,COUNT_PED_KILLED,COUNT_PED_INJURED,COUNT_BICYCLIST_KILLED,COUNT_BICYCLIST_INJURED,COUNT_MC_KILLED,COUNT_MC_INJURED,PRIMARY_RAMP,SECONDARY_RAMP,LATITUDE,LONGITUDE,COUNTY,CITY,POINT_X,POINT_Y
8177084,2016,2016-12-01,3101,2016-11-23,0353,25,3101,3,5,3,3101,0,0,0,,0,002,"INDIAN HILL RD","GRAND VIEW",123.00,E,N,C,E,N,,,,,,,,,,Y,3,0,1,1,A,-,03,22350,,N,E,-,A,B,H,-,D,D,0,,,,,Y,,-,,0,1,0,0,0,0,0,0,0,"- ","- ",,,PLACER,AUBURN,-121.08961796,38.87274
8181371,2016,2017-01-05,3104,2016-11-27,0042,272,52,7,5,4,3104,0,0,0,,0,001,"SIERRA COLLEGE BL",NIGHTWATCH,0.00,,Y,C,-,N,,,,,,,,,,Y,3,0,1,1,A,-,01,23152,,N,E,I,A,B,H,-,C,A,0,,,,,Y,Y,A,01,0,1,0,0,0,0,0,0,0,"- ","- ",38.774459999999998,-121.20984,PLACER,ROCKLIN,-121.21042998,38.773939949999999
8181375,2016,2016-12-06,3104,2016-11-16,1102,285,22,3,5,4,3104,0,0,0,,0,003,"3819 SYLVAN DR","SYLVAN DR",0.00,,Y,A,-,N,,,,,,,,,,N,3,0,1,2,A,-,11,21954,A,N,G,B,E,A,H,-,A,D,0,Y,,,,Y,,N,60,0,1,0,0,1,0,0,0,0,"- ","- ",38.825969999999998,-121.24529,PLACER,ROCKLIN,-121.24505370999999,38.829804199999998
8181420,2016,2016-12-07,3104,2016-11-26,1333,283,11,6,5,4,3104,0,0,0,,0,004,"LONETREE BL","REDWOOD DR",0.00,,Y,C,-,N,,,,,,,,,,Y,4,0,2,2,A,-,12,21453,A,N,D,C,A,B,H,-,A,A,0,,,,,Y,,A,01,0,0,2,0,0,0,0,0,0,"- ","- ",38.795900000000003,-121.29159,PLACER,ROCKLIN,-121.29356998999999,38.800699960000003
8184999,2016,2016-12-15,3101,2016-12-09,1304,S8,,5,5,3,3101,0,0,0,,0,001,"ELM AV","ELM AV 388",0.00,,Y,B,-,N,,,,,,,,,,N,4,0,1,2,B,-,22,,,N,G,B,D,B,H,-,A,D,0,Y,,,,Y,,-,,0,0,1,0,1,0,0,0,0,"- ","- ",,,PLACER,AUBURN,-121.07423097,38.903679529999998
8189345,2016,2016-12-15,3103,2016-11-10,1000,JSHAW,L7,4,5,2,3103,0,0,0,,0,0L4,"LINCOLN BL","FERRARI RANCH RD",0.00,,Y,A,-,N,,,,,,,,,,Y,4,0,3,2,A,-,12,21453,A,N,D,C,A,A,H,-,A,A,0,,,,,Y,,A,01,0,0,3,0,0,0,0,0,0,"- ","- ",38.879629999999999,-121.29543,PLACER,LINCOLN,-121.2954099,38.879629960000003
8193076,2016,2016-12-22,3104,2016-12-09,1410,262,42,5,5,4,3104,0,0,0,,0,001,"SIERRA COLLEGE BL","GRANITE DR",52.00,N,N,B,-,N,,,,,,,,,,N,4,0,1,2,A,-,03,22350,,N,C,C,A,A,H,-,A,A,0,,,,,Y,,A,07,0,0,1,0,0,0,0,0,0,"- ","- ",,,PLACER,ROCKLIN,-121.20549246,38.806702780000002
8203887,2016,2017-01-09,3104,2016-12-13,1401,285,5,2,5,4,3104,0,0,0,,0,004,"SUNSET BL","UNIVERSITY AV",145.00,S,N,B,-,N,,,,,,,,,,Y,4,0,2,2,A,-,03,22350,,N,C,C,A,A,H,-,A,A,0,,,,,Y,,A,01,0,0,2,0,0,0,0,0,0,"- ","- ",38.819690000000001,-121.29250999999999,PLACER,ROCKLIN,-121.29232,38.817259999999997
8207002,2016,2017-03-30,3103,2016-12-21,0947,JSHAW,L5,3,5,2,3103,0,0,0,,0,0L3,"RT 193","OAK TREE LN",450.00,W,N,A,-,Y,PLA,3,193,-,-,1.350,H,-,E,Y,4,0,2,2,A,-,09,21804,A,N,D,C,A,A,H,-,A,D,0,,,,,Y,,A,07,0,0,2,0,0,0,0,0,0,"- ","- ",38.886699999999998,-121.27051,PLACER,LINCOLN,-121.26869536,38.886552139999999
8207010,2016,2017-04-20,3103,2016-12-12,1537,JHENS,L5,1,5,2,3103,0,0,0,,0,0L3,"LINCOLN BL","1ST ST",0.00,,Y,A,-,N,,,,,,,,,,N,4,0,2,3,A,-,17,21451,A,N,G,B,B,A,H,-,A,A,0,Y,,,,Y,,A,07,0,0,2,0,2,0,0,0,0,"- ","- ",38.886539999999997,-121.29279,PLACER,LINCOLN,-121.29281997,38.886539929999998
8207014,2016,2017-01-11,3103,2016-12-10,1145,JSHAW,L7,6,5,2,3103,0,0,0,,0,0L4,"DEL WEBB BL","E JOINER PKWY",0.00,,Y,C,-,N,,,,,,,,,,Y,4,0,2,2,A,-,12,22450,A,N,D,D,A,B,H,-,A,A,0,,,,,Y,,A,07,0,0,2,0,0,0,0,0,0,"- ","- ",38.869280000000003,-121.29164,PLACER,LINCOLN,-121.29165992999999,38.869289969999997
8280665,2017,2017-01-26,3101,2017-01-06,1355,ISETTA,3101,5,5,3,3101,0,0,0,,0,002,"AUBURN FOLSOM","HIGH ST",0.00,,Y,A,-,N,,,,,,,,,,Y,4,0,1,2,A,-,12,21453,A,N,D,C,A,A,H,-,A,A,0,,,,,Y,,A,01,0,0,1,0,0,0,0,0,0,"- ","- ",,,PLACER,AUBURN,-121.07640988,38.89291996
8281738,2017,2017-01-19,3104,2017-01-06,0912,256,37,5,5,4,3104,0,0,0,,0,002,"SUNSET BL","LIGHT POLE 522",47.00,W,N,A,-,N,,,,,,,,,,N,4,0,1,2,A,-,03,22350,,N,C,C,A,A,H,-,A,A,0,,,,,Y,,A,01,0,0,1,0,0,0,0,0,0,"- ","- ",38.784689999999998,-121.24796000000001,PLACER,ROCKLIN,,
8285413,2017,2017-01-27,3104,2017-01-09,1740,277,53,1,5,4,3104,0,0,0,,0,001,"SIERRA COLLEGE BL",10859,88.00,S,N,C,-,N,,,,,,,,,,N,4,0,1,2,A,-,03,22350,,N,C,C,A,B,H,-,C,D,0,,,,,Y,,A,07,0,0,1,0,0,0,0,0,0,"- ",CO,,,PLACER,ROCKLIN,,
8294887,2017,2017-02-15,3104,2017-01-15,1810,262,7,7,5,4,3104,0,0,0,,0,004,"WILDCAT BL","BRIDLEWOOD DR",0.00,,Y,A,-,N,,,,,,,,,,Y,4,0,2,2,A,-,09,21453,C,N,A,C,A,A,H,-,C,A,0,,,,,Y,,A,07,0,0,2,0,0,0,0,0,0,"- ","- ",38.827269999999999,-121.28627,PLACER,ROCKLIN,-121.28569,38.826379930000002
8294895,2017,2017-02-15,3104,2017-01-13,0815,230,35,5,5,4,3104,0,0,0,,0,003,"TOPAZ AV","WHITNEY BL",0.00,,Y,A,-,N,,,,,,,,,,N,4,0,1,3,A,-,12,22450,,N,D,C,A,B,H,-,A,A,0,,,,,Y,,-,,0,0,1,0,0,0,0,0,0,"- ","- ",38.797449999999998,-121.25099,PLACER,ROCKLIN,-121.25099992,38.797409979999998
8299907,2017,2017-03-07,3104,2017-02-09,1807,267,16,4,5,4,3104,0,0,0,,0,003,"STANFORD RANCH RD",BREEN,0.00,,Y,C,-,N,,,,,,,,,,Y,4,0,1,2,A,-,09,21802,A,N,D,D,A,B,H,-,C,A,0,,,,,Y,,A,01,0,0,1,0,0,0,0,0,0,"- ","- ",38.814540000000001,-121.26011,PLACER,ROCKLIN,-121.26010999,38.81465996
8301031,2017,2017-02-15,3104,2017-01-30,0840,240,37,1,5,4,3104,0,0,0,,0,002,"SPRINGVIEW DR","LIGHT POLE #686",35.00,W,N,A,-,N,,,,,,,,,,Y,2,0,2,3,A,-,00,22153,A,N,C,C,A,A,H,-,A,D,0,,,,,Y,Y,A,07,1,0,1,0,0,0,0,0,0,"- ","- ",38.77843,-121.24918,PLACER,ROCKLIN,,
8301035,2017,2017-02-08,3104,2017-01-31,0950,253,12,2,5,4,3104,0,0,0,,0,004,"WEST STANFORD RANCH","SUNSET BL",0.00,,Y,A,-,N,,,,,,,,,,N,4,0,1,2,A,-,03,22350,,N,C,C,A,A,H,-,A,A,0,,,,,Y,,D,22,0,0,1,0,0,0,0,0,0,"- ","- ",38.815019999999997,-121.28672,PLACER,ROCKLIN,-121.28652990000001,38.81510995
8301438,2017,2017-02-10,3103,2017-01-12,1105,JSHAW,L8,4,5,2,3103,0,0,0,,0,0L4,"TWELVE BRIDGES DR","COLONADE DR",0.00,W,N,B,-,N,,,,,,,,,,Y,4,0,1,2,A,-,03,22350,,N,D,D,A,B,H,-,A,D,0,,,,,Y,,A,07,0,0,1,0,0,0,0,0,0,"- ","- ",38.851059999999997,-121.29094000000001,PLACER,LINCOLN,-121.29083998,38.851210000000002
8316879,2017,2017-03-01,3104,2017-02-15,2147,282,10B,3,5,4,3104,0,0,0,,0,004,"SUNSET BL","PARK DR LIGHT POLE C2521",44.00,E,N,A,-,N,,,,,,,,,,Y,4,0,1,2,A,-,12,21453,A,N,D,C,A,A,H,-,C,A,0,,,,,Y,,A,07,0,0,1,0,0,0,0,0,0,"- ","- ",38.804740000000002,-121.27294000000001,PLACER,ROCKLIN,,
8339354,2017,2018-02-15,3103,2017-03-14,1622,10,L7,2,5,2,3103,0,0,0,,0,0L4,"RT 65","LINCOLN BL",27.00,E,N,A,-,Y,PLA,3,65,-,R,12.609,R,1,N,Y,3,0,1,1,D,-,00,,,N,A,I,A,A,H,-,A,A,0,,,,,Y,,-,"- ",0,1,0,0,0,0,0,0,0,"- ","- ",38.869990000000001,-121.29939,PLACER,LINCOLN,-121.29996615,38.86108376
8342821,2017,2017-04-11,3103,2017-03-07,0735,SKRUE,L1,2,5,2,3103,0,0,0,,0,0L1,"JOINER PKWY","LAS PALOMAS LP",0.00,,Y,A,-,N,,,,,,,,,,N,4,0,1,2,A,-,09,21804,A,N,H,G,A,A,H,-,A,D,0,,Y,,,Y,,A,07,0,0,1,0,0,0,1,0,0,"- ","- ",38.900779999999997,-121.31706,PLACER,LINCOLN,-121.31803997,38.901869949999998
8346863,2017,2017-04-27,3104,2017-04-07,2304,285,11,5,5,4,3104,0,0,0,,0,004,"BLUE OAK BL","HANNAH WY",20.00,S,N,-,-,N,,,,,,,,,,Y,3,0,1,2,A,-,11,21956,A,N,G,B,E,-,-,-,-,-,0,Y,,,,Y,,N,60,0,1,0,0,1,0,0,0,0,"- ","- ",38.808509999999998,-121.27992999999999,PLACER,ROCKLIN,-121.28181805,38.806209959999997
8361251,2017,2017-05-16,3100,2017-04-26,1101,101,135,3,5,2,3106,0,0,0,,0,,"LAIRD RD","TOWN LIMIT LINE",106.00,N,N,B,C,N,,,,,,,,,,Y,4,0,1,2,A,-,05,21460,A,N,A,C,A,B,H,-,A,D,0,,,,,Y,,-,,0,0,1,0,0,0,0,0,0,"- ","- ",,,PLACER,LOOMIS,-121.17361844,38.798142349999999
8368055,2017,2017-05-30,3101,2017-05-03,1919,20,3101,3,5,3,3101,0,0,0,,0,002,"AUBURN FOLSOM RD","KIDDER CT",0.00,N,N,A,-,N,,,,,,,,,,Y,4,0,1,2,A,-,01,23152,A,N,C,C,A,A,H,-,A,D,0,,,,,Y,Y,A,01,0,0,1,0,0,0,0,0,0,"- ","- ",,,PLACER,AUBURN,-121.08364641999999,38.874549420000001
8374995,2017,2018-04-10,3101,2017-05-09,1146,A660,,2,5,3,3101,0,0,0,,0,001,"RT 49","EL DORADO ST",0.00,,N,A,-,Y,PLA,3,49,-,-,1.730,H,-,N,Y,4,0,1,2,A,-,03,22350,,N,B,C,A,A,H,-,A,D,0,,,Y,,Y,,C,02,0,0,1,0,0,0,0,0,1,"- ","- ",38.899949999999997,-121.0577,PLACER,AUBURN,-121.04048001,38.915452399999999
8375493,2017,2017-06-07,3100,2017-05-24,0813,101,,3,5,2,3106,0,0,0,,0,135,"KING RD","ARCADIA AV",201.00,W,N,A,-,N,,,,,,,,,,N,4,0,1,2,A,-,04,21703,,N,C,C,A,A,H,-,A,D,0,,,,,Y,,-,,0,0,1,0,0,0,0,0,0,"- ","- ",,,PLACER,LOOMIS,-121.19473556,38.825139999999998
8381138,2017,2017-06-07,3104,2017-05-28,2155,283,25,7,5,4,3104,0,0,0,,0,003,"SUNSET BL","LITTLE ROCK RD",0.00,,Y,A,-,N,,,,,,,,,,Y,3,0,2,2,A,-,12,21453,A,N,D,C,A,A,H,-,C,A,0,,,,,Y,,A,01,0,2,0,0,0,0,0,0,0,"- ","- ",38.80124,-121.26985999999999,PLACER,ROCKLIN,-121.27003989000001,38.801129959999997
8381246,2017,2017-06-07,3104,2017-05-23,1552,218,46,2,5,4,3104,0,0,0,,0,002,"SUNSET BL","PACIFIC ST",114.00,W,N,A,-,N,,,,,,,,,,N,4,0,1,3,A,-,03,22350,,N,C,C,A,A,H,-,A,A,0,,,,,Y,,A,07,0,0,1,0,0,0,0,0,0,"- ","- ",38.781379999999999,-121.2422,PLACER,ROCKLIN,-121.24253194000001,38.78157573
8402962,2017,2017-07-21,3104,2017-06-22,1709,267,38,4,5,4,3104,0,0,0,,0,003,"FAIRWAY DR","LINCOLN AV",0.00,,Y,A,-,N,,,,,,,,,,Y,3,0,1,2,A,-,12,22450,A,M,D,C,A,A,H,-,A,A,0,,,,,Y,,D,22,0,1,0,0,0,0,0,0,0,"- ","- ",38.783859999999997,-121.26425999999999,PLACER,ROCKLIN,-121.26429997,38.783899949999999
8405921,2017,2017-07-19,3103,2017-07-02,1405,BROGE,L5,7,5,2,3103,0,0,0,,0,0L3,"GLADDING RD","LINCOLN BL",0.00,,Y,A,-,N,,,,,,,,,,Y,3,0,2,2,A,-,09,21802,A,N,D,C,A,A,H,-,A,A,0,,,,,Y,,A,07,0,1,1,0,0,0,0,0,0,"- ","- ",38.8996,-121.29671999999999,PLACER,LINCOLN,-121.29674995000001,38.899629969999999
8420904,2017,2018-05-22,3101,2017-08-07,1105,20,3101,1,5,3,3101,0,0,0,,0,001,"RT 49","GRASS VALLEY HWY",150.00,N,N,A,-,Y,PLA,3,49,-,-,3.600,H,-,S,N,4,0,1,3,A,-,03,22350,,N,C,C,A,A,H,-,A,D,0,,,,,Y,,A,01,0,0,1,0,0,0,0,0,0,"- ","- ",,,PLACER,AUBURN,-121.07655391999999,38.905822380000004
8422805,2017,2017-08-08,3104,2017-07-22,1950,283,38,6,5,4,3104,0,0,0,,0,003,"CASA GRANDE AV","MUIR CT",71.00,S,N,A,-,N,,,,,,,,,,Y,3,0,1,2,A,-,08,22107,,N,C,E,A,A,H,-,A,D,0,,,,,Y,,A,01,0,1,0,0,0,0,0,0,0,"- ","- ",38.783969999999997,-121.25906000000001,PLACER,ROCKLIN,-121.25875425,38.783971020000003
8435411,2017,2017-09-09,3101,2017-08-11,1958,21,3101,5,5,3,3101,0,0,0,,0,002,"COLLEGE WY","AUBURN FOLSOM RD",20.00,E,N,A,-,N,,,,,,,,,,Y,2,0,1,1,A,-,03,22350,,N,E,I,A,A,H,-,B,D,0,,,Y,,Y,,C,02,1,0,0,0,0,0,0,0,1,"- ","- ",,,PLACER,AUBURN,-121.07520271,38.896315829999999
8436002,2017,2017-09-25,3103,2017-08-19,1649,PFREN,L9,6,5,2,3103,0,0,0,,0,0L2,"JOINER PKWY","MOORE RD",0.00,,Y,A,-,N,,,,,,,,,,Y,3,0,1,2,A,-,03,22350,,N,C,C,A,A,H,-,A,A,0,,,,,Y,,A,01,0,1,0,0,0,0,0,0,0,"- ","- ",38.882719999999999,-121.31416,PLACER,LINCOLN,-121.31414993999999,38.882709910000003
8438917,2017,2018-05-04,3104,2017-08-12,0205,281,45,6,5,4,3104,0,0,0,,0,002,"FARRON ST","PACIFIC ST",0.00,,Y,A,-,N,,,,,,,,,,N,4,0,1,1,A,-,08,22107,,M,E,I,A,A,H,-,C,A,0,,,,,Y,,A,01,0,0,1,0,0,0,0,0,0,"- ","- ",38.785789999999999,-121.23981000000001,PLACER,ROCKLIN,-121.23982999,38.785779890000001
8439640,2017,2017-09-12,3104,2017-08-25,1713,287,42,5,5,4,3104,0,0,0,,0,001,"SCHRIBER WY","DOMINGUEZ RD",0.00,,Y,A,-,N,,,,,,,,,,Y,3,0,3,2,A,-,12,22450,A,N,D,C,A,A,H,-,A,A,0,,,,,Y,,D,22,0,2,1,0,0,0,0,0,0,"- ","- ",38.799439999999997,-121.20542,PLACER,ROCKLIN,,
8439912,2017,2017-09-12,3104,2017-08-26,1327,291,36,6,5,4,3104,0,0,0,,0,002,"WHITNEY BL","PGE POLE 177",22.00,W,N,A,-,N,,,,,,,,,,Y,4,0,2,3,A,-,08,22107,,N,B,C,A,A,H,-,A,A,0,,,,,Y,,A,07,0,0,2,0,0,0,0,0,0,"- ","- ",38.78687,-121.25261999999999,PLACER,ROCKLIN,,
8440719,2017,2017-09-15,3104,2017-09-02,1140,282,37,6,5,4,3104,0,0,0,,0,002,"SPRINGVIEW DR","PG&E RD",183.00,N,N,A,-,N,,,,,,,,,,Y,3,0,1,2,A,-,08,22107,,N,B,C,A,A,H,-,A,D,0,,,,,Y,,D,22,0,1,0,0,0,0,0,0,0,"- ","- ",38.780459999999998,-121.25422,PLACER,ROCKLIN,,
8442125,2017,2018-05-22,3104,2017-08-19,1413,286,43,6,5,4,3104,0,0,0,,0,001,"ROCKLIN RD","RT 80",0.00,,Y,A,-,Y,PLA,3,80,-,-,5.927,R,4,W,Y,3,0,1,2,A,-,12,21453,A,N,A,C,A,A,H,-,A,A,0,,,,,Y,,A,07,0,1,0,0,0,0,0,0,0,"- ",WO,38.789619999999999,-121.22062,PLACER,ROCKLIN,-121.22454256,38.787023339999998
8442129,2017,2017-08-30,3104,2017-08-16,2014,290,38,3,5,4,3104,0,0,0,,0,003,"STANFORD RANCH RD","SUNSET BL",0.00,,Y,A,-,N,,,,,,,,,,Y,3,0,2,2,A,-,09,21453,C,N,D,C,A,A,H,-,C,A,0,,,,,Y,,A,07,0,2,0,0,0,0,0,0,0,"- ","- ",38.796250000000001,-121.26497999999999,PLACER,ROCKLIN,-121.26510987,38.7961399
8446223,2017,2018-05-18,3103,2017-08-19,0008,BSCHN,L5,6,5,2,3103,0,0,0,,0,0L3,"HWY 193","FERRARI RANCH RD",158400.00,E,N,A,-,N,,,,,,,,,,Y,3,0,1,1,A,-,08,22107,,N,F,A,A,A,H,-,D,D,0,,,,,Y,,A,07,0,1,0,0,0,0,0,0,0,"- ","- ",38.879629999999999,-121.29543,PLACER,LINCOLN,-121.12585,38.878140000000002
8450526,2017,2017-10-19,3101,2017-08-30,1732,A660,PLACE,3,5,3,3101,0,0,0,,0,002,"RACETRACK ST","RACETRACK ST 190",0.00,,N,A,-,N,,,,,,,,,,N,4,0,2,2,A,-,03,22350,,N,D,C,A,A,H,-,A,D,0,,,,,Y,,A,01,0,0,2,0,0,0,0,0,0,"- ","- ",38.532800000000002,-121.438,PLACER,AUBURN,-121.07698917,38.890952800000001
8467198,2017,2017-10-12,3105,2017-08-08,1841,3032,,2,5,5,3105,0,0,0,,0,003,"RIVERSIDE AV","CIRBY WY",690.00,S,N,A,-,N,,,,,,,,,,Y,2,0,2,2,A,-,01,23152,G,N,C,C,A,A,A,H,A,A,0,,,,,Y,Y,A,08,1,0,1,0,0,0,0,0,0,"- ","- ",38.725110000000001,-121.29046,PLACER,ROSEVILLE,-121.29043145999999,38.727455370000001
8468851,2017,2017-10-10,3104,2017-09-29,2101,268,42,5,5,4,3104,0,0,0,,0,001,"SIERRA COLLEGE BL","CROSSINGS DR",0.00,,Y,A,-,N,,,,,,,,,,Y,4,0,2,2,A,-,12,21453,A,N,D,C,A,A,H,-,C,A,0,,,,,Y,,A,01,0,0,2,0,0,0,0,0,0,"- ","- ",38.800519999999999,-121.20538000000001,PLACER,ROCKLIN,-121.20547986,38.800559900000003
8469116,2017,2017-10-11,3103,2017-09-09,1157,PFREN,L1,6,5,2,3103,0,0,0,,0,0L1,"LAKESIDE DR","NICOLAUS RD",27.00,S,N,A,-,N,,,,,,,,,,Y,3,0,2,2,A,-,12,22450,A,N,D,C,A,A,H,-,A,A,0,,,,,Y,,D,23,0,2,0,0,0,0,0,0,0,"- ","- ",38.897320000000001,-121.32380999999999,PLACER,LINCOLN,-121.32383,38.89734
8469767,2017,2017-10-23,3104,2017-10-03,0752,290,43,2,5,4,3104,0,0,0,,0,001,"ROCKLIN RD","LIGHT POLE 68",25.00,N,N,A,-,N,,,80,,,,,,,Y,4,0,1,3,A,-,03,22350,,N,C,C,A,A,H,-,A,D,0,,,,,Y,,D,82,0,0,1,0,0,0,0,0,0,"- ","- ",38.789619999999999,-121.22062,PLACER,ROCKLIN,-121.22085147,38.789895340000001
8473644,2017,2017-11-06,3100,2017-09-15,1249,149,135,5,5,2,3106,0,0,0,,0,PAUL,"SIERRA COLLEGE BL","KING RD",142.00,S,N,A,-,N,,,,,,,,,,Y,3,0,2,3,A,-,03,22350,,N,C,C,A,A,H,-,A,A,0,,,,,Y,,A,01,0,1,1,0,0,0,0,0,0,"- ","- ",,,PLACER,LOOMIS,-121.21738789,38.82454019
8490231,2017,2017-12-11,3104,2017-11-04,0100,281,41,6,5,4,3104,0,0,0,,0,001,"PACIFIC ST","AMERICANA WAY",0.00,,Y,C,-,N,,,,,,,,,,Y,2,0,7,2,A,-,01,23152,A,N,D,C,A,B,H,-,C,A,0,,,,,Y,Y,A,01,1,6,0,0,0,0,0,0,0,"- ","- ",38.800879999999999,-121.22427,PLACER,ROCKLIN,-121.22425998999999,38.800879999999999
8490335,2017,2017-11-30,3103,2017-10-17,1705,TPARS,L3,2,5,2,3103,0,0,0,,0,0L1,"6TH ST","COUNTRYSIDE DR",0.00,,Y,A,-,N,,,,,,,,,,N,2,0,1,2,A,-,12,22450,A,N,D,G,A,A,H,-,A,A,0,,Y,,,Y,Y,L,04,1,0,0,0,0,0,1,0,0,"- ","- ",38.893169999999998,-121.30997000000001,PLACER,LINCOLN,-121.30997988999999,38.893199969999998
8496785,2017,2018-07-09,3101,2017-11-02,1834,S8,,4,5,3,3101,0,0,0,,0,001,"RT 80","ANDREWS ST",130.00,E,N,B,-,Y,PLA,3,80,-,-,17.264,R,1,W,Y,3,0,1,1,A,-,03,22350,,N,E,I,A,A,H,-,C,A,0,,,,Y,Y,,G,25,0,1,0,0,0,0,0,0,0,NF,"- ",,,PLACER,AUBURN,-121.07853321,38.897192279999999
8506091,2017,2017-12-11,3104,2017-11-28,1508,276,16,2,5,4,3104,0,0,0,,0,003,"WYCKFORD BL","WINDHAM WY",0.00,,Y,A,-,N,,,,,,,,,,Y,4,0,1,2,A,-,08,22107,,N,D,C,A,A,H,-,A,D,0,,,,,Y,,A,07,0,0,1,0,0,0,0,0,0,"- ","- ",38.826000000000001,-121.25897000000001,PLACER,ROCKLIN,-121.25834987,38.82551995
8510400,2017,2017-12-22,3101,2017-12-08,1600,20,5,5,5,3,3101,0,0,0,,0,001,"AUBURN RAVINE","VIDAL CT",15.00,W,N,A,-,N,,,,,,,,,,Y,4,0,1,2,A,-,00,21002,,N,D,C,A,A,H,-,A,D,0,,,,,Y,,A,07,0,0,1,0,0,0,0,0,0,"- ","- ",,,PLACER,AUBURN,-121.06624567999999,38.917359439999998
8522157,2017,2018-01-04,3104,2017-12-17,1621,204,10,7,5,4,3104,0,0,0,,0,004,"BLUE OAKS BL","HANNAH WY",15.00,N,N,A,-,N,,,,,,,,,,Y,3,0,1,1,D,-,00,,,N,F,A,A,A,H,-,A,D,0,,,Y,,Y,,-,"- ",0,1,0,0,0,0,0,0,1,"- ","- ",38.806249999999999,-121.28175,PLACER,ROCKLIN,-121.28173427999999,38.806280260000001
8526484,2017,2018-01-11,3104,2017-12-20,1626,257,36,3,5,4,3104,0,0,0,,0,002,"3RD ST","PARKSIDE DR",0.00,,Y,A,-,N,,,,,,,,,,N,3,0,2,3,A,-,10,21950,A,N,G,B,B,A,H,-,B,D,0,Y,,,,Y,,I,11,0,2,0,0,2,0,0,0,0,"- ","- ",38.785710000000002,-121.24697999999999,PLACER,ROCKLIN,-121.24692987,38.785719970000002
8526876,2017,2018-01-12,3103,2017-12-04,1634,CSOBE,L5,1,5,2,3103,0,0,0,,0,0L3,"GLADDING RD","LINCOLN BL",900.00,E,N,A,-,N,,,,,,,,,,Y,4,0,1,2,A,-,05,21460,A,N,B,C,A,A,H,-,A,D,0,,,,,Y,,A,08,0,0,1,0,0,0,0,0,0,"- ","- ",38.8996,-121.29671999999999,PLACER,LINCOLN,-121.29412868,38.900977019999999
8526880,2017,2018-01-12,3103,2017-12-10,1939,WCOLL,L4,7,5,2,3103,0,0,0,,0,0L2,"JOINER PKWY","DOWNING CIR",0.00,,Y,A,-,N,,,,,,,,,,Y,3,0,1,2,A,-,08,22107,,N,D,C,A,A,H,-,C,D,0,,,,,Y,,A,01,0,1,0,0,0,0,0,0,0,"- ","- ",38.880389999999998,-121.31271,PLACER,LINCOLN,-121.31295992,38.880349950000003
8530260,2017,2018-01-25,3104,2017-01-08,1249,285,38,7,5,4,3104,0,0,0,,0,003,"STANFORD RANCH RD","FAIRWAY DR",37.00,N,N,C,-,N,,,,,,,,,,Y,3,0,1,2,A,-,03,22350,,N,C,C,A,B,H,-,A,D,0,,,,,Y,,D,72,0,1,0,0,0,0,0,0,0,"- ","- ",38.784030000000001,-121.26510999999999,PLACER,ROCKLIN,-121.26567165,38.783730759999997
8546358,2018,2018-02-08,3104,2018-01-30,2117,298,46,2,5,4,3104,0,0,0,,0,002,"SUNSET BL","PACIFIC ST",23.00,E,N,A,-,N,,,,,,,,,,N,3,0,1,2,A,-,10,21954,,N,G,B,D,A,H,-,C,D,0,Y,,,,Y,Y,N,60,0,1,0,0,1,0,0,0,0,"- ","- ",37.781379699707031,-121.24220275878906,PLACER,ROCKLIN,-121.24214935302734,38.781352996826172
8546518,2018,2018-02-28,3104,2018-01-23,1107,296,12,2,5,4,3104,0,0,0,,0,004,"LONE TREE BL","SUNSET BL",35.00,S,N,A,-,N,,,,,,,,,,Y,4,0,1,2,A,-,01,23152,A,M,C,C,A,-,H,-,A,A,0,,,,,Y,Y,A,01,0,0,1,0,0,0,0,0,0,"- ","- ",38.815021514892578,-121.28672027587891,PLACER,ROCKLIN,-121.28685760498047,38.814971923828125
8586259,2018,2018-07-31,3103,2018-03-16,0956,BROGE,L7,5,5,2,3103,0,0,0,,0,0L4,"LINCOLN BL","RT 65",0.00,,Y,B,-,Y,PLA,3,65,-,R,12.659,R,3,S,Y,3,0,1,1,A,-,03,22350,,N,E,J,A,B,H,-,A,A,0,,,,,Y,,A,01,0,1,0,0,0,0,0,0,0,"- ",SO,33.999729156494141,-118.46452331542969,PLACER,LINCOLN,-121.30058288574219,38.861644744873047