CASE_ID,ACCIDENT_YEAR,PROC_DATE,JURIS,COLLISION_DATE,COLLISION_TIME,OFFICER_ID,REPORTING_DISTRICT,DAY_OF_WEEK,CHP_SHIFT,POPULATION,CNTY_CITY_LOC,SPECIAL_COND,BEAT_TYPE,CHP_BEAT_TYPE,CITY_DIVISION_LAPD,CHP_BEAT_CLASS,BEAT_NUMBER,PRIMARY_RD,SECONDARY_RD,DISTANCE,DIRECTION,INTERSECTION,WEATHER_1,WEATHER_2,STATE_HWY_IND,CALTRANS_COUNTY,CALTRANS_DISTRICT,STATE_ROUTE,ROUTE_SUFFIX,POSTMILE_PREFIX,POSTMILE,LOCATION_TYPE,RAMP_INTERSECTION,SIDE_OF_HWY,TOW_AWAY,COLLISION_SEVERITY,NUMBER_KILLED,NUMBER_INJURED,PARTY_COUNT,PRIMARY_COLL_FACTOR,PCF_CODE_OF_VIOL,PCF_VIOL_CATEGORY,PCF_VIOLATION,PCF_VIOL_SUBSECTION,HIT_AND_RUN,TYPE_OF_COLLISION,MVIW,PED_ACTION,ROAD_SURFACE,ROAD_COND_1,ROAD_COND_2,LIGHTING,CONTROL_DEVICE,CHP_ROAD_TYPE,PEDESTRIAN_ACCIDENT,BICYCLE_ACCIDENT,MOTORCYCLE_ACCIDENT,TRUCK_ACCIDENT,NOT_PRIVATE_PROPERTY,ALCOHOL_INVOLVED,STWD_VEHTYPE_AT_FAULT,CHP_VEHTYPE_AT_FAULT,COUNT_SEVERE_INJ,COUNT_VISIBLE_INJ,COUNT_COMPLAINT_PAIN,COUNT_PED_KILLED,COUNT_PED_INJURED,COUNT_BICYCLIST_KILLED,COUNT_BICYCLIST_INJURED,COUNT_MC_KILLED,COUNT_MC_INJURED,PRIMARY_RAMP,SECONDARY_RAMP,LATITUDE,LONGITUDE,COUNTY,CITY,POINT_X,POINT_Y
8586320,2018,2018-04-18,3103,2018-03-09,1827,TPARS,L3,5,5,2,3103,0,0,0,,0,0L1,"3RD ST","R ST",0.00,,Y,A,-,N,,,,,,,,,,N,3,0,2,2,A,-,21,22106,,F,D,C,A,A,H,-,A,A,0,,,,,Y,,A,01,0,2,0,0,0,0,0,0,0,"- ","- ",38.889141082763672,-121.30809020996094,PLACER,LINCOLN,-121.30811309814453,38.889171600341797
8607144,2018,2018-05-15,3104,2018-04-23,0656,301,33,1,5,4,3104,0,0,0,,0,002,"MIDAS AV","MEADOW WY",3.00,W,N,A,-,N,,,,,,,,,,Y,3,0,1,2,A,-,03,22350,,N,C,C,A,A,H,-,A,D,0,,,,,Y,,A,01,0,1,0,0,0,0,0,0,0,"- ","- ",38.797168731689453,-121.23680877685547,PLACER,ROCKLIN,-121.23680877685547,38.797157287597656
8607148,2018,2018-05-15,3104,2018-04-24,2023,295,22,2,5,4,3104,0,0,0,,0,003,"WHITNEY OAKS DR","ABBY RD",0.00,,Y,A,-,N,,,,,,,,,,Y,3,0,1,2,A,-,06,21751,,N,B,C,A,A,H,-,C,D,0,,,Y,,Y,,C,02,0,1,0,0,0,0,0,0,1,"- ","- ",38.834880828857422,-121.24687957763672,PLACER,ROCKLIN,-121.24681091308594,38.834888458251953
8625876,2018,2018-05-31,3104,2018-05-20,2200,268,36,7,5,4,3104,0,0,0,,0,002,"MIDAS AV","2ND ST",152.00,E,N,A,-,N,,,,,,,,,,Y,3,0,1,1,A,-,01,23152,A,M,E,I,A,A,H,-,C,D,0,,,,,Y,Y,A,01,0,1,0,0,0,0,0,0,0,"- ","- ",38.7958984375,-121.23574066162109,PLACER,ROCKLIN,-121.23480987548828,38.795814514160156
8627063,2018,2018-06-07,3101,2018-05-18,1509,512,,5,5,3,3101,0,0,0,,0,,"FINLEY ST","ORANGE ST",0.00,,Y,A,-,N,,,,,,,,,,N,3,0,1,2,A,-,10,21950,A,N,G,B,B,A,H,-,A,A,0,Y,,,,Y,,D,22,0,1,0,0,1,0,0,0,0,"- ","- ",,,PLACER,AUBURN,-121.06999969482422,38.896640777587891
8634819,2018,2018-06-15,3103,2018-05-12,1227,TRAYB,L7,6,5,2,3103,0,0,0,,0,0L4,"LINCOLN BL","FERRARI RANCH RD",1530.00,S,N,A,-,N,,,,,,,,,,Y,3,0,2,2,A,-,08,22107,,N,B,C,A,A,H,-,A,A,0,,,,,Y,,D,22,0,2,0,0,0,0,0,0,0,"- ","- ",38.891559600830078,-121.29300689697266,PLACER,LINCOLN,-121.29704284667969,38.875625610351562
8634931,2018,2018-06-18,3103,2018-05-11,1830,18-798,L5,5,5,2,3103,0,0,0,,0,0L3,"E 9TH ST","HOITT AV",0.00,,Y,A,-,N,,,,,,,,,,N,3,0,1,2,A,-,11,21954,A,N,G,B,A,A,H,-,A,D,0,,,,,Y,,-,,0,1,0,0,0,0,0,0,0,"- ","- ",38.897560119628906,-121.28328704833984,PLACER,LINCOLN,-121.28299713134766,38.897418975830078
8638266,2018,2018-07-09,3104,2018-05-30,0903,296,41,3,5,4,3104,0,0,0,,0,001,"MONOPOLY CT","LIGHT POLE #4058",57.00,E,N,A,-,N,,,,,,,,,,Y,3,0,1,4,A,-,03,22350,,N,A,C,A,A,D,-,A,D,0,,,,,Y,,I,11,0,1,0,0,0,0,0,0,0,"- ","- ",38.806190490722656,-121.21932220458984,PLACER,ROCKLIN,,
8645721,2018,2018-08-28,3103,2018-06-13,1207,BROGE,L7,3,5,2,3103,0,0,0,,0,0L4,"DEL WEBB BL",STONERIDGE,0.00,,Y,A,-,N,,,,,,,,,,N,3,0,1,2,A,-,03,22350,,N,H,C,A,A,H,-,A,D,0,,,,,Y,,M,95,0,1,0,0,0,0,0,0,0,"- ","- ",38.867778778076172,-121.27159118652344,PLACER,LINCOLN,-121.271728515625,38.867809295654297
8650645,2018,2018-09-11,3101,2018-08-12,1700,A341,,7,5,3,3101,0,0,0,,0,001,"EARHART AV","LINDBERG ST",239.00,E,N,A,-,N,,,,,,,,,,N,4,0,1,2,A,-,03,22350,,N,B,C,A,A,H,-,A,D,0,,,,,Y,,A,01,0,0,1,0,0,0,0,0,0,"- ","- ",38.950820922851562,-121.08183288574219,PLACER,AUBURN,-121.08192443847656,38.950813293457031
8650943,2018,2018-10-10,3104,2018-07-21,2013,268,42,6,5,4,3104,0,0,0,,0,001,"SIERRA COLLEGE BL","COMMONS DR",0.00,,Y,A,-,N,,,,,,,,,,Y,4,0,2,3,A,-,12,21453,,N,D,C,A,A,H,-,B,A,0,,,,,Y,,A,01,0,0,2,0,0,0,0,0,0,"- ","- ",38.805168151855469,-121.20552062988281,PLACER,ROCKLIN,-121.20542907714844,38.805160522460938
8657558,2018,2018-10-10,3103,2018-07-05,0046,TPARS,L4,4,5,2,3103,0,0,0,,0,0L2,"FERRARI RANCH RD","GROVELAND LN",0.00,,Y,A,-,N,,,,,,,,,,Y,3,0,2,1,A,-,01,23153,B,N,E,I,A,A,H,-,C,A,0,,,,,Y,Y,A,01,0,2,0,0,0,0,0,0,0,"- ","- ",38.873149871826172,-121.30422973632812,PLACER,LINCOLN,-121.30446624755859,38.873180389404297
8658022,2018,2018-10-30,3103,2018-07-11,1545,BSCHN,L7,3,5,2,3103,0,0,0,,0,0L4,"LINCOLN BL","RT 65",0.00,,Y,A,-,Y,PLA,3,65,-,R,12.665,R,4,S,Y,3,0,1,2,A,-,12,21453,A,N,A,C,A,A,H,-,A,A,0,,,,,Y,,A,01,0,1,0,0,0,0,0,0,0,"- ",SO,33.999729156494141,-118.46452331542969,PLACER,LINCOLN,-121.30060577392578,38.861724853515625
8659749,2018,2018-07-13,3104,2018-06-23,2112,283,46,6,5,4,3104,0,0,0,,0,002,"PACIFIC ST","SUNSET BL",674.00,S,N,A,-,N,,,,,,,,,,Y,4,0,1,1,A,-,01,23152,A,N,E,I,A,A,H,-,C,D,0,,,,,Y,Y,A,01,0,0,1,0,0,0,0,0,0,"- ","- ",38.781379699707031,-121.24220275878906,PLACER,ROCKLIN,-121.24417114257812,38.780384063720703
8674042,2018,2018-10-10,3104,2018-07-10,0757,296,52,2,5,4,3104,0,0,0,,0,001,"SIERRA COLLEGE BL","BROOKFIELD CIR",36.00,S,N,A,-,N,,,,,,,,,,Y,3,0,2,2,A,-,03,22350,,N,C,C,A,A,H,-,A,A,0,,,,,Y,,D,72,0,1,1,0,0,0,0,0,0,"- ","- ",38.784011840820312,-121.20532989501953,PLACER,ROCKLIN,-121.20539855957031,38.783905029296875
8674974,2018,2018-10-05,3100,2018-07-29,0225,167,,7,5,2,3106,0,0,0,,0,,"HORSESHOE BAR RD","EVANS DR",528.00,S,N,A,-,N,,,,,,,,,,Y,3,0,1,1,A,-,03,22350,,N,E,I,A,A,H,-,D,D,0,,,Y,,Y,,C,02,0,1,0,0,0,0,0,0,1,"- ","- ",,,PLACER,LOOMIS,-121.18608856201172,38.813743591308594
8681581,2018,2018-10-08,3104,2018-08-19,0952,282,71,7,5,4,3104,0,0,0,,0,001,"HAVENHURST CIR","ROCKLIN RD",0.00,,Y,A,-,N,,,,,,,,,,N,4,0,2,2,A,-,12,21453,A,N,D,C,A,A,H,-,A,A,0,,,,,Y,,D,22,0,0,2,0,0,0,0,0,0,"- ","- ",38.788589477539062,-121.20970916748047,PLACER,ROCKLIN,-121.20968627929688,38.788639068603516
8681768,2018,2018-10-24,3104,2018-08-05,0000,204,10B,7,5,4,3104,0,0,0,,0,004,"SUNSET BL","PARK DR",45.00,W,N,A,-,N,,,,,,,,,,N,4,0,1,2,A,-,03,22350,,N,C,C,A,A,H,-,A,A,0,,,,,Y,,A,01,0,0,1,0,0,0,0,0,0,"- ","- ",38.804740905761719,-121.27294921875,PLACER,ROCKLIN,-121.27304077148438,38.804843902587891
8686572,2018,2018-12-31,3101,2018-07-27,1610,ISETTA,5,5,5,3,3101,0,0,0,,0,001,"RT 49","PALM AV",0.00,,Y,A,-,Y,PLA,3,49,-,-,3.680,H,-,S,Y,4,0,2,3,A,-,08,22107,,N,C,C,A,A,H,-,A,D,0,,,,,Y,,A,01,0,0,2,0,0,0,0,0,0,"- ","- ",,,PLACER,AUBURN,-121.07674407958984,38.906967163085938
8688156,2018,2018-09-11,3104,2018-08-21,1534,276,42,2,5,4,3104,0,0,0,,0,001,"SIERRA COLLEGE BL","SCHRIBER WY",0.00,,Y,A,-,N,,,,,,,,,,Y,4,0,1,2,A,-,08,22107,,N,D,C,A,A,H,-,A,D,0,,,,,Y,,D,23,0,0,1,0,0,0,0,0,0,"- ","- ",38.7994384765625,-121.20542144775391,PLACER,ROCKLIN,-121.20552062988281,38.7994384765625
8688918,2018,2018-10-30,3101,2018-08-20,1212,A266,AUBUR,1,5,3,3101,0,0,0,,0,,"ELM AV","RT 80",0.00,,Y,A,-,Y,PLA,3,80,-,-,17.884,R,4,W,N,4,0,2,3,A,-,03,22350,,N,-,C,A,A,H,-,A,-,0,,,,,Y,,D,22,0,0,2,0,0,0,0,0,0,"- ","- ",,,PLACER,AUBURN,-121.07147979736328,38.904186248779297
8689731,2018,2018-09-13,3104,2018-08-25,1052,281,37,6,5,4,3104,0,0,0,,0,002,"SPRINGVIEW DR","W DRIFTWOOD CT",10.00,S,N,A,-,N,,,,,,,,,,N,3,0,2,2,A,-,05,21650,,N,D,C,A,A,H,-,A,A,0,,,Y,,Y,,C,03,0,2,0,0,0,0,0,0,2,"- ","- ",,,PLACER,ROCKLIN,-121.24916076660156,38.778842926025391
8689735,2018,2018-09-13,3104,2018-08-27,1923,204,9,1,5,4,3104,0,0,0,,0,004,"SUNSET BL","UNIVERSITY AV",0.00,,Y,A,-,N,,,,,,,,,,Y,3,0,1,2,A,-,12,21453,A,N,A,C,A,A,H,-,A,A,0,,,,,Y,,A,01,0,1,0,0,0,0,0,0,0,"- ","- ",38.8172607421875,-121.29226684570312,PLACER,ROCKLIN,-121.29232025146484,38.8172607421875
8691992,2018,2018-09-19,3104,2018-09-04,1330,205,38,2,5,4,3104,0,0,0,,0,003,"STANFORD RANCH RD","SUNSET BL",534.00,E,N,A,-,N,,,,,,,,,,Y,4,0,1,2,A,-,08,22107,,N,D,C,A,A,H,-,A,A,0,,,,,Y,,A,07,0,0,1,0,0,0,0,0,0,"- ","- ",38.796249389648438,-121.26499176025391,PLACER,ROCKLIN,-121.26374053955078,38.797138214111328
8699496,2018,2018-10-01,3104,2018-09-16,1007,283,43,7,5,4,3104,0,0,0,,0,001,"ROCKLIN RD","GRANITE DR",26.00,E,N,A,-,N,,,,,,,,,,N,3,0,1,2,A,-,21,22106,,N,C,C,A,A,H,-,A,A,0,,,Y,,Y,,A,01,0,1,0,0,0,0,0,0,1,"- ","- ",38.788448333740234,-121.22633361816406,PLACER,ROCKLIN,-121.22618865966797,38.788471221923828
8727591,2018,2019-03-27,3100,2018-12-23,0854,83,PLACE,7,5,1,3102,0,0,0,,0,12C,"RT 174","S AUBURN ST",0.00,,Y,B,-,Y,PLA,3,174,-,-,0.150,H,-,N,N,4,0,1,2,A,-,04,21703,,N,C,C,A,A,H,-,A,D,0,,,,,Y,,A,08,0,0,1,0,0,0,0,0,0,"- ","- ",,,PLACER,COLFAX,-120.95049285888672,39.096851348876953
8732885,2018,2018-11-16,3103,2018-09-25,0748,JNIXO,L4,2,5,2,3103,0,0,0,,0,0L2,"DOWNING CIR","JOINER PKWY",0.00,,Y,A,-,N,,,,,,,,,,N,3,0,1,2,A,-,03,22350,,N,G,B,B,A,H,-,A,A,0,Y,,,,Y,,A,01,0,1,0,0,1,0,0,0,0,"- ","- ",38.880390167236328,-121.31271362304688,PLACER,LINCOLN,-121.31295776367188,38.880348205566406
8734755,2018,2018-11-15,3100,2018-09-27,1730,136,135,4,5,2,3106,0,0,0,,0,00P,"SIERRA COLLEGE BL","SIERRA COLLEGE BL 3901",0.00,,Y,A,-,N,,,,,,,,,,Y,3,0,4,3,A,-,03,22350,,N,A,C,A,A,H,-,A,D,0,,,,,Y,,-,,0,2,2,0,0,0,0,0,0,"- ","- ",,,PLACER,LOOMIS,-121.20832900000001,38.814160999999999
8744745,2018,2018-12-20,3104,2018-11-21,0930,288,41,3,5,4,3104,0,0,0,,0,001,"AITKEN DAIRY RD",LAKEBREEZE,0.00,,Y,B,-,N,,,,,,,,,,N,3,0,1,2,D,-,00,,,N,G,B,D,A,H,-,A,D,0,Y,,,,Y,,-,"- ",0,1,0,0,1,0,0,0,0,"- ","- ",38.806999206542969,-121.22599792480469,PLACER,ROCKLIN,-121.22667694091797,38.807159423828125
8788270,2019,2019-02-04,3101,2019-01-17,0638,16,,4,5,3,3101,0,0,0,,0,001,"MARGUERITE MINE RD","DOROTHY WY",587.00,N,N,C,G,N,,,,,,,,,,Y,4,0,2,2,A,-,03,22350,,N,E,I,A,B,C,-,D,D,0,,,,,Y,,D,22,0,0,2,0,0,0,0,0,0,"- ","- ",,,PLACER,AUBURN,-121.07785797119141,38.915550231933594
8799598,2019,2019-02-25,3104,2019-02-11,1530,262,23,1,5,4,3104,0,0,0,,0,003,"CREST DR","HAWKHAVEN DR",134.00,N,N,A,-,N,,,,,,,,,,N,2,0,1,2,A,-,06,21750,A,N,E,J,A,A,H,-,A,D,0,,Y,,,Y,,L,04,1,0,0,0,0,0,1,0,0,"- ","- ",,,PLACER,ROCKLIN,-121.24706268310547,38.808868408203125
8807371,2018,2019-03-26,3104,2018-12-14,1729,301,37,5,5,4,3104,0,0,0,,0,002,"SUNSET BL","SPRINGVIEW DR",453.00,W,N,A,-,N,,,,,,,,,,Y,4,0,2,2,A,-,03,22350,,N,C,C,A,A,H,-,C,A,0,,,,,Y,,A,07,0,0,2,0,0,0,0,0,0,"- ","- ",,,PLACER,ROCKLIN,-121.24929046630859,38.78533935546875
8811084,2019,2019-03-15,3104,2019-03-01,1525,283,38,5,5,4,3104,0,0,0,,0,003,"SUNSET BL","STANFORD RANCH RD",0.00,,Y,B,-,N,,,,,,,,,,Y,4,0,3,2,A,-,09,21453,C,N,D,C,A,A,H,-,A,A,0,,,,,Y,,A,01,0,0,3,0,0,0,0,0,0,"- ","- ",38.796249389648438,-121.26497650146484,PLACER,ROCKLIN,-121.26510620117188,38.796138763427734
8833022,2019,2019-04-05,3103,2019-03-22,1813,MWILL,L7,5,5,2,3103,0,0,0,,0,0L4,"SOUTHLIGHT LN","AUDUBON LN",0.00,,Y,B,-,N,,,,,,,,,,N,4,0,1,2,A,-,09,21801,A,N,D,C,A,A,H,-,A,D,0,,,,,Y,,A,07,0,0,1,0,0,0,0,0,0,"- ","- ",38.857681274414062,-121.25440216064453,PLACER,LINCOLN,-121.2544,38.857680000000002
8842240,2019,2019-04-25,3101,2019-04-12,1734,23,PLACE,5,5,3,3101,0,0,0,,0,002,"AUBURN FOLSOM RD","FAWN CREEK TRL",0.00,,Y,A,-,N,,,,,,,,,,Y,3,0,1,1,A,-,03,22350,A,N,F,I,A,A,H,-,A,D,0,,,,,Y,,A,01,0,1,0,0,0,0,0,0,0,"- ","- ",,,PLACER,AUBURN,-121.09956359863281,38.863880157470703
8848155,2019,2019-05-24,3104,2019-04-04,1340,226,10B,4,5,4,3104,0,0,0,,0,004,"SUNSET BL","PEBBLE CREEK DR",50.00,S,N,B,-,N,,,,,,,,,,N,4,0,1,2,A,-,03,22350,,N,C,C,A,A,H,-,A,A,0,,,,,Y,,A,01,0,0,1,0,0,0,0,0,0,"- ","- ",38.798110961914062,-121.26701354980469,PLACER,ROCKLIN,-121.26705932617188,38.797882080078125
8854534,2019,2019-05-14,3103,2019-04-05,1204,AELLI,L6,5,5,2,3103,0,0,0,,0,0L4,"FERRARI RANCH RD","LINCOLN BL",475.00,E,N,C,-,N,,,,,,,,,,Y,3,0,1,2,A,-,03,22350,,N,D,C,A,B,H,-,A,D,0,,,,,Y,,A,01,0,1,0,0,0,0,0,0,0,"- ","- ",,,PLACER,LINCOLN,-121.29376983642578,38.879501342773438
8854546,2019,2019-05-14,3103,2019-04-13,1859,TPARS,L5,6,5,2,3103,0,0,0,,0,0L3,"EAST AV","7TH ST",0.00,,Y,A,-,N,,,,,,,,,,N,3,0,1,2,A,-,21,22106,,N,H,G,A,A,H,-,A,A,0,,Y,,,Y,,A,07,0,1,0,0,0,0,1,0,0,"- ","- ",38.894458770751953,-121.28433990478516,PLACER,LINCOLN,-121.28437042236328,38.894458770751953
8854554,2019,2019-05-23,3103,2019-04-06,0832,JHENS,L6,6,5,2,3103,0,0,0,,0,0L4,"TWELVE BRIDGES DR","CATTE VERDERA DR",0.00,N,N,A,-,N,,,,,,,,,,Y,3,0,1,1,A,-,03,22350,,N,E,I,A,A,H,-,A,D,0,,,,,Y,,A,01,0,1,0,0,0,0,0,0,0,"- ","- ",38.8638916015625,-121.25296020507812,PLACER,LINCOLN,-121.24771881103516,38.854278564453125
8854806,2019,2019-06-03,3100,2019-03-20,1500,186,,3,5,2,3106,0,0,0,,0,135,"TAYLOR RD","KING RD",0.00,,Y,B,C,N,,,,,,,,,,Y,4,0,1,4,A,-,04,21703,,N,C,C,A,B,H,-,A,A,0,,,,,Y,,-,,0,0,1,0,0,0,0,0,0,"- ","- ",38.824771881103516,-121.19139099121094,PLACER,LOOMIS,-121.19120788574219,38.825061798095703
8857531,2019,2019-06-03,3104,2019-05-09,1722,296,37,4,5,4,3104,0,0,0,,0,002,"SUNSET BL","CORONADO WY",650.00,E,N,A,-,N,,,,,,,,,,Y,3,0,2,3,A,-,03,22350,,N,C,C,A,A,H,-,A,A,0,,,,,Y,,D,72,0,2,0,0,0,0,0,0,0,"- ","- ",38.786659240722656,-121.25270843505859,PLACER,ROCKLIN,-121.25505065917969,38.788169860839844
8864483,2019,2019-06-04,3104,2019-05-25,1930,268,46,6,5,4,3104,0,0,0,,0,002,"PACIFIC ST","SUNSET BL",1001.00,S,N,A,-,N,,,,,,,,,,Y,2,0,1,1,A,-,01,23152,A,N,E,J,A,A,H,-,A,D,0,,,Y,,Y,Y,C,02,1,0,0,0,0,0,0,0,1,"- ","- ",38.781379699707031,-121.24220275878906,PLACER,ROCKLIN,-121.24500274658203,38.779777526855469
8866964,2017,2019-07-12,3105,2017-04-27,0921,369,,4,5,5,3105,0,0,0,,0,001,"GALLERIA BL","ANTELOPE CREEK DR",0.00,,Y,B,-,N,,,,,,,,,,Y,3,0,1,3,A,-,12,21453,A,N,D,C,A,A,H,-,A,A,0,,,,,Y,,A,01,0,1,0,0,0,0,0,0,0,"- ","- ",,,PLACER,ROSEVILLE,-121.26587997999999,38.772119949999997
8866966,2017,2019-07-15,3105,2017-05-03,1153,369,,3,5,5,3105,0,0,0,,0,001,"EAST ROSEVILLE PKWY","ALEXANDRA DR",0.00,,Y,A,-,N,,,,,,,,,,Y,3,0,1,2,A,-,12,21453,A,N,D,C,A,A,H,-,A,A,0,,,,,Y,,A,07,0,1,0,0,0,0,0,0,0,"- ","- ",,,PLACER,ROSEVILLE,-121.24422986,38.756249879999999
8866975,2017,2019-07-15,3105,2017-05-08,1621,1095,,1,5,5,3105,0,0,0,,0,006,"TATIANA ST","MORNING MIST WY",20.00,E,N,A,-,N,,,,,,,,,,N,3,0,1,2,A,-,12,22450,A,N,D,G,A,A,H,-,A,A,0,,Y,,,Y,,L,04,0,1,0,0,0,0,1,0,0,"- ","- ",38.759099999999997,-121.34875,PLACER,ROSEVILLE,-121.34891016,38.759248659999997
8866987,2017,2019-07-15,3105,2017-03-30,2008,1077,,4,5,5,3105,0,0,0,,0,003,"DOUGLAS BL","PARK DR",0.00,,Y,A,-,N,,,,,,,,,,Y,4,0,1,2,A,-,12,21453,A,N,D,C,A,A,H,-,C,A,0,,,,,Y,,A,01,0,0,1,0,0,0,0,0,0,"- ","- ",38.743920000000003,-121.28251,PLACER,ROSEVILLE,-121.28242997,38.743939939999997
8866994,2017,2019-07-15,3105,2017-05-05,2242,1072,,5,5,5,3105,0,0,0,,0,002,"DOUGLAS BL","SUNRISE BL",0.00,,Y,A,-,N,,,,,,,,,,Y,3,0,2,2,A,-,12,21453,A,N,D,C,A,A,H,-,C,A,0,,,,,Y,,A,07,0,1,1,0,0,0,0,0,0,"- ","- ",38.744129999999998,-121.26622999999999,PLACER,ROSEVILLE,-121.26619994000001,38.74409996
8866999,2017,2019-07-12,3105,2017-04-27,1925,165,,4,5,5,3105,0,0,0,,0,004,"PORTER RD","MAIN ST",15.00,N,N,A,-,N,,,,,,,,,,N,3,0,1,2,A,-,05,21650,1,N,D,G,A,A,H,-,A,A,0,,Y,,,Y,,L,04,0,1,0,0,0,0,1,0,0,"- ","- ",38.751800000000003,-121.3031,PLACER,ROSEVILLE,-121.30311843,38.751851170000002
8867034,2017,2019-07-15,3105,2017-04-30,1853,565,,7,5,5,3105,0,0,0,,0,005,"FOOTHILL BL","WINDING CREEK WY",920.00,N,N,A,-,N,,,,,,,,,,Y,3,0,2,1,A,-,03,22350,,N,E,I,A,A,H,-,B,A,0,,,,,Y,,A,01,0,1,1,0,0,0,0,0,0,"- ","- ",,,PLACER,ROSEVILLE,-121.31676696,38.8028087
8867038,2017,2019-07-15,3105,2017-04-04,1116,114,,2,5,5,3105,0,0,0,,0,005,"LOCHNESS CT","GREENBURN DR",160.00,E,N,A,-,N,,,,,,,,,,Y,4,0,1,1,A,-,08,22103,,N,A,E,A,A,H,-,A,D,0,,,,,Y,,A,01,0,0,1,0,0,0,0,0,0,"- ","- ",38.792850000000001,-121.28189,PLACER,ROSEVILLE,-121.28205876,38.79260069
8869279,2019,2019-06-06,3100,2019-05-14,1338,207,PLACE,2,5,1,3102,0,0,0,,0,CHRLY,"S MAIN ST","GRASS VALLEY ST",24.00,N,N,A,-,N,,,,,,,,,,N,4,0,1,2,A,-,21,22106,,N,H,C,A,A,H,-,A,D,0,,,,,Y,,A,01,0,0,1,0,0,0,0,0,0,"- ","- ",,,PLACER,COLFAX,-120.95346069335938,39.100448608398438
8870804,2019,2019-06-11,3103,2019-05-10,1513,AELLI,L7,5,5,2,3103,0,0,0,,0,0L4,"DEL WEBB BL","SUN CITY",0.00,,Y,A,-,N,,,,,,,,,,Y,3,0,1,2,A,-,09,21802,A,N,D,C,A,A,H,-,A,D,0,,,,,Y,,A,01,0,1,0,0,0,0,0,0,0,"- ","- ",38.870151519775391,-121.27407836914062,PLACER,LINCOLN,-121.27409362792969,38.870140075683594
8875782,2019,2020-09-11,3104,2019-06-25,1205,236,43,2,5,4,3104,0,0,0,,0,001,"RT 80","ROCKLIN RD",0.00,,Y,A,-,Y,PLA,3,80,-,-,6.214,R,1,W,N,4,0,1,2,A,-,03,22350,,N,C,C,A,A,H,-,A,A,0,,,,,Y,,A,07,0,0,1,0,0,0,0,0,0,WF,"- ",38.788909912109375,-121.22473907470703,PLACER,ROCKLIN,-121.22090148925781,38.790096282958984
8881921,2017,2019-07-03,3105,2017-03-06,1513,189,,1,5,5,3105,0,0,0,,0,002,"NORTH SUNRISE AV","DOUGLAS BL",291.00,N,N,B,-,N,,,,,,,,,,Y,4,0,1,2,A,-,09,21804,A,N,D,C,A,A,H,-,A,D,0,,,,,Y,,D,72,0,0,1,0,0,0,0,0,0,"- ","- ",38.744129999999998,-121.26622999999999,PLACER,ROSEVILLE,-121.26628081,38.744896570000002
8881958,2017,2019-07-05,3105,2017-03-17,1115,369,,5,5,5,3105,0,0,0,,0,002,"DOUGLAS BL","SUNRISE AV",400.00,W,N,A,-,N,,,,,,,,,,Y,4,0,1,2,A,-,08,22107,,N,B,C,A,A,H,-,A,A,0,,,,,Y,,-,99,0,0,1,0,0,0,0,0,0,"- ","- ",,,PLACER,ROSEVILLE,-121.26760255000001,38.744100000000003
8882005,2017,2019-07-03,3105,2017-02-12,1838,1027,,7,5,5,3105,0,0,0,,0,002,"E SUNRISE AV","CIRBY WY",0.00,,Y,A,-,N,,,,,,,,,,N,3,0,1,2,A,-,11,21955,,F,G,B,D,A,H,-,C,A,0,Y,,,,Y,Y,N,60,0,1,0,0,1,0,0,0,0,"- ","- ",38.729489999999998,-121.27207,PLACER,ROSEVILLE,-121.27208989,38.729509909999997
8882009,2017,2019-07-03,3105,2017-02-07,1252,369,,2,5,5,3105,0,0,0,,0,001,"TAYLOR RD","E ROSEVILLE PK",580.00,N,N,B,-,N,,,,,,,,,,Y,4,0,1,2,A,-,08,22107,,N,D,C,A,A,H,-,A,D,0,,,,,Y,,A,01,0,0,1,0,0,0,0,0,0,"- ","- ",,,PLACER,ROSEVILLE,-121.25584026999999,38.763587149999999
8882033,2017,2019-07-03,3105,2017-01-13,0758,150,,5,5,5,3105,0,0,0,,0,003,"AUBURN BL","ORLANDO AV",0.00,,Y,E,-,N,,,,,,,,,,Y,4,0,1,2,A,-,12,21453,A,N,D,C,A,B,H,-,A,A,0,,,,,Y,,A,08,0,0,1,0,0,0,0,0,0,"- ","- ",38.722819999999999,-121.29039,PLACER,ROSEVILLE,-121.29042994,38.722789980000002
8882044,2017,2019-07-03,3105,2017-01-24,0800,369,,2,5,5,3105,0,0,0,,0,005,"CRESTFIELD CI","WESTMINISTER CT",170.00,S,N,A,-,N,,,,,,,,,,Y,4,0,2,2,A,-,08,22107,,N,A,C,A,A,H,-,A,D,0,,,,,Y,,A,07,0,0,2,0,0,0,0,0,0,"- ","- ",,,PLACER,ROSEVILLE,-121.29371527000001,38.779544510000001
8882053,2017,2019-07-03,3105,2017-01-06,1419,369,,5,5,5,3105,0,0,0,,0,005,"FAIRWAY DR","CENTRAL PARK DR",0.00,,Y,B,-,N,,,,,,,,,,Y,2,0,2,2,A,-,12,21453,A,N,D,C,A,A,H,-,A,A,0,,,,,Y,,A,01,1,0,1,0,0,0,0,0,0,"- ","- ",,,PLACER,ROSEVILLE,-121.27778986,38.786609890000001
8882065,2017,2019-07-03,3105,2017-01-09,1710,192,,1,5,5,3105,0,0,0,,0,005,"BASELINE RD","COUNTRY CLUB DR",0.00,,Y,B,-,N,,,,,,,,,,Y,4,0,1,2,A,-,09,21801,A,N,D,C,A,B,H,-,C,D,0,,,,,Y,,A,01,0,0,1,0,0,0,0,0,0,"- ","- ",38.751860000000001,-121.32881999999999,PLACER,ROSEVILLE,-121.32882995999999,38.751869929999998
8882068,2017,2019-07-03,3105,2017-01-01,1510,192,,7,5,5,3105,0,0,0,,0,005,"WOODCREEK OAKS BL","PLEASANT GROVE BL",19.00,S,N,A,-,N,,,,,,,,,,N,4,0,3,2,A,-,03,22350,,N,C,C,A,A,H,-,A,A,0,,,,,Y,,A,01,0,0,3,0,0,0,0,0,0,"- ","- ",38.768740000000001,-121.33002999999999,PLACER,ROSEVILLE,-121.33007000000001,38.76871783