CASE_ID,ACCIDENT_YEAR,PROC_DATE,JURIS,COLLISION_DATE,COLLISION_TIME,OFFICER_ID,REPORTING_DISTRICT,DAY_OF_WEEK,CHP_SHIFT,POPULATION,CNTY_CITY_LOC,SPECIAL_COND,BEAT_TYPE,CHP_BEAT_TYPE,CITY_DIVISION_LAPD,CHP_BEAT_CLASS,BEAT_NUMBER,PRIMARY_RD,SECONDARY_RD,DISTANCE,DIRECTION,INTERSECTION,WEATHER_1,WEATHER_2,STATE_HWY_IND,CALTRANS_COUNTY,CALTRANS_DISTRICT,STATE_ROUTE,ROUTE_SUFFIX,POSTMILE_PREFIX,POSTMILE,LOCATION_TYPE,RAMP_INTERSECTION,SIDE_OF_HWY,TOW_AWAY,COLLISION_SEVERITY,NUMBER_KILLED,NUMBER_INJURED,PARTY_COUNT,PRIMARY_COLL_FACTOR,PCF_CODE_OF_VIOL,PCF_VIOL_CATEGORY,PCF_VIOLATION,PCF_VIOL_SUBSECTION,HIT_AND_RUN,TYPE_OF_COLLISION,MVIW,PED_ACTION,ROAD_SURFACE,ROAD_COND_1,ROAD_COND_2,LIGHTING,CONTROL_DEVICE,CHP_ROAD_TYPE,PEDESTRIAN_ACCIDENT,BICYCLE_ACCIDENT,MOTORCYCLE_ACCIDENT,TRUCK_ACCIDENT,NOT_PRIVATE_PROPERTY,ALCOHOL_INVOLVED,STWD_VEHTYPE_AT_FAULT,CHP_VEHTYPE_AT_FAULT,COUNT_SEVERE_INJ,COUNT_VISIBLE_INJ,COUNT_COMPLAINT_PAIN,COUNT_PED_KILLED,COUNT_PED_INJURED,COUNT_BICYCLIST_KILLED,COUNT_BICYCLIST_INJURED,COUNT_MC_KILLED,COUNT_MC_INJURED,PRIMARY_RAMP,SECONDARY_RAMP,LATITUDE,LONGITUDE,COUNTY,CITY,POINT_X,POINT_Y
90017860,2015,2015-10-19,9220,2015-08-30,1120,013868,,7,1,4,3104,0,1,1,,2,281,"I-80 W/B FROM DOUGLAS BLVD.","DOUGLAS BLVD.",10.00,W,N,A,-,Y,,,,,,,,,,N,4,0,2,2,A,-,03,22350,,F,C,C,A,A,H,-,A,D,0,,,,,Y,,A,01,0,0,2,0,0,0,0,0,0,"- ","- ",,,PLACER,ROCKLIN,-121.27087542,38.744015339999997
90018490,2015,2015-10-19,9222,2015-09-13,0930,017515,,7,1,9,3100,0,1,3,,1,011,"STATE ROTE 89 SOUTH","TALAC AVENUE",10.00,S,N,A,-,Y,,,,,,,,,,N,3,0,1,1,A,-,03,22350,,N,F,A,A,A,H,-,A,D,0,,Y,,,Y,,L,04,0,1,0,0,0,0,1,0,0,"- ","- ",39.165649999999999,-120.16213,PLACER,UNINCORPORATED,,
90019037,2015,2015-10-19,9221,2015-09-12,1955,017979,,6,2,9,3100,0,3,5,,2,070,"MANZANITA TRAIL W/B","SYLVAN ROAD",76.00,E,N,A,-,N,,,,,,,,,,Y,3,0,1,1,A,-,01,23152,A,N,E,I,A,A,H,-,D,D,0,,,,,Y,Y,A,01,0,1,0,0,0,0,0,0,0,"- ","- ",39.145569999999999,-120.90852,PLACER,UNINCORPORATED,-120.9084782,39.145617809999997
90019544,2015,2015-10-19,9220,2015-09-13,0710,015385,,7,1,9,3100,0,3,5,,2,050,"E. WEIMAR CROSS RD.","FOREST LAKE PLACE",528.00,E,N,B,F,N,,,,,,,,,,Y,2,0,1,1,A,-,01,23152,A,N,E,I,A,A,H,-,B,D,0,,,,,Y,Y,D,22,1,0,0,0,0,0,0,0,0,"- ","- ",39.040950000000002,-120.95392,PLACER,UNINCORPORATED,-120.95346392,39.040753580000001
90019672,2015,2015-10-19,9220,2015-09-03,0940,015239,,4,1,9,3100,0,3,5,,2,050,"AUBURN RAVINE RD","BOWMAN ROAD",0.00,,Y,A,-,N,,,,,,,,,,Y,4,0,2,2,A,-,12,21453,A,N,D,C,A,A,H,-,A,D,0,,,,,Y,,A,07,0,0,2,0,0,0,0,0,0,"- ","- ",,,PLACER,UNINCORPORATED,-121.05839988,38.92364998
90020376,2015,2015-10-19,9220,2015-09-06,1245,016668,,7,1,9,3100,0,3,5,,2,050,"COMBIE RD","PLACER HILLS RD.",0.00,,Y,A,-,Y,,,,,,,,,,N,4,0,1,2,A,-,03,22350,,N,C,C,A,A,H,-,A,D,0,,,Y,,Y,,A,07,0,0,1,0,0,0,0,0,1,"- ","- ",,,PLACER,UNINCORPORATED,-121.02181989,39.00100999
90023011,2015,2015-10-19,9220,2015-09-24,0538,013257,,4,3,5,3105,0,1,3,,1,265,"SR-65 S/B","PLEASANT GROVE BLVD",5280.00,S,N,A,-,Y,,,,,,,,,,Y,3,0,2,2,A,-,03,22350,,N,C,C,A,A,H,-,D,D,0,,,,,Y,,D,22,0,2,0,0,0,0,0,0,0,"- ","- ",,,PLACER,ROSEVILLE,-121.26850379,38.778652030000003
90023384,2015,2015-10-19,9220,2015-09-21,0833,013466,,1,1,5,3105,0,1,1,,2,281,"I-80 E/B","ROSEVILLE PARKWAY O/C",50.00,E,N,A,-,Y,,,,,,,,,,Y,4,0,2,3,A,-,08,22107,,N,B,C,A,A,H,-,A,A,0,,,,,Y,,A,07,0,0,2,0,0,0,0,0,0,"- ","- ",,,PLACER,ROSEVILLE,-121.25830388,38.762813690000002
90023391,2015,2015-10-19,9220,2015-09-24,0850,016654,,4,1,5,3105,0,1,1,,2,281,"I-80 W/B","DOUGLAS BLVD",50.00,E,N,A,-,N,,,,,,,,,,Y,4,0,1,4,A,-,07,21658,A,N,B,C,A,A,H,-,A,D,0,,,,,Y,,A,07,0,0,1,0,0,0,0,0,0,"- ","- ",,,PLACER,ROSEVILLE,-121.27078056000001,38.7441624
90024747,2015,2015-10-19,9220,2015-09-26,0150,012546,9220,6,3,9,3100,0,1,3,,2,293,SR-193,"DUTCH RAVINE LN",500.00,W,N,A,-,Y,,,,,,,,,,N,3,0,1,2,A,-,01,23152,A,N,A,E,A,A,C,-,D,A,0,,,,,Y,Y,A,01,0,1,0,0,0,0,0,0,0,"- ","- ",38.879649999999998,-121.47116,PLACER,UNINCORPORATED,-121.17075256,38.87972362
90025867,2015,2015-10-19,9220,2015-09-20,1231,013466,,7,1,9,3100,0,3,5,,2,020,"EAST ROSEVILLE PARKWAY","CHELSHIRE DOWNS RD",565.00,W,N,A,-,N,,,,,,,,,,Y,3,0,1,1,A,-,08,22107,,N,E,I,A,A,H,-,A,A,0,,,,,Y,,A,07,0,1,0,0,0,0,0,0,0,"- ","- ",,,PLACER,UNINCORPORATED,-121.19596971,38.727530880000003
90025901,2015,2015-10-19,9220,2015-09-23,0830,016668,,3,1,5,3105,0,1,1,,2,281,"I-80 E/B","DOUGLAS BLVD",831.00,W,N,A,-,Y,,,,,,,,,,N,4,0,1,3,A,-,03,22350,,N,C,C,A,A,H,-,A,D,0,,,,,Y,,A,01,0,0,1,0,0,0,0,0,0,"- ","- ",,,PLACER,ROSEVILLE,-121.2719563,38.742022329999998
90025926,2015,2015-10-19,9222,2015-09-20,1338,017550,,7,1,9,3100,0,1,3,,1,016,"SR-267 S/B","SCHAFFER MILLS ROAD",0.00,,Y,A,-,Y,,,,,,,,,,N,3,0,1,2,C,-,18,,,N,D,G,A,A,G,-,A,A,0,,Y,,,Y,,-,"- ",0,1,0,0,0,0,1,0,0,"- ","- ",39.314500000000002,-120.14865,PLACER,UNINCORPORATED,,
90026273,2015,2015-10-19,9220,2015-10-01,2025,011483,,4,2,9,3100,0,1,3,,1,249,"STATE ROUTE 49 (SB)","JOEGER RD",410.00,N,N,A,-,Y,,,49,,,,,,,N,3,0,1,2,A,-,11,21956,,N,G,B,E,A,H,-,D,D,0,Y,,,,Y,Y,N,60,0,1,0,0,1,0,0,0,0,"- ","- ",38.964010000000002,-121.10415,PLACER,UNINCORPORATED,-121.10408891,38.964023249999997
9003136,2018,2019-12-18,3105,2018-11-24,1300,143,,6,5,5,3105,0,0,0,,0,002,"OAKDALE CT","S CIRBY WY S",0.00,,Y,B,-,N,,,,,,,,,,Y,4,0,1,2,A,-,08,22107,,N,D,C,A,A,H,-,A,A,0,,,,,Y,,A,01,0,0,1,0,0,0,0,0,0,"- ","- ",38.726970672607422,-121.25047302246094,PLACER,ROSEVILLE,-121.25005340576172,38.726730346679688
9003152,2018,2019-12-20,3105,2018-11-18,1400,1074,,7,5,5,3105,0,0,0,,0,004,"S WASHINGTON BL","E PLEASANT ST E",0.00,,Y,A,-,N,,,,,,,,,,Y,4,0,2,2,A,-,08,22107,,N,D,C,A,-,H,-,A,A,0,,,,,Y,,D,22,0,0,2,0,0,0,0,0,0,"- ","- ",38.753921508789062,-121.28797912597656,PLACER,ROSEVILLE,-121.28788757324219,38.753910064697266
90032179,2015,2015-10-19,9222,2015-10-01,0932,019272,,4,1,9,3100,0,1,3,,1,013,"SR-89S JSO SQUAW VALEEY RD.","SQUAW VALLEY RD.",4.00,S,N,B,C,Y,,,89,,,,,,,N,4,0,1,2,A,-,08,22107,,N,B,C,A,B,H,-,A,D,0,,,,,Y,,D,22,0,0,1,0,0,0,0,0,0,"- ","- ",39.204720000000002,-120.19944,PLACER,UNINCORPORATED,-120.19948853,39.204741650000003
90036182,2015,2015-10-22,9220,2015-10-19,1038,015385,,1,1,9,3100,0,1,1,,2,283,"I-80 E/B","APPLEGATE RD. O/C",1021.00,W,N,A,-,Y,,,80,,,,,,E,Y,4,0,1,1,C,-,18,,,N,E,I,A,A,H,-,A,D,0,,,,,Y,,-,"- ",0,0,1,0,0,0,0,0,0,"- ","- ",39.001609999999999,-120.99486,PLACER,UNINCORPORATED,-120.99496551,39.001679490000001
90036206,2015,2015-10-22,9220,2015-10-21,1845,012412,,3,2,9,3100,0,1,3,,1,249,SR-49,"BELL RD",400.00,S,N,A,-,Y,,,49,,,,,,,Y,4,0,1,2,A,-,03,22350,,N,C,C,A,A,H,-,C,A,0,,,,,Y,,A,07,0,0,1,0,0,0,0,0,0,"- ","- ",38.940930000000002,-121.09663,PLACER,UNINCORPORATED,-121.09676353,38.94088842
90037030,2015,2015-10-23,9221,2015-10-17,1340,017777,,6,1,9,3100,0,1,1,,2,386,"I-80 W/B","YUBA GAP O/C",10032.00,W,N,C,-,Y,,,80,,,,,,W,Y,2,0,5,2,A,-,03,22350,,N,C,C,A,B,H,-,A,D,0,,,,,Y,,A,01,2,1,2,0,0,0,0,0,0,"- ","- ",39.30639,-120.64711,PLACER,UNINCORPORATED,-120.64711335,39.306396509999999
90037829,2015,2015-12-03,9220,2015-10-03,1920,014611,,6,2,9,3100,0,2,4,,1,014,"PFE ROAD (E/B)","WATT AVE",3600.00,E,N,A,-,N,,,,,,,,,,Y,3,0,3,2,A,-,05,21650,,N,A,C,A,A,H,-,D,D,0,,,,,Y,,A,01,0,1,2,0,0,0,0,0,0,"- ","- ",,,PLACER,UNINCORPORATED,-121.37985965999999,38.728807709999998
90038313,2015,2015-10-26,9220,2015-10-14,1015,013856,,3,1,9,3100,0,1,1,,2,282,"I-80 E/B",SR-193,3168.00,E,N,A,-,Y,,,,,,,,,,Y,4,0,1,1,A,-,08,22107,,N,F,A,A,A,H,-,A,D,0,,,,,Y,,A,07,0,0,1,0,0,0,0,0,0,"- ","- ",,,PLACER,UNINCORPORATED,-121.11488172,38.879323659999997
90041863,2015,2015-10-30,9220,2015-10-16,1510,013794,,5,2,4,3104,0,1,1,,2,281,"I-80 (W/B) TO ROCKLIN ROAD","ROCKLIN ROAD",60.00,E,N,A,-,Y,,,,,,,,,,N,4,0,2,2,A,-,03,22350,,F,C,C,A,A,H,-,A,A,0,,,,,Y,,A,07,0,0,2,0,0,0,0,0,0,"- ","- ",,,PLACER,ROCKLIN,-121.22266768,38.788611400000001
90042203,2015,2015-11-02,9220,2015-10-14,1625,014611,,3,2,9,3100,0,2,4,,1,013,"WALERGA RD","PFE RD",500.00,S,N,A,-,N,,,,,,,,,,N,4,0,3,3,A,-,03,22350,,N,C,C,A,A,H,-,A,A,0,,,,,Y,,A,07,0,0,3,0,0,0,0,0,0,"- ","- ",,,PLACER,UNINCORPORATED,-121.36461457999999,38.727437090000002
90042690,2015,2015-11-02,9220,2015-10-27,1725,012239,,2,2,9,3100,0,1,1,,2,281,"I80 W/B","DOUGLAS BL. O/C",1654.00,E,N,A,-,Y,,,,,,,,,,Y,4,0,2,3,A,-,03,22350,,N,C,C,A,A,H,-,A,D,0,,,,,Y,,D,22,0,0,2,0,0,0,0,0,0,"- ","- ",38.747590000000002,-121.26871,PLACER,UNINCORPORATED,-121.26825131,38.748096459999999
90043363,2015,2015-11-03,9221,2015-10-17,0355,017320,,6,3,9,3100,0,1,1,,2,386,"I-80 E/B","DRUM FOREBAY RD",1584.00,E,N,B,C,Y,,,80,,,,,,E,Y,3,0,1,1,A,-,08,22107,,N,E,I,A,B,H,-,D,D,0,,,,Y,Y,,G,25,0,1,0,0,0,0,0,0,0,"- ","- ",39.243270000000003,-120.74939000000001,PLACER,UNINCORPORATED,-120.74942464999999,39.243334189999999
90043403,2015,2015-11-03,9221,2015-11-01,1330,017669,,7,1,9,3100,0,1,1,,2,384,"I-80 W/B","ALPINE OVER CROSSING",500.00,E,N,B,C,Y,,,80,,,,,,W,Y,4,0,2,2,A,-,03,22350,,N,C,C,A,B,H,-,A,D,0,,,,,Y,,A,07,0,0,2,0,0,0,0,0,0,"- ","- ",39.152650000000001,-120.89239999999999,PLACER,UNINCORPORATED,-120.89243749000001,39.152731320000001
90045299,2015,2015-11-05,9221,2015-11-01,1030,015950,,7,1,9,3100,0,1,1,,2,385,"I-80 WB","BAXTER OC ROAD",5280.00,E,N,C,-,Y,,,80,,,,,,W,Y,2,0,3,1,A,-,03,22350,,N,F,I,A,B,H,-,A,A,0,,,,,Y,,A,07,1,2,0,0,0,0,0,0,0,"- ","- ",39.225110000000001,-120.76709,PLACER,UNINCORPORATED,-120.76704099,39.22507469
90045527,2015,2015-11-05,9220,2015-10-28,1915,014282,,3,2,9,3100,0,1,3,,1,265,"SR-65 N/B","NELSON LANE",2112.00,S,N,B,-,Y,,,65,,,,,,N,N,4,0,1,2,A,-,03,22350,,N,C,C,A,A,H,-,D,D,0,,,,,Y,,A,01,0,0,1,0,0,0,0,0,0,"- ","- ",38.886099999999999,-121.33752,PLACER,UNINCORPORATED,-121.33752165999999,38.886008660000002
90045771,2015,2015-11-05,9220,2015-10-19,0943,013856,,1,1,9,3100,0,2,4,,2,027,"AUBURN FOLSOM RD.","PRIVATE DRIVEWAY (6949 DOUGLAS BL.)",0.00,,Y,A,-,N,,,,,,,,,,N,4,0,1,2,A,-,09,21801,A,N,D,G,A,A,H,-,A,D,0,,Y,,,Y,,L,04,0,0,1,0,0,0,1,0,0,"- ","- ",,,PLACER,UNINCORPORATED,,
90047756,2015,2015-11-10,9220,2015-10-30,1615,014611,,5,2,9,3100,0,1,3,,1,249,"SR-49 (S/B)","EDGEWOOD RD",10.00,N,N,A,-,Y,,,,,,,,,,Y,4,0,1,2,A,-,03,22350,,N,C,C,A,A,H,-,A,A,0,,,Y,,Y,,C,02,0,0,1,0,0,0,0,0,1,"- ","- ",,,PLACER,UNINCORPORATED,-121.08216218,38.920425760000001
90047803,2015,2015-11-10,9220,2015-11-03,1550,012239,,2,2,9,3100,0,2,4,,2,076,"KING ROAD","VAL VERDE ROAD",2640.00,S,N,B,-,N,,,,,,,,,,Y,4,0,1,1,A,-,08,22107,,N,F,A,A,A,H,-,A,D,0,,,,,Y,,A,07,0,0,1,0,0,0,0,0,0,"- ","- ",38.825389999999999,-121.15533000000001,PLACER,UNINCORPORATED,-121.164,38.825319999999998
90048612,2015,2015-11-11,9220,2015-11-08,1030,012546,9220,7,1,5,3105,0,1,3,,1,265,"STATE ROUTE 65","EAST ROSEVILLE VIADUCT",100.00,N,N,C,-,Y,,,65,,,,,,,Y,4,0,1,3,A,-,07,21658,,N,B,C,A,B,H,-,A,A,0,,,,,Y,,A,01,0,0,1,0,0,0,0,0,0,"- ","- ",38.773910000000001,-121.25878,PLACER,ROSEVILLE,-121.25875373,38.773991639999998
9004921,2019,2020-02-19,3101,2019-12-04,1900,A729,PLACE,3,5,3,3101,0,0,0,,0,002,"MAPLE ST","MAPLE ST 164",0.00,,-,C,-,N,,,,,,,,,,Y,4,0,1,2,A,-,01,23152,A,N,A,C,A,B,H,-,C,D,0,,,,,Y,Y,A,01,0,0,1,0,0,0,0,0,0,"- ","- ",38.896961212158203,-121.07769775390625,PLACER,AUBURN,-121.077197,38.897016000000001
90049461,2015,2015-11-12,9222,2015-11-09,1005,017550,,1,1,9,3100,0,3,5,,2,010,"1451 PINE AVE.","TAHOE PARK HEIGHTS DR.",60.00,N,N,A,-,N,,,,,,,,,,Y,4,0,2,1,A,-,08,22107,,N,E,I,A,C,H,-,A,D,0,,,,,Y,,A,07,0,0,2,0,0,0,0,0,0,"- ","- ",,,PLACER,UNINCORPORATED,-120.15650832999999,39.143969579999997
90049805,2015,2015-11-12,9220,2015-10-29,1955,012412,,4,2,9,3100,0,1,1,,2,283,"I-80 E/B","APPLEGATE O/C",6917.00,W,N,A,-,Y,,,80,,,,,,E,Y,3,0,1,2,B,-,22,,,N,C,C,A,A,H,-,D,D,0,,,,Y,Y,,J,48,0,1,0,0,0,0,0,0,0,"- ","- ",38.986660000000001,-121.0042,PLACER,UNINCORPORATED,-121.00417519,38.986637010000003
90051456,2015,2015-11-16,9220,2015-11-14,1540,012412,,6,2,9,3100,0,3,5,,2,050,"OLD AUBURN FORESTHILL RD","MAMMOTH BAR OHV",1320.00,E,N,A,-,N,,,,,,,,,,Y,2,0,1,1,C,-,18,,,N,E,H,A,A,H,-,A,D,0,,,Y,,Y,,-,"- ",1,0,0,0,0,0,0,0,1,"- ","- ",38.924050000000001,-121.01157000000001,PLACER,UNINCORPORATED,-121.01156116,38.923985379999998
90053465,2015,2015-11-18,9221,2015-11-15,0725,017669,,7,1,9,3100,0,1,1,,2,388,"I-80 E/B","HAMPSHIRE ROCKS ROAD UNDER CROSSING",2640.00,E,N,B,C,Y,,,80,,,,,,E,Y,2,0,5,1,A,-,03,22350,,F,F,A,A,C,H,-,A,D,0,,,,,Y,,A,07,1,4,0,0,0,0,0,0,0,"- ","- ",39.311869999999999,-120.48867,PLACER,UNINCORPORATED,-120.48865713000001,39.311786959999999
90054194,2015,2015-11-19,9220,2015-11-09,1920,013794,,1,2,5,3105,0,1,1,,2,281,"I-80 (E/B) FROM RIVERSIDE AVENUE","RIVERSIDE AVENUE O/C",350.00,E,N,B,C,Y,,,,,,,,,,N,4,0,1,1,A,-,08,22107,,N,E,I,A,B,H,-,C,D,0,,,,,Y,,A,07,0,0,1,0,0,0,0,0,0,"- ","- ",,,PLACER,ROSEVILLE,-121.28956780999999,38.725637220000003
90054216,2015,2015-11-19,9220,2015-11-16,0200,012546,9220,1,3,2,3103,0,1,3,,1,265,"STATE ROUTE 65","SOUTH INGRAM SLOUGH BRIDGE",450.00,N,N,A,-,Y,,,65,,,,,,,Y,4,0,1,1,A,-,08,22107,,N,E,I,A,A,H,-,D,A,0,,,,,Y,,D,22,0,0,1,0,0,0,0,0,0,"- ","- ",38.867750000000001,-121.30501,PLACER,LINCOLN,-121.30505569,38.867704709999998
90054305,2015,2015-11-19,9220,2015-11-11,1650,012239,,3,2,9,3100,0,2,4,,1,014,"PFE ROAD","NORTH ANTELOPE RD",2640.00,W,N,B,-,N,,,,,,,,,,N,3,0,1,1,A,-,08,22107,,N,F,A,A,A,H,-,A,D,0,,,Y,,Y,,C,02,0,1,0,0,0,0,0,0,1,"- ","- ",38.72889,-121.33398,PLACER,UNINCORPORATED,-121.33682266,38.729021090000003
90057081,2015,2015-11-23,9220,2015-11-16,1545,013794,,1,2,5,3105,0,1,1,,2,281,"I-80 (W/B)","LEAD HILL BOULEVARD O/C",528.00,E,N,A,-,Y,,,,,,,,,,Y,4,0,2,3,A,-,03,22350,,N,C,C,A,A,H,-,A,D,0,,,,,Y,,A,01,0,0,2,0,0,0,0,0,0,"- ","- ",,,PLACER,ROSEVILLE,-121.26499011,38.753112139999999
90057092,2015,2015-11-23,9220,2015-11-19,0800,015197,,4,1,9,3100,0,2,4,,2,022,"DOUGLAS BLVD","BARTON RD",400.00,E,N,A,-,N,,,,,,,,,,N,4,0,1,2,A,-,03,22350,,N,C,C,A,A,H,-,A,D,0,,,,,Y,,A,07,0,0,1,0,0,0,0,0,0,"- ","- ",,,PLACER,UNINCORPORATED,-121.18778761,38.744055330000002
90057496,2015,2015-11-23,9220,2015-11-17,1800,014515,,2,2,5,3105,0,1,1,,2,281,"I-80 E/B","TAYLOR RD",450.00,W,N,A,-,Y,,,80,,,,,,E,Y,4,0,1,3,A,-,07,21658,A,N,B,C,A,A,H,-,B,D,0,,,,,Y,,A,01,0,0,1,0,0,0,0,0,0,"- ","- ",38.764229999999998,-121.25703,PLACER,ROSEVILLE,-121.25713607,38.7643317
90058417,2015,2015-11-24,9220,2015-11-16,1745,013794,,1,2,5,3105,0,1,1,,2,281,"I-80 (E/B)","TAYLOR ROAD O/C",528.00,W,N,A,-,Y,,,,,,,,,,N,4,0,1,2,A,-,03,22350,,N,C,C,A,A,H,-,C,D,0,,,,,Y,,A,01,0,0,1,0,0,0,0,0,0,"- ","- ",,,PLACER,ROSEVILLE,-121.25721213,38.764257870000002
90058436,2015,2015-11-24,9220,2015-11-21,1410,15060,,6,2,4,3104,0,1,1,,2,281,"I-80 W/B",SR-65,2112.00,E,N,A,-,Y,,,80,,,,,,W,Y,4,0,2,2,A,-,03,22350,,N,C,C,A,A,H,-,A,D,0,,,,,Y,,A,01,0,0,2,0,0,0,0,0,0,"- ","- ",38.773009999999999,-121.24414,PLACER,ROCKLIN,-121.24407352,38.772902440000003
90058475,2015,2015-11-24,9220,2015-11-18,2010,012412,,3,2,9,3100,0,1,3,,1,249,SR-49,"NEW AIRPORT RD",35.00,S,N,A,-,Y,,,49,,,,,,,Y,4,0,1,2,A,-,03,22350,,N,C,C,A,A,H,-,A,A,0,,,,,Y,,D,22,0,0,1,0,0,0,0,0,0,"- ","- ",38.932070000000003,-121.09050999999999,PLACER,UNINCORPORATED,-121.09052824,38.93205562
90058959,2015,2015-11-24,9221,2015-11-16,1357,014763,,1,1,9,3100,0,1,1,,2,388,"I-80 EASTBOUND","CISCO RD",5280.00,E,N,A,-,Y,,,80,,,,,,E,Y,3,0,1,1,A,-,03,22350,,N,E,I,A,C,H,-,A,D,0,,,,,Y,,D,22,0,1,0,0,0,0,0,0,0,"- ","- ",39.305259999999997,-120.52576999999999,PLACER,UNINCORPORATED,-120.52577073,39.305217220000003
9006281,2019,2020-02-14,3104,2019-12-31,1730,277,46,2,5,4,3104,0,0,0,,0,002,"SUNSET BL","PACIFIC ST",0.00,,Y,A,-,N,,,,,,,,,,N,4,0,2,2,A,-,09,21453,C,N,D,C,A,A,H,-,C,A,0,,,,,Y,,A,01,0,0,2,0,0,0,0,0,0,"- ","- ",,,PLACER,ROCKLIN,-121.24221038818359,38.781391143798828
90062988,2015,2015-12-01,9221,2015-11-24,0945,017669,,2,1,9,3100,0,1,1,,2,388,"I-80 W/B","HAMPSHIRE ROCKS ROAD UNDER CROSSING",350.00,E,N,B,D,Y,,,80,,,,,,W,Y,3,0,1,1,A,-,03,22350,,N,E,I,A,C,H,-,A,D,0,,,,,Y,,A,07,0,1,0,0,0,0,0,0,0,"- ","- ",39.311869999999999,-120.49303999999999,PLACER,UNINCORPORATED,-120.49303922999999,39.311930080000003
9006377,2019,2020-02-19,3104,2019-12-21,2302,295,34,6,5,4,3104,0,0,0,,0,002,"MIDAS AV","5TH ST",120.00,W,N,B,-,N,,,,,,,,,,Y,4,0,1,2,A,-,01,23152,,N,D,C,A,A,H,-,C,D,0,,,,,Y,Y,A,01,0,0,1,0,0,0,0,0,0,"- ","- ",38.798198699951172,-121.23848724365234,PLACER,ROCKLIN,-121.23784637451172,38.798130035400391
90064544,2015,2015-12-03,9220,2015-11-18,1250,016031,,3,1,9,3100,0,2,4,,2,022,"DOUGLAS BLVD","SEENO AVE",75.00,E,N,A,-,N,,,,,,,,,,Y,2,0,1,1,A,-,01,23152,A,N,E,I,A,A,H,-,A,D,0,,,,,Y,Y,A,01,1,0,0,0,0,0,0,0,0,"- ","- ",,,PLACER,UNINCORPORATED,-121.21044904,38.743965439999997
90067451,2015,2015-12-08,9221,2015-11-30,2310,013036,,1,3,9,3100,0,3,5,,2,070,"PLACER HILLS RD","DOG BAR RD",3168.00,E,N,A,-,N,,,,,,,,,,Y,4,0,1,1,A,-,08,22107,,N,E,I,A,A,H,-,D,D,0,,,,,Y,,A,01,0,0,1,0,0,0,0,0,0,"- ","- ",39.060209999999998,-120.98493000000001,PLACER,UNINCORPORATED,-120.98628995,39.05987605
90071707,2015,2015-12-11,9220,2015-12-08,1500,014515,,2,2,3,3101,0,1,1,,2,282,"SR-49 TO I-80 W/B",SR-49,485.00,W,N,B,-,Y,,,,,,,,,,Y,4,0,1,2,A,-,03,22350,,N,B,C,A,A,H,-,A,D,0,,,,Y,Y,,A,01,0,0,1,0,0,0,0,0,0,"- ","- ",38.900350000000003,-121.06955000000001,PLACER,AUBURN,,
90075706,2015,2015-12-16,9221,2015-12-10,1405,016682,,4,2,9,3100,0,1,1,,2,385,"I-80 W/B","DRUM FOREBAY RD",3168.00,W,N,D,-,Y,,,80,,,,,,W,Y,3,0,2,2,A,-,03,22350,,N,C,E,A,C,G,-,A,D,0,,,,,Y,,A,01,0,1,1,0,0,0,0,0,0,"- ","- ",39.230870000000003,-120.76040999999999,PLACER,UNINCORPORATED,-120.76039869,39.230858269999999
90079752,2015,2015-12-22,9220,2015-12-11,1810,15060,,5,2,5,3105,0,1,1,,2,281,"I-80 E/B","TAYLOR RD.",528.00,E,N,A,-,Y,,,,,,,,,,Y,4,0,1,2,A,-,03,22350,,N,C,C,A,A,H,-,C,D,0,,,,,Y,,A,01,0,0,1,0,0,0,0,0,0,"- ","- ",,,PLACER,ROSEVILLE,-121.25446834,38.76618998
90082208,2015,2015-12-24,9220,2015-12-18,1705,015385,,5,2,5,3105,0,1,1,,2,281,"I-80 W/B","CIRBY WAY",500.00,E,N,B,C,Y,,,80,,,,,,W,N,4,0,1,3,A,-,03,22350,,N,C,C,A,B,H,-,C,D,0,,,,,Y,,D,22,0,0,1,0,0,0,0,0,0,"- ","- ",38.730919999999998,-121.28377,PLACER,ROSEVILLE,-121.28378893,38.730940760000003
90084400,2015,2016-02-29,9220,2015-11-29,2100,014515,,7,2,9,3100,0,1,3,,1,267,"SR-65 S/B","RIOSA RD",0.00,,Y,A,-,Y,,,65,,,,,,S,Y,1,1,3,2,A,-,01,23152,A,N,D,C,A,A,H,-,C,A,0,,,,,Y,Y,A,07,1,0,2,0,0,0,0,0,0,"- ","- ",38.978969999999997,-121.38253,PLACER,UNINCORPORATED,-121.38272196,38.978887649999997
90085159,2015,2015-12-30,9220,2015-12-22,1530,013794,,2,2,5,3105,0,1,3,,1,265,"SR-65 (S/B) FROM PLEASANT GROVE BLVD","PLEASANT GROVE BLVD O/C",125.00,N,N,B,-,Y,,,,,,,,,,Y,4,0,1,2,A,-,03,22350,,N,C,C,A,A,H,-,A,A,0,,,,,Y,,A,01,0,0,1,0,0,0,0,0,0,"- ","- ",,,PLACER,ROSEVILLE,-121.28449037,38.786633819999999
90085187,2015,2015-12-30,9220,2015-12-23,1735,011085,,3,2,9,3100,0,1,1,,2,282,"I-80 W/B","SIERRA COLLEGE BLVD OFR",180.00,E,N,A,-,Y,,,,,,,,,,N,4,0,1,2,A,-,08,22107,,M,B,C,A,A,H,-,C,A,0,,,,,Y,,A,01,0,0,1,0,0,0,0,0,0,"- ","- ",38.805190000000003,-121.20402,PLACER,UNINCORPORATED,,
90086034,2015,2015-12-31,9220,2015-12-11,1530,014611,,5,2,4,3104,1,4,S,,2,901,"WILDCAT BLVD","IROQUOIS RD",75.00,S,N,A,-,N,,,,,,,,,,Y,4,0,3,2,A,-,03,22350,,N,C,C,A,A,H,-,A,A,0,,,,,Y,,A,07,0,0,3,0,0,0,0,0,0,"- ","- ",38.82132,-121.28207,PLACER,ROCKLIN,-121.28251401999999,38.821925350000001