CASE_ID,ACCIDENT_YEAR,PROC_DATE,JURIS,COLLISION_DATE,COLLISION_TIME,OFFICER_ID,REPORTING_DISTRICT,DAY_OF_WEEK,CHP_SHIFT,POPULATION,CNTY_CITY_LOC,SPECIAL_COND,BEAT_TYPE,CHP_BEAT_TYPE,CITY_DIVISION_LAPD,CHP_BEAT_CLASS,BEAT_NUMBER,PRIMARY_RD,SECONDARY_RD,DISTANCE,DIRECTION,INTERSECTION,WEATHER_1,WEATHER_2,STATE_HWY_IND,CALTRANS_COUNTY,CALTRANS_DISTRICT,STATE_ROUTE,ROUTE_SUFFIX,POSTMILE_PREFIX,POSTMILE,LOCATION_TYPE,RAMP_INTERSECTION,SIDE_OF_HWY,TOW_AWAY,COLLISION_SEVERITY,NUMBER_KILLED,NUMBER_INJURED,PARTY_COUNT,PRIMARY_COLL_FACTOR,PCF_CODE_OF_VIOL,PCF_VIOL_CATEGORY,PCF_VIOLATION,PCF_VIOL_SUBSECTION,HIT_AND_RUN,TYPE_OF_COLLISION,MVIW,PED_ACTION,ROAD_SURFACE,ROAD_COND_1,ROAD_COND_2,LIGHTING,CONTROL_DEVICE,CHP_ROAD_TYPE,PEDESTRIAN_ACCIDENT,BICYCLE_ACCIDENT,MOTORCYCLE_ACCIDENT,TRUCK_ACCIDENT,NOT_PRIVATE_PROPERTY,ALCOHOL_INVOLVED,STWD_VEHTYPE_AT_FAULT,CHP_VEHTYPE_AT_FAULT,COUNT_SEVERE_INJ,COUNT_VISIBLE_INJ,COUNT_COMPLAINT_PAIN,COUNT_PED_KILLED,COUNT_PED_INJURED,COUNT_BICYCLIST_KILLED,COUNT_BICYCLIST_INJURED,COUNT_MC_KILLED,COUNT_MC_INJURED,PRIMARY_RAMP,SECONDARY_RAMP,LATITUDE,LONGITUDE,COUNTY,CITY,POINT_X,POINT_Y
90831860,2018,2018-10-09,9220,2018-10-02,1410,15060,,2,2,9,3100,0,2,4,,2,021,"SIERRA COLLEGE BLVD","DOUGLAS BLVD.",0.00,,Y,A,-,N,,,,,,,,,,Y,3,0,1,2,A,-,12,21453,A,N,D,C,A,A,H,-,A,A,0,,,,,Y,,A,01,0,1,0,0,0,0,0,0,0,"- ","- ",38.743698120117188,-121.22609710693359,PLACER,UNINCORPORATED,-121.22630310058594,38.743808746337891
9083251,2020,2020-07-01,3105,2020-03-13,0730,197,,5,5,5,3105,0,0,0,,0,006,"MCANALLY DR","WOODCREEK OAKS BL",250.00,E,N,A,-,N,,,,,,,,,,Y,4,0,1,2,A,-,08,22107,,N,B,C,A,A,H,-,A,A,0,,,,,Y,,A,01,0,0,1,0,0,0,0,0,0,"- ","- ",38.764179229736328,-121.33052825927734,PLACER,ROSEVILLE,-121.32974243164062,38.764022827148438
9083255,2020,2020-07-01,3105,2020-03-12,1630,1059,,4,5,5,3105,0,0,0,,0,001,"E ROSEVILLE PW","NORTH SUNRISE AV",205.00,E,N,A,-,N,,,,,,,,,,N,4,0,1,2,A,-,03,22350,,N,C,C,A,A,H,-,A,A,0,,,,,Y,,A,01,0,0,1,0,0,0,0,0,0,"- ","- ",38.761310577392578,-121.25006866455078,PLACER,ROSEVILLE,-121.25074768066406,38.762020111083984
90838925,2018,2018-10-18,9220,2018-10-11,1605,015042,,4,2,9,3100,0,1,3,,1,267,"SR-65 N/B","WHEATLAND RD",50.00,N,N,A,-,Y,,,65,,,,,,N,Y,4,0,2,2,A,-,03,22350,,N,C,C,A,A,H,-,A,D,0,,,,,Y,,D,22,0,0,2,0,0,0,0,0,0,"- ","- ",38.996238708496094,-121.40006256103516,PLACER,UNINCORPORATED,-121.40008544921875,38.996196746826172
90839878,2018,2018-10-19,9220,2018-10-13,1935,013794,,6,2,9,3100,0,3,5,,2,050,"HAINES ROAD","BELL ROAD",1056.00,N,N,A,-,N,,,,,,,,,,Y,2,0,5,1,A,-,08,22107,,N,E,I,A,A,H,-,D,D,0,,,,,Y,,A,01,1,4,0,0,0,0,0,0,0,"- ","- ",38.949810028076172,-121.04913330078125,PLACER,UNINCORPORATED,-121.04837036132812,38.94683837890625
90839907,2018,2018-10-19,9220,2018-10-14,2025,015242,,7,2,9,3100,0,1,3,,1,249,"SR-49 N/B","DRY CREEK RD.",123.00,N,N,A,-,Y,,,49,,,,,,N,Y,2,0,2,2,A,-,09,21804,A,N,D,C,A,A,H,-,C,D,0,,,Y,,Y,,A,01,1,1,0,0,0,0,0,0,2,"- ","- ",38.95684814453125,-121.10133361816406,PLACER,UNINCORPORATED,-121.10137176513672,38.956840515136719
90842855,2018,2018-10-23,9220,2018-10-09,0810,014699,,2,1,9,3100,1,2,4,,2,046,"BELL ROAD","TAHOE ST",102.00,W,N,A,-,N,,,,,,,,,,Y,3,0,2,1,C,-,18,,,N,E,I,A,A,H,-,A,D,0,,,,,Y,,-,"- ",0,1,1,0,0,0,0,0,0,"- ","- ",38.943698883056641,-121.11689758300781,PLACER,UNINCORPORATED,-121.11687469482422,38.943618774414062
90848196,2018,2018-10-29,9221,2018-10-24,1055,016862,,3,1,9,3100,0,3,5,,2,070,"DOG BAR RD","CANYON WAY",1584.00,N,N,A,-,N,,,,,,,,,,Y,4,0,1,2,A,-,08,22107,,N,A,C,A,A,H,-,A,D,0,,,,,Y,,A,01,0,0,1,0,0,0,0,0,0,"- ","- ",39.056301116943359,-120.99906158447266,PLACER,UNINCORPORATED,,
90848602,2018,2018-10-30,9220,2018-10-23,0827,013466,,2,1,5,3105,0,1,1,,2,281,"I-80 E/B","ROSEVILLE PARKWAY",200.00,W,N,A,-,Y,,,80,,,,,,E,Y,4,0,1,2,A,-,07,21658,A,N,D,C,A,A,H,-,A,D,0,,,,,Y,,A,01,0,0,1,0,0,0,0,0,0,"- ","- ",38.762649536132812,-121.25837707519531,PLACER,ROSEVILLE,-121.25844573974609,38.7626953125
90848855,2018,2018-12-26,9221,2018-09-27,2057,018213,,4,2,9,3100,0,1,1,,2,385,"I-80 E/B","RIDGE RD",1564.00,E,N,A,-,Y,,,80,,,,,,E,Y,1,1,0,2,C,-,18,,,F,H,A,A,A,H,-,D,D,0,,,Y,,Y,,-,"- ",0,0,0,0,0,0,0,1,0,"- ","- ",39.188129425048828,-120.82646179199219,PLACER,UNINCORPORATED,-120.82646179199219,39.188117980957031
90849020,2018,2018-10-30,9220,2018-10-13,1520,014611,,6,2,9,3100,0,3,5,,2,070,"LAKE FOREST DR","OLD QUARRY CT",200.00,N,N,A,-,N,,,,,,,,,,Y,4,0,2,2,A,-,03,22350,,N,C,C,A,A,H,-,A,D,0,,,,,Y,,A,01,0,0,2,0,0,0,0,0,0,"- ","- ",38.801651000976562,-121.11563873291016,PLACER,UNINCORPORATED,-121.1156005859375,38.801570892333984
90851927,2018,2018-11-02,9221,2018-09-11,0545,014763,,2,3,9,3100,0,1,1,,2,386,"I-80 WESTBOUND","CARPENTER FLAT U/C",2112.00,W,N,A,-,Y,,,80,,,,,,W,Y,1,1,0,2,A,-,08,22107,,N,B,E,A,A,H,-,D,D,0,,,,Y,Y,,D,22,0,0,0,0,0,0,0,0,0,"- ","- ",39.300441741943359,-120.66802978515625,PLACER,UNINCORPORATED,-120.66802215576172,39.300422668457031
90852161,2018,2018-11-02,9220,2018-10-26,0910,016682,,5,1,9,3100,0,3,5,,2,050,"LOCKSLEY LN",SR-49,1289.00,E,N,A,-,N,,,,,,,,,,Y,4,0,2,2,A,-,09,21801,A,N,A,C,A,A,H,-,A,D,0,,,,,Y,,D,22,0,0,2,0,0,0,0,0,0,"- ","- ",38.951099395751953,-121.09375,PLACER,UNINCORPORATED,-121.09535980224609,38.950271606445312
90852909,2018,2018-11-05,9220,2018-10-27,1621,014611,,6,2,9,3100,0,1,3,,1,265,"SR-65 S/B","PLEASANT GROVE BLVD",800.00,S,N,A,-,Y,,,,,,,,,,Y,3,0,1,2,A,-,13,22515,A,N,E,I,F,A,H,-,A,D,0,Y,,,,Y,,N,60,0,1,0,0,1,0,0,0,0,"- ","- ",38.783588409423828,-121.27926635742188,PLACER,UNINCORPORATED,,
90852930,2018,2018-11-05,9220,2018-10-29,1725,015042,,1,2,9,3100,0,2,4,,2,021,"SIERRA COLLEGE BLVD. N/B","CAVITT STALLMAN RD",300.00,N,N,A,-,Y,,,,,,,,,,N,3,0,1,1,A,-,08,22107,,N,F,A,A,A,H,-,A,D,0,,,Y,,Y,,C,02,0,1,0,0,0,0,0,0,1,"- ","- ",38.749610900878906,-121.22638702392578,PLACER,UNINCORPORATED,-121.22647094726562,38.748832702636719
90853006,2018,2018-11-05,9222,2018-11-02,1130,017091,,5,1,9,3100,0,1,3,,1,016,"STATE ROUTE 267","TRUCKEE-TAHOE AIRPORT ROAD",160.00,S,N,A,-,Y,,,267,,,,,,,N,3,0,2,2,A,-,03,22350,,N,C,C,A,A,H,-,A,A,0,,,,,Y,,A,01,0,2,0,0,0,0,0,0,0,"- ","- ",39.314399719238281,-120.14795684814453,PLACER,UNINCORPORATED,-120.14797973632812,39.314357757568359
90860940,2018,2018-11-15,9220,2018-11-02,0735,013856,,5,1,9,3100,0,2,4,,2,077,"AUBURN FOLSOM RD.","CRICKET LN.",40.00,S,N,A,-,N,,,,,,,,,,Y,3,0,1,1,A,-,08,22107,,N,E,I,A,A,H,-,A,D,0,,,,,Y,,A,01,0,1,0,0,0,0,0,0,0,"- ","- ",38.857089996337891,-121.10178375244141,PLACER,UNINCORPORATED,-121.10195922851562,38.857456207275391
90862475,2018,2018-11-19,9221,2018-11-06,2055,017320,,2,2,9,3100,0,1,1,,2,386,"I-80 E/B","NYACK RD",1056.00,W,N,A,-,Y,,,,,,,,,,Y,3,0,2,1,A,-,08,22107,,N,E,I,A,A,H,-,C,D,0,,,,,Y,,A,01,0,2,0,0,0,0,0,0,0,"- ","- ",39.170398712158203,-120.68924713134766,PLACER,UNINCORPORATED,-120.68316650390625,39.291831970214844
90863717,2018,2018-11-20,9221,2018-11-10,0528,013932,,6,3,9,3100,0,1,1,,2,386,"I-80 E/B","LIANG RD",1056.00,E,N,A,-,Y,,,,,,,,,,Y,3,0,1,1,A,-,08,22107,,N,E,I,A,A,H,-,D,D,0,,,,,Y,,A,01,0,1,0,0,0,0,0,0,0,"- ","- ",39.309249877929688,-120.53923034667969,PLACER,UNINCORPORATED,-120.65737915039062,39.302940368652344
90865387,2018,2018-12-27,9220,2018-11-08,1820,014438,,4,2,9,3100,0,2,4,,2,024,"EUREKA RD.","BARTON RD.",0.00,,Y,A,-,N,,,,,,,,,,Y,3,0,1,2,A,-,09,21802,B,N,D,C,A,A,H,-,D,A,0,,,,,Y,,A,07,0,1,0,0,0,0,0,0,0,"- ","- ",38.736228942871094,-121.18890380859375,PLACER,UNINCORPORATED,-121.18898010253906,38.736228942871094
90865414,2018,2018-11-22,9220,2018-11-09,1410,014438,,5,2,2,3106,0,1,1,,2,282,"I-80 EASTBOUND","PENRYN RD",3168.00,E,N,A,-,Y,,,,,,,,,,N,4,0,1,2,A,-,03,22350,,N,C,C,A,A,H,-,A,D,0,,,,,Y,,D,22,0,0,1,0,0,0,0,0,0,"- ","- ",38.840751647949219,-121.16033172607422,PLACER,LOOMIS,-121.16094970703125,38.840194702148438
90866174,2018,2018-11-26,9220,2018-11-14,0930,016419,,3,1,9,3100,0,1,1,,2,282,"I-80 W/B","SIERRA COLLEGE BLVD",75.00,E,N,A,-,Y,,,,,,,,,,Y,4,0,2,2,A,-,08,22107,,N,A,C,A,A,H,-,A,D,0,,,,,Y,,A,01,0,0,2,0,0,0,0,0,0,"- ","- ",38.803459167480469,-121.20509338378906,PLACER,UNINCORPORATED,-121.20526123046875,38.803260803222656
90866963,2018,2018-11-26,9222,2018-11-23,0720,017091,,5,1,9,3100,0,3,5,,2,010,"CABIN CREEK ROAD","STATE ROUTE 89",5280.00,W,N,B,D,N,,,,,,,,,,N,3,0,1,1,A,-,03,22350,,N,E,I,A,C,H,-,A,D,0,,,,,Y,,D,22,0,1,0,0,0,0,0,0,0,"- ","- ",39.288978576660156,-120.21378326416016,PLACER,UNINCORPORATED,-120.22441864013672,39.280292510986328
90866976,2018,2018-11-26,9221,2018-11-14,0110,017979,,3,3,9,3100,0,1,1,,2,386,"WB I-80","EMIGRANT GAP RD. U/P",2640.00,E,N,A,-,Y,,,80,,,,,,,Y,4,0,1,2,A,-,01,23152,A,N,C,C,A,A,H,-,D,D,0,,,,Y,Y,Y,A,01,0,0,1,0,0,0,0,0,0,"- ","- ",39.304569244384766,-120.65194702148438,PLACER,UNINCORPORATED,-120.65196228027344,39.304641723632812
90867059,2018,2018-11-26,9222,2018-11-23,1805,017907,,5,2,9,3100,0,1,3,,1,015,"SR-28 (NORTH LAKE BOULEVARD)","COON STREET",135.00,E,N,B,C,Y,,,,,,,,,,N,2,0,1,2,A,-,11,21954,A,N,G,B,D,B,H,-,D,D,0,Y,,,,Y,,N,60,1,0,0,0,1,0,0,0,0,"- ","- ",39.148521423339844,-120.11795043945312,PLACER,UNINCORPORATED,,
90870029,2018,2018-11-29,9220,2018-10-31,1310,016682,,3,1,9,3100,0,1,3,,1,265,"SR-65 S/B","PLEASANT GROVE BLVD",0.00,,N,A,-,Y,,,,,,,,,,N,4,0,1,2,A,-,08,22107,,N,C,C,A,A,H,-,A,D,0,,,,,Y,,A,01,0,0,1,0,0,0,0,0,0,"- ","- ",38.784278869628906,-121.28005981445312,PLACER,UNINCORPORATED,,
90870312,2018,2018-11-29,9220,2018-11-11,1435,016657,,7,2,9,3100,0,3,5,,2,050,"OLD AIRPORT RD","KEENA DR",240.00,E,N,A,-,N,,,,,,,,,,Y,4,0,2,1,A,-,03,22350,,N,E,I,A,A,H,-,A,D,0,,,,,Y,,A,07,0,0,2,0,0,0,0,0,0,"- ","- ",38.940299987792969,-121.0531005859375,PLACER,UNINCORPORATED,-121.05879974365234,38.942008972167969
90872418,2018,2018-11-30,9220,2018-11-22,2310,013846,,4,3,9,3100,0,1,1,,2,281,"I-80 E/B","ROCKLIN RD",3960.00,W,N,B,C,Y,,,,,,,,,,Y,4,0,1,1,A,-,08,22107,,N,E,I,A,B,H,-,C,D,0,,,,,Y,,A,01,0,0,1,0,0,0,0,0,0,"- ","- ",38.779258728027344,-121.23351287841797,PLACER,UNINCORPORATED,-121.23198699951172,38.780521392822266
90873060,2018,2018-12-03,9220,2018-11-24,1512,013997,,6,2,9,3100,0,2,4,,2,062,"FORESTHILL ROAD","AMERICAN RIVER",2112.00,E,N,B,-,N,,,,,,,,,,Y,4,0,1,2,A,-,03,22350,,N,C,C,A,B,H,-,A,D,0,,,,,Y,,A,01,0,0,1,0,0,0,0,0,0,"- ","- ",38.923198699951172,-121.03134155273438,PLACER,UNINCORPORATED,-120.60201263427734,39.186203002929688
90873068,2018,2018-12-03,9220,2018-11-25,1630,15060,,7,2,5,3105,0,1,1,,2,281,"I-80 W/B","ROSEVILLE PKY",50.00,W,N,A,-,Y,,,80,,,,,,W,Y,2,0,1,1,A,-,01,23152,A,N,E,I,A,A,H,-,A,D,0,,,,,Y,Y,A,01,1,0,0,0,0,0,0,0,0,"- ","- ",38.762588500976562,-121.25881195068359,PLACER,ROSEVILLE,-121.25883483886719,38.762607574462891
90873069,2018,2018-12-03,9220,2018-11-25,1425,015042,,7,2,9,3100,0,2,4,,2,058,"DRY CREEK ROAD E/B","BLUE GRASS DR",935.00,E,N,A,-,N,,,,,,,,,,Y,2,0,2,1,A,-,08,22107,,N,F,I,A,A,H,-,A,D,0,,,,,Y,,A,01,2,0,0,0,0,0,0,0,0,"- ","- ",38.962150573730469,-122.08454132080078,PLACER,UNINCORPORATED,-121.085205078125,38.962566375732422
90873449,2018,2018-12-03,9222,2018-11-26,0720,017288,,1,1,9,3100,0,1,3,,1,016,SR-267,"CAMBRIDGE DRIVE",0.00,,Y,B,-,Y,,,267,,,,,,,Y,4,0,1,2,A,-,09,21802,A,N,D,C,A,C,H,-,A,A,0,,,,,Y,,A,01,0,0,1,0,0,0,0,0,0,"- ","- ",39.249279022216797,-120.03350067138672,PLACER,UNINCORPORATED,-120.03349304199219,39.249286651611328
90875903,2018,2018-12-05,9220,2018-11-16,1415,017534,,5,2,5,3105,0,1,1,,2,281,"INTERSTATE 80, WESTBOUND","STATE ROUTE 65",1700.00,E,N,A,-,Y,,,80,,,,,,W,Y,3,0,2,4,A,-,03,22350,,N,C,C,A,A,H,-,A,D,0,,,,,Y,,D,22,0,2,0,0,0,0,0,0,0,"- ","- ",38.772991180419922,-121.244140625,PLACER,ROSEVILLE,-121.24407958984375,38.772895812988281
90876026,2018,2018-12-05,9220,2018-11-23,0615,013846,,5,1,9,3100,0,1,3,,1,265,"SR-65 S/B TO SUNSET BLVD","SUNSET BLVD",250.00,N,N,B,C,Y,,,65,,,,R,,S,Y,3,0,1,1,A,-,08,22107,,N,E,I,A,B,H,-,B,D,0,,,,,Y,,A,01,0,1,0,0,0,0,0,0,0,"- ","- ",38.818660736083984,-121.301513671875,PLACER,UNINCORPORATED,-121.301513671875,38.818660736083984
90878949,2018,2018-12-10,9222,2018-12-03,1515,017658,,1,2,9,3100,0,3,5,,2,010,"STATE ROUTE 89 SOUTH","GRANITE FLAT CAMP GROUND",4224.00,S,N,A,-,Y,,,89,,,,,,,Y,4,0,1,1,A,-,08,22107,,N,E,I,A,A,H,-,A,D,0,,,,,Y,,A,01,0,0,1,0,0,0,0,0,0,"- ","- ",39.289688110351562,-120.20822906494141,PLACER,UNINCORPORATED,-120.20832061767578,39.289707183837891
90879855,2018,2018-12-11,9220,2018-11-23,2115,014438,,5,2,9,3100,0,3,5,,2,070,"HORSESHOE BAR ROAD","HAPPY ROAD",581.00,W,N,B,C,N,,,,,,,,,,Y,1,1,0,1,A,-,08,22107,,N,F,I,A,B,H,-,D,D,0,,,,,Y,,D,22,0,0,0,0,0,0,0,0,0,"- ","- ",38.814399719238281,-121.17369079589844,PLACER,UNINCORPORATED,-121.17356109619141,38.814476013183594
90883469,2018,2018-12-14,9220,2018-12-02,1055,015272,,7,1,9,3100,0,2,4,,2,027,"AUBURN FOLSOM RD","HIDDEN LN",0.00,,Y,A,-,N,,,,,,,,,,Y,4,0,1,2,A,-,09,21801,A,N,D,C,A,A,H,-,A,D,0,,,,,Y,,A,07,0,0,1,0,0,0,0,0,0,"- ","- ",38.123458862304688,-121.12345886230469,PLACER,UNINCORPORATED,-121.15915679931641,38.766998291015625
90883503,2018,2018-12-14,9220,2018-12-08,0735,013997,,6,1,9,3100,0,1,1,,2,281,"I-80 EASTBOUND","SIERRA COLLEGE BLVD",142.00,W,N,A,-,Y,,,,,,,,,,Y,3,0,1,1,A,-,08,22107,,N,E,I,A,A,H,-,A,D,0,,,,,Y,,A,01,0,1,0,0,0,0,0,0,0,"- ","- ",38.802360534667969,-121.20578765869141,PLACER,UNINCORPORATED,-121.20578002929688,38.802562713623047
90885052,2018,2018-12-18,9220,2018-12-05,0735,014699,,3,1,5,3105,0,1,1,,2,281,"I-80 E/B","DOUGLAS BLVD",430.00,W,N,A,-,Y,,,,,,,,,,Y,4,0,1,4,A,-,03,22350,,N,C,C,A,A,H,-,A,D,0,,,,,Y,,A,01,0,0,1,0,0,0,0,0,0,"- ","- ",38.443401336669922,-121.16169738769531,PLACER,ROSEVILLE,-121.27131652832031,38.743003845214844
90890275,2018,2018-12-26,9220,2018-12-14,1750,016682,,5,2,9,3100,0,3,5,,2,010,"NICOLAUS RD","MAVERICK LN",15.00,E,N,A,-,N,,,,,,,,,,N,4,0,3,2,A,-,03,22350,,N,C,C,A,A,H,-,D,D,0,,,,,Y,,A,01,0,0,3,0,0,0,0,0,0,"- ","- ",38.897270202636719,-121.40035247802734,PLACER,UNINCORPORATED,-121.40033721923828,38.897262573242188
90890633,2018,2018-12-26,9220,2018-12-20,1645,016419,,4,2,9,3100,0,1,3,,1,249,"S.R. 49 S/B","EDGEWOOD DR",600.00,N,N,A,-,Y,,,,,,,,,,Y,4,0,1,2,A,-,03,22350,,N,C,C,A,A,H,-,B,D,0,,,,,Y,,A,01,0,0,1,0,0,0,0,0,0,"- ","- ",38.921901702880859,-121.08300018310547,PLACER,UNINCORPORATED,,
90891300,2018,2018-12-27,9222,2018-12-22,1800,017288,,6,2,9,3100,0,1,3,,1,014,SR-28,"GROVE STREET",2.00,W,N,A,-,Y,,,28,,,,,,,N,4,0,1,2,A,-,10,21950,A,N,G,B,B,A,H,-,C,D,0,Y,,,,Y,Y,A,08,0,0,1,0,1,0,0,0,0,"- ","- ",39.171951293945312,-120.13947296142578,PLACER,UNINCORPORATED,-120.13955688476562,39.172096252441406
90891377,2018,2018-12-27,9220,2018-12-24,1607,016031,,1,2,4,3104,0,1,3,,1,265,"SR-65 N/B","PLEASANT GROVE BLVD",2112.00,S,N,B,C,Y,,,,,,,,,,N,4,0,1,2,A,-,03,22350,,N,C,C,A,A,H,-,A,D,0,,,,,Y,,D,22,0,0,1,0,0,0,0,0,0,"- ","- ",38.783260345458984,-121.27723693847656,PLACER,ROCKLIN,-121.27774810791016,38.783485412597656
90893474,2018,2018-12-28,9220,2018-12-27,0435,014438,,4,3,5,3105,0,1,1,,2,281,"I-80 EASTBOUND","RIVERSIDE AVE.",140.00,E,N,A,-,Y,,,80,,,,,,E,Y,4,0,1,2,A,-,03,22350,,N,C,C,A,A,H,-,C,D,0,,,,,Y,,A,01,0,0,1,0,0,0,0,0,0,"- ","- ",38.724609375,-121.29026031494141,PLACER,ROSEVILLE,-121.29030609130859,38.724662780761719
90895042,2018,2018-12-31,9221,2018-12-20,1545,017669,,4,2,9,3100,0,1,3,,1,374,"STATE ROUTE 174","HILL DRIVE",100.00,S,N,B,-,Y,,,174,,,,,,,Y,2,0,2,2,A,-,05,21460,A,N,A,C,A,A,H,-,A,D,0,,,,,Y,,A,01,1,1,0,0,0,0,0,0,0,"- ","- ",39.112499237060547,-120.94989776611328,PLACER,UNINCORPORATED,-120.95005035400391,39.11248779296875
90896099,2018,2019-01-02,9220,2018-12-26,1730,15060,,3,2,5,3105,0,1,1,,2,281,"I-80 W/B","TAYLOR RD",500.00,E,N,A,-,Y,,,80,,,,,,W,Y,4,0,1,2,A,-,03,22350,,N,C,C,A,A,H,-,C,D,0,,,,,Y,,D,22,0,0,1,0,0,0,0,0,0,"- ","- ",38.766529083251953,-121.25444030761719,PLACER,ROSEVILLE,-121.25440979003906,38.766475677490234
90900582,2019,2019-01-09,9221,2019-01-03,0710,017125,,4,1,9,3100,0,1,1,,2,384,"E/B I-80","CAPE HORN ROAD U/C",1584.00,E,N,A,-,Y,,,80,,,,,,,Y,4,0,1,1,C,-,18,,,N,E,I,A,A,H,-,A,D,0,,,,,Y,,-,"- ",0,0,1,0,0,0,0,0,0,"- ","- ",39.141811370849609,-120.91384887695312,PLACER,UNINCORPORATED,-120.91386413574219,39.141834259033203
90901757,2019,2019-01-10,9220,2019-01-02,1800,016031,,3,2,4,3104,0,1,1,,2,281,"I-80 W/B","SR-65 N/B",1584.00,E,N,A,-,Y,,,80,,,,,,W,N,4,0,1,3,A,-,03,22350,,N,C,C,A,A,H,-,D,D,0,,,,,Y,,A,01,0,0,1,0,0,0,0,0,0,"- ","- ",38.772991180419922,-121.24414825439453,PLACER,ROCKLIN,-121.24408721923828,38.772891998291016
90902702,2019,2019-01-11,9221,2019-01-09,0514,014763,,3,3,9,3100,0,3,5,,2,070,"DOG BAR ROAD","RAMBLIN RD",200.00,N,N,C,-,N,,,,,,,,,,Y,3,0,1,1,A,-,08,22107,,N,E,I,A,B,H,-,D,D,0,,,,,Y,,A,08,0,1,0,0,0,0,0,0,0,"- ","- ",39.056800842285156,-120.99704742431641,PLACER,UNINCORPORATED,-120.99721527099609,39.056770324707031
90906301,2019,2019-01-17,9220,2019-01-05,2130,014611,,6,2,9,3100,0,1,1,,2,282,"ATHENS AVE","FOOTHILLS BLVD",0.00,,Y,A,-,N,,,,,,,,,,Y,4,0,1,2,A,-,06,21750,A,F,B,C,A,B,H,-,D,D,0,,,,,Y,,-,99,0,0,1,0,0,0,0,0,0,"- ","- ",38.123451232910156,-121.34567260742188,PLACER,UNINCORPORATED,-121.32589721679688,38.8389892578125
90906418,2019,2019-01-17,9220,2019-01-07,1745,013466,,1,2,5,3105,0,1,1,,2,281,"I-80 W/B","TAYLOR RD.",200.00,E,N,B,-,Y,,,80,,,,,,W,Y,4,0,1,2,A,-,03,22350,,N,C,C,A,A,H,-,C,D,0,,,,,Y,,A,01,0,0,1,0,0,0,0,0,0,"- ","- ",38.766490936279297,-121.25428009033203,PLACER,ROSEVILLE,-121.25431060791016,38.766536712646484
90910584,2019,2019-01-24,9220,2019-01-11,1615,014611,,5,2,9,3100,0,3,5,,2,070,"NAVAS LN","GILARDI RD",0.00,,Y,A,-,N,,,,,,,,,,N,4,0,1,2,A,-,09,21800,A,N,D,C,A,A,H,-,A,D,0,,,,,Y,,A,01,0,0,1,0,0,0,0,0,0,"- ","- ",38.851749420166016,-121.15107727050781,PLACER,UNINCORPORATED,-121.15101623535156,38.85443115234375
90910785,2019,2019-01-24,9220,2019-01-20,1135,014438,,7,1,9,3100,0,2,4,,2,046,"BELL RD.","PROFESSIONAL DR",0.00,,Y,B,-,N,,,,,,,,,,Y,4,0,1,2,A,-,12,21453,A,N,D,C,A,B,H,-,A,A,0,,,,,Y,,A,01,0,0,1,0,0,0,0,0,0,"- ","- ",38.942001342773438,-121.10093688964844,PLACER,UNINCORPORATED,-121.10088348388672,38.941898345947266
90913414,2019,2019-01-28,9220,2019-01-10,2150,016685,,4,2,5,3105,0,1,3,,1,265,"SR-65 SB TO I-80 WB","GALLERIA BOULEVARD",4752.00,S,N,E,-,Y,,,65,,,,R,,S,Y,3,0,2,1,A,-,08,22107,,N,E,I,A,B,H,-,D,D,0,,,,,Y,,A,01,0,1,1,0,0,0,0,0,0,"- ","- ",38.770000457763672,-121.2510986328125,PLACER,ROSEVILLE,-121.2510986328125,38.770000457763672
90913716,2019,2019-01-28,9222,2019-01-26,0950,020546,,6,1,9,3100,0,1,3,,2,012,SR-89S,"SQUAW VALLEY RD.",145.00,S,N,A,-,Y,,,89,,,,,,,N,4,0,1,3,A,-,09,21804,A,N,D,C,A,A,H,-,A,A,0,,,,,Y,,A,07,0,0,1,0,0,0,0,0,0,"- ","- ",39.204368591308594,-120.19969940185547,PLACER,UNINCORPORATED,-120.19966888427734,39.204357147216797
90914030,2019,2019-01-28,9220,2019-01-24,1530,016682,,4,2,9,3100,0,3,5,,2,040,"WILLOW CREEK DR",SR-49,596.00,W,N,A,-,N,,,,,,,,,,N,4,0,2,2,A,-,09,21804,A,N,D,C,A,A,H,-,A,A,0,,,,,Y,,A,01,0,0,2,0,0,0,0,0,0,"- ","- ",38.938461303710938,-121.09808349609375,PLACER,UNINCORPORATED,-121.09806060791016,38.9383544921875
90916353,2019,2019-01-31,9221,2019-01-10,1758,017979,,4,2,9,3100,0,1,1,,2,384,"I-80 W/B","CAPE HORN RD U/P",410.00,W,N,B,-,Y,,,80,,,,,,W,Y,4,0,2,5,A,-,03,22350,,M,C,C,A,A,H,-,D,D,0,,,,,Y,,A,01,0,0,2,0,0,0,0,0,0,"- ","- ",39.138599395751953,-120.9208984375,PLACER,UNINCORPORATED,-120.9208984375,39.138671875