CASE_ID,ACCIDENT_YEAR,PROC_DATE,JURIS,COLLISION_DATE,COLLISION_TIME,OFFICER_ID,REPORTING_DISTRICT,DAY_OF_WEEK,CHP_SHIFT,POPULATION,CNTY_CITY_LOC,SPECIAL_COND,BEAT_TYPE,CHP_BEAT_TYPE,CITY_DIVISION_LAPD,CHP_BEAT_CLASS,BEAT_NUMBER,PRIMARY_RD,SECONDARY_RD,DISTANCE,DIRECTION,INTERSECTION,WEATHER_1,WEATHER_2,STATE_HWY_IND,CALTRANS_COUNTY,CALTRANS_DISTRICT,STATE_ROUTE,ROUTE_SUFFIX,POSTMILE_PREFIX,POSTMILE,LOCATION_TYPE,RAMP_INTERSECTION,SIDE_OF_HWY,TOW_AWAY,COLLISION_SEVERITY,NUMBER_KILLED,NUMBER_INJURED,PARTY_COUNT,PRIMARY_COLL_FACTOR,PCF_CODE_OF_VIOL,PCF_VIOL_CATEGORY,PCF_VIOLATION,PCF_VIOL_SUBSECTION,HIT_AND_RUN,TYPE_OF_COLLISION,MVIW,PED_ACTION,ROAD_SURFACE,ROAD_COND_1,ROAD_COND_2,LIGHTING,CONTROL_DEVICE,CHP_ROAD_TYPE,PEDESTRIAN_ACCIDENT,BICYCLE_ACCIDENT,MOTORCYCLE_ACCIDENT,TRUCK_ACCIDENT,NOT_PRIVATE_PROPERTY,ALCOHOL_INVOLVED,STWD_VEHTYPE_AT_FAULT,CHP_VEHTYPE_AT_FAULT,COUNT_SEVERE_INJ,COUNT_VISIBLE_INJ,COUNT_COMPLAINT_PAIN,COUNT_PED_KILLED,COUNT_PED_INJURED,COUNT_BICYCLIST_KILLED,COUNT_BICYCLIST_INJURED,COUNT_MC_KILLED,COUNT_MC_INJURED,PRIMARY_RAMP,SECONDARY_RAMP,LATITUDE,LONGITUDE,COUNTY,CITY,POINT_X,POINT_Y
91016954,2019,2019-06-25,9222,2019-06-10,1550,020546,,1,2,9,3100,0,1,3,,2,012,SR-89S,"TAHOE PARK AVE.",20.00,N,N,A,-,Y,,,89,,,,,,,N,3,0,1,2,A,-,03,22350,,N,B,C,A,A,H,-,A,A,0,,,Y,,Y,,A,01,0,1,0,0,0,0,0,0,1,"- ","- ",39.144321441650391,-120.1536865234375,PLACER,UNINCORPORATED,-120.15387725830078,39.144489288330078
91023074,2019,2019-07-02,9220,2019-06-28,1825,015272,,5,2,9,3100,0,1,3,,1,267,"SR-65 N/B","RIOSA RD",1915.00,N,N,A,-,Y,,,,,,,,,,N,4,0,2,3,A,-,03,22350,,N,C,C,A,A,H,-,A,D,0,,,,,Y,,A,07,0,0,2,0,0,0,0,0,0,"- ","- ",38.590099334716797,-121.23040008544922,PLACER,UNINCORPORATED,-121.38420104980469,38.982448577880859
91023149,2019,2019-07-02,9220,2019-06-30,2225,017027,,7,3,5,3105,0,1,3,,1,265,"SR-65 S/B","GALLERIA BLVD",1320.00,N,N,A,-,Y,,,65,,,,,,S,N,4,0,1,2,A,-,03,22350,,N,C,C,A,A,H,-,D,D,0,,,,,Y,,A,07,0,0,1,0,0,0,0,0,0,"- ","- ",38.779830932617188,-121.27063751220703,PLACER,ROSEVILLE,-121.27068328857422,38.779735565185547
91023218,2019,2019-07-02,9220,2019-06-28,0920,014438,,5,1,9,3100,0,2,4,,2,027,"AUBURN FOLSOM RD. NORTHBOUND","DOUGLAS BLVD",270.00,N,N,B,-,N,,,,,,,,,,Y,2,0,1,2,A,-,07,21658,A,N,B,C,A,A,H,-,A,D,0,,,Y,,Y,,A,01,1,0,0,0,0,0,0,0,1,"- ","- ",38.744281768798828,-121.17056274414062,PLACER,UNINCORPORATED,-121.17060089111328,38.744190216064453
91024103,2019,2019-07-03,9220,2019-07-01,2040,017375,,1,2,9,3100,0,1,1,,2,282,"I-80 W/B","ROCK SPRINGS RD",150.00,W,N,A,-,Y,,,80,,,,,,W,Y,4,0,1,2,A,-,03,22350,,N,C,C,A,A,D,H,B,D,0,,,,Y,Y,,G,27,0,0,1,0,0,0,0,0,0,"- ","- ",38.844100952148438,-121.15638732910156,PLACER,UNINCORPORATED,-121.15643310546875,38.844161987304688
91029516,2019,2019-07-12,9222,2019-07-11,1535,017091,,4,2,9,3100,0,1,3,,1,011,"STATE ROUTE 89","SEQUOIA AVENUE (SOUTH)",38.00,S,N,A,-,Y,,,89,,,,,,,Y,4,0,1,2,A,-,03,22350,,N,C,C,A,A,H,-,A,A,0,,,,,Y,,A,01,0,0,1,0,0,0,0,0,0,"- ","- ",39.139389038085938,-120.15419769287109,PLACER,UNINCORPORATED,-120.15419769287109,39.139389038085938
91029612,2019,2019-07-12,9221,2019-07-06,1450,018579,,6,2,9,3100,0,1,1,,2,384,"I-80 W/B","CAPE HORN E",1030.00,W,N,A,-,Y,,,80,,,,,,W,Y,4,0,5,6,A,-,03,22350,,N,C,C,A,A,H,-,A,D,0,,,,,Y,,A,01,0,0,5,0,0,0,0,0,0,"- ","- ",39.151290893554688,-120.89546203613281,PLACER,UNINCORPORATED,-120.89547729492188,39.151321411132812
91033632,2019,2019-07-18,9220,2019-03-26,1510,017818,,2,2,9,3100,0,2,4,,2,064,"FORESTHILL RD","PONDEROSA WAY",670.00,E,N,B,-,N,,,,,,,,,,Y,1,1,0,1,A,-,08,22107,,N,E,I,A,A,H,-,A,D,0,,,,,Y,,A,01,0,0,0,0,0,0,0,0,0,"- ","- ",38.998580932617188,-120.91858673095703,PLACER,UNINCORPORATED,-120.91818237304688,38.998519897460938
91033681,2019,2019-07-18,9220,2019-07-16,1745,017863,,2,2,9,3100,0,1,1,,2,281,"I-80 W/B","ATLANTIC ST. OVERCROSSING",1056.00,W,N,A,-,Y,,,,,,,,,,Y,4,0,3,3,A,-,03,22350,,N,C,C,A,A,H,-,A,D,0,,,,,Y,,D,22,0,0,3,0,0,0,0,0,0,"- ","- ",38.754840850830078,-121.26386260986328,PLACER,UNINCORPORATED,,
91035729,2019,2019-07-23,9222,2019-07-05,1835,019233,,5,2,9,3100,0,3,5,,2,010,"PINE ST","SR-89 (W. LAKE BLVD.)",35.00,W,N,A,-,N,,,,,,,,,,N,4,0,1,2,A,-,09,21804,A,N,D,G,A,A,H,-,A,A,0,,Y,,,Y,,L,04,0,0,1,0,0,0,1,0,0,"- ","- ",39.067428588867188,-120.12857818603516,PLACER,UNINCORPORATED,-120.12862396240234,39.067378997802734
91035940,2019,2019-07-23,9220,2019-07-17,0815,016429,,3,1,5,3105,0,1,1,,2,281,"I-80 E/B","DOUGLAS BLVD",3696.00,W,N,A,-,Y,,,,,,,,,,N,4,0,1,2,A,-,03,22350,,N,C,C,A,A,H,-,A,D,0,,,,,Y,,E,22,0,0,1,0,0,0,0,0,0,"- ","- ",38.440658569335938,-121.16432189941406,PLACER,ROSEVILLE,-121.27808380126953,38.735813140869141
91036061,2019,2019-07-23,9220,2019-07-19,1330,014438,,5,1,4,3104,0,1,1,,2,281,"I-80 WESTBOUND",SR-65,1600.00,E,N,A,-,Y,,,80,,,,,,W,Y,4,0,1,3,A,-,03,22350,,N,C,C,A,A,H,-,A,D,0,,,,,Y,,D,22,0,0,1,0,0,0,0,0,0,"- ","- ",38.773509979248047,-121.24337768554688,PLACER,ROCKLIN,-121.24330139160156,38.773380279541016
9103645,2020,2020-11-02,3105,2020-05-05,1555,369,,2,5,5,3105,0,0,0,,0,002,"CIRBY WY","PARKVIEW DR",95.00,E,N,A,-,N,,,,,,,,,,N,4,0,1,2,A,-,03,22350,,F,C,C,A,A,H,-,A,A,0,,,,,Y,,-,99,0,0,1,0,0,0,0,0,0,"- ","- ",,,PLACER,ROSEVILLE,-121.26160430908203,38.729568481445312
91040512,2019,2019-07-29,9220,2019-07-28,0114,017027,,7,3,4,3104,0,1,1,,2,281,"I-80 W/B","ROCKLIN RD",100.00,E,N,A,-,Y,,,80,,,,,,W,Y,3,0,2,2,A,-,03,22350,,N,C,C,A,A,H,-,C,D,0,,,,,Y,,D,22,0,2,0,0,0,0,0,0,0,"- ","- ",38.788810729980469,-121.22241973876953,PLACER,ROCKLIN,-121.22242736816406,38.788814544677734
91044484,2019,2019-08-02,9220,2019-07-20,1625,015272,,6,2,9,3100,0,3,5,,2,040,"SISSON LN","LONE STAR RD",8501.00,N,N,A,-,N,,,,,,,,,,Y,4,0,1,1,A,-,08,22107,,N,E,I,A,A,A,-,A,D,0,,,,,Y,,A,07,0,0,1,0,0,0,0,0,0,"- ","- ",39.012599945068359,-121.08080291748047,PLACER,UNINCORPORATED,-121.12455749511719,39.01483154296875
91045403,2019,2019-08-05,9220,2019-07-28,1535,017375,,7,2,9,3100,0,1,1,,2,283,"SR-49 (GRASS VALLEY HIGHWAY)","LIVE OAK LN",6.00,S,N,A,-,Y,,,49,,,,,,,Y,4,0,1,2,A,-,09,21801,A,N,D,C,A,A,H,-,A,D,0,,,,,Y,,A,01,0,0,1,0,0,0,0,0,0,"- ","- ",38.925060272216797,-121.08486175537109,PLACER,UNINCORPORATED,-121.08477783203125,38.925132751464844
91045423,2019,2019-08-05,9220,2019-07-11,1745,017863,,4,2,5,3105,0,1,1,,2,281,"I-80 E/B","DOUGLAS BLVD. OFF RAMP",2640.00,W,N,A,-,Y,,,80,,,,,,E,N,3,0,1,2,A,-,03,22350,,F,C,C,A,A,H,-,A,D,0,,,,,Y,,A,01,0,1,0,0,0,0,0,0,0,"- ","- ",38.737758636474609,-121.27606964111328,PLACER,ROSEVILLE,-121.27603912353516,38.737728118896484
91046135,2019,2019-08-06,9220,2019-08-01,1712,017863,,4,2,9,3100,0,1,1,,2,282,"I-80 E/B","PENRYN RD. OVERCROSSING",1584.00,W,N,A,-,Y,,,80,,,,,,E,Y,3,0,2,2,A,-,04,21703,,N,C,C,A,A,H,-,A,D,0,,,,,Y,,D,22,0,2,0,0,0,0,0,0,0,"- ","- ",38.831428527832031,-121.17146301269531,PLACER,UNINCORPORATED,-121.17145538330078,38.8314208984375
91046678,2019,2019-08-06,9221,2019-07-28,1405,018530,,7,2,9,3100,0,1,1,,2,384,"I-80 E/B","CAPE HORN RD",528.00,E,N,A,-,Y,,,80,,,,,,E,Y,3,0,1,2,A,-,01,23152,F,N,C,C,A,A,H,-,A,D,0,,,,,Y,,A,01,0,1,0,0,0,0,0,0,0,"- ","- ",39.139999389648438,-120.91600036621094,PLACER,UNINCORPORATED,-120.91610717773438,39.140151977539062
91049996,2019,2019-08-12,9222,2019-08-04,1200,019333,,7,1,9,3100,0,3,5,,2,010,"SR-89 SOUTH","SAINT MICHAELS COURT",0.00,,Y,A,-,Y,,,89,,,,,,,N,3,0,2,1,A,-,08,22107,,N,F,A,A,A,H,-,A,D,0,,,Y,,Y,,C,02,0,2,0,0,0,0,0,0,2,"- ","- ",39.112339019775391,-120.15868377685547,PLACER,UNINCORPORATED,-120.15863037109375,39.112308502197266
91050927,2019,2019-08-13,9220,2019-08-02,2306,013465,,5,3,5,3105,0,1,1,,2,281,"I-80 E/B TO RIVERSIDE AVE","RIVERSIDE AVE",99.00,W,N,A,-,Y,,,80,,,,R,,E,Y,4,0,1,1,A,-,03,22350,,N,E,I,A,A,H,-,A,D,0,,,,,Y,,A,01,0,0,1,0,0,0,0,0,0,"- ","- ",38.722930908203125,-121.29093170166016,PLACER,ROSEVILLE,-121.29093170166016,38.722930908203125
91050974,2019,2019-08-13,9220,2019-08-02,2253,017375,,5,3,5,3105,0,1,1,,2,283,"SR-65 N/B","PLEASANT GROVE BLVD",350.00,S,N,A,-,Y,,,65,,,,,,N,Y,3,0,1,2,A,-,03,22350,,N,C,C,A,A,H,-,C,D,0,,,,,Y,,A,01,0,1,0,0,0,0,0,0,0,"- ","- ",38.786048889160156,-121.28286743164062,PLACER,ROSEVILLE,-121.28287506103516,38.786045074462891
91052007,2019,2019-08-14,9220,2019-07-25,1600,016682,,4,2,9,3100,0,3,5,,2,060,"FORESTHILL RD","SUNSET DR",30.00,N,N,A,-,N,,,,,,,,,,N,4,0,1,2,A,-,08,22107,,N,B,C,A,A,H,-,A,D,0,,,,,Y,,D,22,0,0,1,0,0,0,0,0,0,"- ","- ",39.020988464355469,-120.8138427734375,PLACER,UNINCORPORATED,-120.8306884765625,39.018028259277344
91056522,2019,2019-08-21,9220,2019-08-12,0825,016682,,1,1,9,3100,0,1,1,,2,282,"I-80 E/B","MAPLE ST",78.00,W,N,A,-,Y,,,,,,,,,,Y,3,0,1,1,A,-,01,23152,A,N,E,I,A,A,H,-,A,D,0,,,Y,,Y,Y,C,02,0,1,0,0,0,0,0,0,1,"- ","- ",38.929450988769531,-121.08927154541016,PLACER,UNINCORPORATED,-121.07831573486328,38.897136688232422
91057953,2019,2019-08-23,9222,2019-08-15,1130,017091,,4,1,9,3100,0,3,5,,2,010,"NATIONAL AVENUE","TOYON ROAD",0.00,,Y,A,-,N,,,,,,,,,,Y,3,0,2,2,A,-,09,21801,A,N,A,C,A,A,H,-,A,D,0,,,,,Y,,D,22,0,2,0,0,0,0,0,0,0,"- ","- ",39.243190765380859,-120.048828125,PLACER,UNINCORPORATED,-120.04875,39.243270000000003
91058160,2019,2019-08-23,9220,2019-08-11,1735,014611,,7,2,5,3105,0,1,1,,2,281,"I-80 E/B",SR-65,1500.00,E,N,A,-,Y,,,80,,,,,,E,Y,3,0,1,2,A,-,01,23152,A,N,B,C,A,A,H,-,A,D,0,,,,,Y,Y,A,01,0,1,0,0,0,0,0,0,0,"- ","- ",38.7723388671875,-121.24445343017578,PLACER,ROSEVILLE,-121.2445068359375,38.772434234619141
9105854,2020,2020-08-12,3105,2020-05-30,2500,1133,,6,5,5,3105,0,0,0,,0,003,"COLOMA WY","SUNRISE AV",0.00,,Y,A,-,N,,,,,,,,,,Y,3,0,1,2,A,-,12,21453,A,N,D,C,A,A,H,-,A,A,0,,,,,Y,,A,08,0,1,0,0,0,0,0,0,0,"- ","- ",38.736778259277344,-121.27201080322266,PLACER,ROSEVILLE,-121.27201080322266,38.736770629882812
9105942,2020,2020-08-11,3105,2020-05-28,0300,1085,,4,5,5,3105,0,0,0,,0,002,"SUNRISE AV","MADDEN LN",0.00,,Y,A,-,N,,,,,,,,,,Y,3,0,1,1,A,-,01,23152,F,N,E,I,A,A,H,-,C,D,0,,,,,Y,,A,01,0,1,0,0,0,0,0,0,0,"- ","- ",38.73175048828125,-121.27205657958984,PLACER,ROSEVILLE,-121.27205657958984,38.73175048828125
91059559,2019,2019-08-26,9220,2019-08-20,1747,017863,,2,2,5,3105,0,1,3,,1,265,"SR-65 S/B FROM BLUE OAKS BLVD. W/B","BLUE OAKS BLVD. OVERCROSSING",400.00,N,N,B,-,Y,,,65,,,,R,,S,Y,3,0,1,3,A,-,03,22350,,N,C,C,A,A,H,-,A,A,0,,,,,Y,,A,01,0,1,0,0,0,0,0,0,0,"- ","- ",38.797691345214844,-121.29908752441406,PLACER,ROSEVILLE,-121.29908752441406,38.797691345214844
9106179,2020,2020-11-24,3105,2020-05-22,0955,343,,5,5,5,3105,0,0,0,,0,001,"ROSEVILLE PKWY","GALLERIA BL",89.00,E,N,A,-,N,,,,,,,,,,N,3,0,1,2,A,-,03,22350,,N,C,C,A,A,H,-,A,A,0,,,,,Y,,A,01,0,1,0,0,0,0,0,0,0,"- ","- ",,,PLACER,ROSEVILLE,-121.26560974121094,38.768779754638672
91062403,2019,2019-08-29,9220,2019-08-19,0605,016682,,1,1,9,3100,0,1,3,,1,249,"GRASS VALLEY HWY","HULBERT WAY",0.00,,Y,A,-,Y,,,,,,,,,,Y,4,0,1,3,A,-,09,21453,C,N,D,C,A,A,H,-,A,A,0,,,,,Y,,A,01,0,0,1,0,0,0,0,0,0,"- ","- ",38.929901123046875,-121.08833312988281,PLACER,UNINCORPORATED,-121.089111328125,38.929458618164062
91064264,2019,2019-08-30,9220,2019-08-21,1630,017863,,3,2,5,3105,0,1,3,,1,265,"SR-65 S/B","PLEASANT GROVE BLVD. OVERCROSSING",1200.00,N,N,A,-,Y,,,65,,,,,,S,Y,3,0,1,2,A,-,03,22350,,N,C,C,A,A,H,-,A,D,0,,,Y,,Y,,A,01,0,1,0,0,0,0,0,0,1,"- ","- ",38.788360595703125,-121.28798675537109,PLACER,ROSEVILLE,-121.28798675537109,38.788368225097656
91064417,2019,2019-08-30,9220,2019-08-25,1105,013794,,7,1,9,3100,0,3,5,,2,050,"RACQUET CLUB DRIVE","LUTHER ROAD",150.00,N,N,A,-,N,,,,,,,,,,Y,3,0,1,1,C,-,18,,,N,E,I,A,A,H,-,A,D,0,,,,,Y,,-,"- ",0,1,0,0,0,0,0,0,0,"- ","- ",38.928600311279297,-121.07089996337891,PLACER,UNINCORPORATED,-121.07089996337891,38.928192138671875
91065634,2019,2019-09-03,9221,2019-08-25,0700,015950,,7,1,9,3100,0,1,1,,2,386,"I-80 WESTBOUND","CARPENTER FLAT ROAD",650.00,W,N,A,-,Y,,,80,,,,,,W,Y,3,0,2,1,A,-,01,23152,A,N,A,I,A,A,H,-,A,A,0,,,,,Y,Y,A,01,0,2,0,0,0,0,0,0,0,"- ","- ",39.301708221435547,-120.66327667236328,PLACER,UNINCORPORATED,-120.66324615478516,39.301570892333984
9106630,2020,2020-08-19,3105,2020-06-02,1456,369,,2,5,5,3105,0,0,0,,0,007,"VILLAGE GREEN DR","KENNERLEIGH PKWY",0.00,,Y,A,-,N,,,,,,,,,,Y,3,0,1,2,A,-,01,23152,A,N,D,C,A,A,H,-,A,A,0,,,,,Y,Y,A,01,0,1,0,0,0,0,0,0,0,"- ","- ",,,PLACER,ROSEVILLE,-121.36196899414062,38.776870727539062
91067504,2019,2019-09-04,9220,2019-08-28,1515,017863,,3,2,9,3100,0,1,3,,1,249,"SR-49 N/B","BEAR RIVER",100.00,S,N,A,-,Y,,,49,,,,,,N,Y,3,0,1,1,A,-,08,22107,,N,F,A,A,A,H,-,A,D,0,,Y,,,Y,,L,04,0,1,0,0,0,0,1,0,0,"- ","- ",39.011211395263672,-121.10456085205078,PLACER,UNINCORPORATED,-121.1046142578125,39.01123046875
91067584,2019,2019-09-04,9220,2019-08-29,0138,016657,,4,3,9,3100,0,1,1,,2,283,"I-80 W/B","RUSSELL RD",450.00,E,N,A,-,Y,,,80,,,,,,W,Y,3,0,1,1,A,-,01,23152,A,N,E,I,A,A,H,-,D,D,0,,,,,Y,Y,A,01,0,1,0,0,0,0,0,0,0,"- ","- ",38.912601470947266,-121.06710052490234,PLACER,UNINCORPORATED,-121.06678009033203,38.912353515625
91069238,2019,2019-09-06,9220,2019-08-28,1638,017482,,3,2,9,3100,0,2,4,,2,027,"AUBURN FOLSOM RD","PIONEER LN",77.00,N,N,A,-,N,,,,,,,,,,Y,3,0,1,1,A,-,08,22107,,N,E,I,A,A,H,-,A,D,0,,,,,Y,,A,01,0,1,0,0,0,0,0,0,0,"- ","- ",38.802841186523438,-121.13198852539062,PLACER,UNINCORPORATED,-121.13189697265625,38.802780151367188
91069611,2019,2019-09-06,9220,2019-08-30,1740,014282,,5,2,9,3100,0,1,3,,2,293,SR-193,"MAIN ST",2640.00,W,N,A,-,Y,,,193,,,,,,,Y,3,0,3,2,A,-,08,22107,,N,A,C,A,A,H,-,A,D,0,,,,,Y,,A,01,0,3,0,0,0,0,0,0,0,"- ","- ",38.878730773925781,-121.14002227783203,PLACER,UNINCORPORATED,-121.14002990722656,38.8787841796875
9107059,2020,2020-11-24,3105,2020-08-29,1304,1141,,6,5,5,3105,0,0,0,,0,005,"PLEASANT GROVE BL","RT 65",78.00,W,N,A,-,Y,PLA,3,65,-,R,6.877,R,4,S,Y,3,0,2,3,A,-,03,22350,,N,C,C,A,A,H,-,A,A,0,,,,,Y,,A,01,0,1,1,0,0,0,0,0,0,"- ",SO,38.785659790039062,-121.28648376464844,PLACER,ROSEVILLE,-121.28044128417969,38.78460693359375
91070603,2019,2019-09-09,9220,2019-09-06,1245,014438,,5,1,9,3100,0,2,4,,2,075,"TAYLOR RD.","PENRYN RD",75.00,N,N,A,-,N,,,,,,,,,,N,4,0,1,2,A,-,03,22350,,N,C,C,A,A,H,-,A,D,0,,,,,Y,,A,07,0,0,1,0,0,0,0,0,0,"- ","- ",38.844890594482422,-121.16903686523438,PLACER,UNINCORPORATED,-121.16909027099609,38.844856262207031
91070758,2019,2020-01-07,9220,2019-09-04,1000,016429,,3,1,5,3105,0,1,1,,2,281,"I-80 W/B","DOUGLAS BLVD",1700.00,W,N,A,-,Y,,,,,,,,,,Y,4,0,1,1,A,-,08,22107,,N,F,A,A,A,H,-,A,D,0,,,Y,,Y,,C,02,0,0,1,0,0,0,0,0,1,"- ","- ",38.442348480224609,-121.16262817382812,PLACER,ROSEVILLE,-121.27385711669922,38.740020751953125
91072669,2019,2019-09-11,9220,2019-06-01,2354,016685,,6,3,9,3100,0,1,1,,2,283,"I-80 E/B","PLACER HILLS ROAD O/C",7392.00,E,N,B,F,Y,,,80,,,,,,E,Y,3,0,2,2,A,-,03,22350,,N,C,C,A,A,H,-,D,D,0,,,,,Y,,A,07,0,1,1,0,0,0,0,0,0,"- ","- ",38.987461090087891,-121.00337219238281,PLACER,UNINCORPORATED,-121.00339508056641,38.987480163574219
91074302,2019,2019-09-13,9220,2019-09-06,1255,016657,,5,1,4,3104,0,1,1,,2,281,"I-80 W/B","SR-65 N/B",3700.00,E,N,A,-,Y,,,80,,,,,,W,Y,4,0,2,3,A,-,03,22350,,N,C,C,A,A,H,-,A,D,0,,,,,Y,,A,01,0,0,2,0,0,0,0,0,0,"- ","- ",38.776699066162109,-121.2384033203125,PLACER,ROCKLIN,-121.23828125,38.776512145996094
91075139,2019,2019-09-16,9220,2019-09-04,1545,015272,,3,2,4,3104,1,1,1,,2,281,"I-80 W/B",SR-65,2870.00,E,N,A,-,Y,,,,,,,,,,Y,4,0,2,4,A,-,03,22350,,N,C,C,A,A,H,-,A,D,0,,,,,Y,,A,07,0,0,2,0,0,0,0,0,0,"- ","- ",38.462398529052734,-121.14360046386719,PLACER,ROCKLIN,,
91075241,2019,2019-09-16,9221,2019-09-08,2135,019869,,7,2,9,3100,0,1,1,,2,384,"I-80 W/B",SR-174,14256.00,E,N,A,-,Y,,,80,,,,,,W,Y,4,0,1,5,A,-,17,23114,A,N,H,A,A,A,H,-,D,D,0,,,,Y,Y,,G,25,0,0,1,0,0,0,0,0,0,"- ","- ",39.132778167724609,-120.93534851074219,PLACER,UNINCORPORATED,-120.93534851074219,39.132774353027344
91075255,2019,2019-09-16,9220,2019-09-04,2049,017863,,3,2,9,3100,0,1,3,,1,249,"SR-49 N/B","LOCKSLEY LN.",140.00,N,N,A,-,Y,,,49,,,,,,N,Y,3,0,4,2,A,-,09,21802,A,N,B,C,A,A,H,-,D,A,0,,,,,Y,,A,01,0,3,1,0,0,0,0,0,0,"- ","- ",38.950721740722656,-121.10001373291016,PLACER,UNINCORPORATED,-121.10007476806641,38.950695037841797
91075467,2019,2019-09-16,9220,2019-09-07,1415,014282,,6,2,9,3100,0,2,4,,2,071,"SIERRA COLLEGE BLVD","HEATHER DR",166.00,S,N,B,-,N,,,,,,,,,,Y,3,0,2,3,A,-,03,22350,,N,C,C,A,A,H,-,A,D,0,,,,,Y,,A,01,0,1,1,0,0,0,0,0,0,"- ","- ",38.879749298095703,-121.23798370361328,PLACER,UNINCORPORATED,-121.23801422119141,38.880012512207031
91075539,2019,2019-09-16,9220,2019-09-13,2145,013465,,5,2,9,3100,0,1,1,,2,282,"I-80 E/B","PENRYN RD",3960.00,E,N,A,-,Y,,,80,,,,,,E,Y,4,0,3,3,A,-,03,22350,,N,C,C,A,A,H,-,D,D,0,,,,,Y,,A,07,0,0,3,0,0,0,0,0,0,"- ","- ",38.842048645019531,-121.15876770019531,PLACER,UNINCORPORATED,-121.15873718261719,38.842006683349609
91075550,2019,2019-09-16,9220,2019-09-13,0955,014438,,5,1,9,3100,0,2,4,,2,072,"WISE RD.","MILLERTOWN RD",1050.00,N,N,A,-,N,,,,,,,,,,Y,4,0,2,2,A,-,03,22350,,N,A,C,A,A,H,-,A,D,0,,,,,Y,,D,22,0,0,2,0,0,0,0,0,0,"- ","- ",38.891368865966797,-121.11026000976562,PLACER,UNINCORPORATED,-121.10993194580078,38.89111328125
91081078,2019,2019-09-23,9220,2019-09-16,0630,014699,,1,1,9,3100,0,1,1,,2,282,"I-80 W/B","PENRYN RD",1505.00,E,N,B,C,Y,,,80,,,,,,W,Y,3,0,1,2,A,-,03,22350,,N,C,C,A,B,H,-,C,D,0,,,,,Y,,A,07,0,1,0,0,0,0,0,0,0,"- ","- ",38.835800170898438,-121.16770172119141,PLACER,UNINCORPORATED,-121.16721343994141,38.835197448730469
91081093,2019,2019-09-23,9220,2019-09-17,0735,016429,,2,1,9,3100,0,2,4,,2,022,"DOUGLAS BLVD","DOUGLAS RANCH DR",210.00,E,N,A,-,N,,,,,,,,,,Y,3,0,2,2,A,-,07,21658,A,N,B,C,A,A,H,-,A,D,0,,,,,Y,,A,07,0,1,1,0,0,0,0,0,0,"- ","- ",38.443901062011719,-121.12149810791016,PLACER,UNINCORPORATED,-121.20443725585938,38.744369506835938
91081542,2019,2019-09-24,9220,2019-09-16,1520,013856,,1,2,9,3100,0,2,4,,2,027,"AUBURN FOLSOM RD.","PINE GATE WAY",0.00,,Y,A,-,N,,,,,,,,,,N,3,0,1,2,A,-,09,21804,A,N,G,B,D,A,H,-,A,D,0,Y,,,,Y,,D,22,0,1,0,0,1,0,0,0,0,"- ","- ",38.323219299316406,-121.33219909667969,PLACER,UNINCORPORATED,-121.16005706787109,38.766998291015625
91085841,2019,2019-09-27,9220,2019-09-13,1758,016391,,5,2,9,3100,0,3,5,,2,060,"SPRING GARDENS ROAD","YANKEE JIM ROAD",2640.00,W,N,A,-,N,,,,,,,,,,Y,4,0,1,1,A,-,01,23152,A,N,F,A,A,A,H,-,A,D,0,,,,,Y,Y,D,22,0,0,1,0,0,0,0,0,0,"- ","- ",39.016429901123047,-120.88185882568359,PLACER,UNINCORPORATED,-120.86848449707031,39.025260925292969
91086758,2019,2019-09-30,9220,2019-09-20,1420,017482,,5,2,9,3100,0,3,5,,2,060,"TODD VALLEY RD","GREEN LEAF LN",140.00,N,N,A,-,N,,,,,,,,,,Y,3,0,1,1,C,-,18,,,N,E,I,A,A,H,-,A,D,0,,,,,Y,,-,"- ",0,1,0,0,0,0,0,0,0,"- ","- ",38.989841461181641,-120.88292694091797,PLACER,UNINCORPORATED,-120.8828125,38.989822387695312
91088271,2019,2019-10-01,9220,2019-08-27,1217,016682,,2,1,5,3105,0,2,S,,2,901,"MINERS RAVINE TRAIL (PUBLIC BIKE PATH)","EUREKA RD",568.00,W,N,A,-,N,,,,,,,,,,N,3,0,1,1,B,-,22,,,N,E,I,A,A,H,-,A,D,0,,,Y,,Y,,C,02,0,1,0,0,0,0,0,0,1,"- ","- ",38.756008148193359,-121.26036834716797,PLACER,ROSEVILLE,-121.26036071777344,38.756000518798828
91089804,2019,2019-10-03,9220,2019-09-28,0215,017397,,6,3,9,3100,0,3,5,,2,020,"BARTON RD","OLIVE RANCH RD",8.00,S,N,B,-,N,,,,,,,,,,Y,3,0,1,1,A,-,01,23152,A,N,E,I,A,A,H,-,C,D,0,,,,,Y,Y,A,01,0,1,0,0,0,0,0,0,0,"- ","- ",38.752250671386719,-121.19181823730469,PLACER,UNINCORPORATED,-121.19181060791016,38.752311706542969