CASE_ID,ACCIDENT_YEAR,PROC_DATE,JURIS,COLLISION_DATE,COLLISION_TIME,OFFICER_ID,REPORTING_DISTRICT,DAY_OF_WEEK,CHP_SHIFT,POPULATION,CNTY_CITY_LOC,SPECIAL_COND,BEAT_TYPE,CHP_BEAT_TYPE,CITY_DIVISION_LAPD,CHP_BEAT_CLASS,BEAT_NUMBER,PRIMARY_RD,SECONDARY_RD,DISTANCE,DIRECTION,INTERSECTION,WEATHER_1,WEATHER_2,STATE_HWY_IND,CALTRANS_COUNTY,CALTRANS_DISTRICT,STATE_ROUTE,ROUTE_SUFFIX,POSTMILE_PREFIX,POSTMILE,LOCATION_TYPE,RAMP_INTERSECTION,SIDE_OF_HWY,TOW_AWAY,COLLISION_SEVERITY,NUMBER_KILLED,NUMBER_INJURED,PARTY_COUNT,PRIMARY_COLL_FACTOR,PCF_CODE_OF_VIOL,PCF_VIOL_CATEGORY,PCF_VIOLATION,PCF_VIOL_SUBSECTION,HIT_AND_RUN,TYPE_OF_COLLISION,MVIW,PED_ACTION,ROAD_SURFACE,ROAD_COND_1,ROAD_COND_2,LIGHTING,CONTROL_DEVICE,CHP_ROAD_TYPE,PEDESTRIAN_ACCIDENT,BICYCLE_ACCIDENT,MOTORCYCLE_ACCIDENT,TRUCK_ACCIDENT,NOT_PRIVATE_PROPERTY,ALCOHOL_INVOLVED,STWD_VEHTYPE_AT_FAULT,CHP_VEHTYPE_AT_FAULT,COUNT_SEVERE_INJ,COUNT_VISIBLE_INJ,COUNT_COMPLAINT_PAIN,COUNT_PED_KILLED,COUNT_PED_INJURED,COUNT_BICYCLIST_KILLED,COUNT_BICYCLIST_INJURED,COUNT_MC_KILLED,COUNT_MC_INJURED,PRIMARY_RAMP,SECONDARY_RAMP,LATITUDE,LONGITUDE,COUNTY,CITY,POINT_X,POINT_Y
91266269,2020,2020-07-09,9220,2020-07-07,1620,013465,,2,2,5,3105,0,1,3,,1,265,"SR-65 S/B FROM PLEASANT GROVE BLVD.","PLEASANT GROVE BLVD",117.00,N,N,A,-,Y,,,65,,,,R,,S,Y,4,0,1,2,A,-,03,22350,,N,B,C,A,A,H,-,A,A,0,,,,,Y,,A,01,0,0,1,0,0,0,0,0,0,"- ","- ",38.786548614501953,-121.28472137451172,PLACER,ROSEVILLE,-121.28472137451172,38.786548614501953
91268257,2020,2020-07-14,9220,2020-07-02,1040,015272,,4,1,9,3100,0,2,4,,1,013,"WALERGA RD","DOYLE RANCH DR",837.00,S,N,A,-,N,,,,,,,,,,Y,3,0,1,4,A,-,16,24002,A,N,D,C,A,A,H,-,A,D,0,,,,,Y,,B,07,0,1,0,0,0,0,0,0,0,"- ","- ",38.123458862304688,-121.12345886230469,PLACER,UNINCORPORATED,-121.36469268798828,38.738021850585938
91269161,2020,2020-07-15,9220,2020-07-10,1445,013465,,5,2,9,3100,0,3,5,,2,010,"SUNSET BLVDW","AMORUSO WAY",3168.00,E,N,A,-,N,,,,,,,,,,Y,3,0,1,1,A,-,01,23152,A,N,E,I,A,A,H,-,A,D,0,,,,,Y,Y,D,22,0,1,0,0,0,0,0,0,0,"- ","- ",38.824089050292969,-121.37375640869141,PLACER,UNINCORPORATED,-121.37979888916016,38.824371337890625
91269748,2020,2020-07-16,9220,2020-07-11,1800,014611,,6,2,5,3105,0,1,3,,1,265,"SR-65 N/B","BLUE OAKS BLVD",1056.00,S,N,A,-,Y,,,65,,,,,,N,Y,2,0,1,1,A,-,08,22107,,N,E,I,A,A,H,-,A,D,0,,,,,Y,,A,01,1,0,0,0,0,0,0,0,0,"- ","- ",38.790859222412109,-121.29193878173828,PLACER,ROSEVILLE,-121.29199981689453,38.790763854980469
91271750,2020,2020-07-21,9220,2020-07-10,2013,017482,,5,2,9,3100,0,2,4,,2,027,"AUBURN FOLSOM RD","WILLOW VALLEY PL",0.00,,N,A,-,N,,,,,,,,,,Y,2,0,2,2,A,-,01,23152,A,N,A,C,A,A,H,-,B,D,0,,,,,Y,Y,D,22,2,0,0,0,0,0,0,0,0,"- ","- ",38.791149139404297,-121.13935089111328,PLACER,UNINCORPORATED,-121.13906860351562,38.791580200195312
91274908,2020,2020-07-27,9220,2020-07-15,1325,019040,,3,1,9,3100,0,1,3,,1,249,SR-49,"ATWOOD LN",0.00,,Y,A,-,Y,,,49,,,,,,,Y,4,0,1,2,A,-,12,21453,A,N,D,C,A,A,H,-,A,A,0,,,,,Y,,A,07,0,0,1,0,0,0,0,0,0,"- ","- ",38.935161590576172,-121.09326934814453,PLACER,UNINCORPORATED,-121.09327697753906,38.935153961181641
91275826,2020,2020-07-28,9220,2020-07-23,1015,019148,,4,1,9,3100,0,3,5,,2,040,"DRY CREEK RD.",SR-49,265.00,W,N,A,-,Y,,,,,,,,,,Y,3,0,1,2,A,-,09,21804,A,N,D,C,A,A,H,-,A,D,0,,,,,Y,,A,01,0,1,0,0,0,0,0,0,0,"- ","- ",38.956630706787109,-121.10237884521484,PLACER,UNINCORPORATED,-121.10228729248047,38.956626892089844
91278728,2020,2020-07-31,9220,2020-07-27,2100,017027,,1,2,2,3103,0,1,3,,1,265,"SR-65 S/B","TWELVE BRIDGES DR",200.00,N,N,A,-,Y,,,65,,,,,,S,Y,3,0,1,2,A,-,08,22107,,N,C,C,A,A,H,-,C,D,0,,,,,Y,,A,01,0,1,0,0,0,0,0,0,0,"- ","- ",38.851131439208984,-121.30000305175781,PLACER,LINCOLN,-121.29996490478516,38.851131439208984
91280594,2020,2020-08-04,9220,2020-07-30,1745,016616,,4,2,9,3100,0,3,5,,2,010,"VINEYARD RD","EVA LN",1300.00,W,N,A,-,N,,,,,,,,,,Y,4,0,1,2,A,-,03,22350,,N,C,C,A,A,H,-,A,D,0,,,,,Y,,A,01,0,0,1,0,0,0,0,0,0,"- ","- ",38.743698120117188,-121.33045959472656,PLACER,UNINCORPORATED,-121.32994842529297,38.743686676025391
91280998,2020,2020-08-05,9220,2020-07-27,1705,016031,,1,2,9,3100,0,1,1,,2,282,"I-80 E/B",SR-193,1056.00,E,N,A,-,Y,,,80,,,,,,E,Y,4,0,2,3,A,-,03,22350,,N,C,C,A,A,H,-,A,D,0,,,,,Y,,A,07,0,0,2,0,0,0,0,0,0,"- ","- ",38.878368377685547,-121.12149047851562,PLACER,UNINCORPORATED,-121.12149047851562,38.878376007080078
91281197,2020,2020-08-05,9220,2020-07-31,1630,016616,,5,2,9,3100,0,2,4,,1,013,"WALERGA RD.","PFE RD.",150.00,N,N,A,-,N,,,,,,,,,,N,4,0,1,2,A,-,03,22350,,N,C,C,A,A,H,-,A,D,0,,,,,Y,,D,22,0,0,1,0,0,0,0,0,0,"- ","- ",38.728939056396484,-121.36466217041016,PLACER,UNINCORPORATED,-121.36464691162109,38.729221343994141
91282257,2020,2020-08-07,9220,2020-07-30,1545,15060,,4,2,9,3100,0,2,4,,2,022,"DOUGLAS BLVD","BARTON RD.",0.00,,Y,A,-,N,,,,,,,,,,Y,3,0,1,2,A,-,12,21453,A,N,D,C,A,A,H,-,A,A,0,,,,,Y,,D,22,0,1,0,0,0,0,0,0,0,"- ","- ",38.744068145751953,-121.18923950195312,PLACER,UNINCORPORATED,-121.18919372558594,38.744068145751953
91283365,2020,2020-08-10,9220,2020-08-06,1025,018768,,4,1,9,3100,0,1,3,,1,249,SR-49,"LOCKSLEY LN",20.00,S,N,A,-,Y,,,49,,,,,,,Y,2,0,2,3,A,-,03,22350,,N,C,C,A,A,H,-,A,A,0,,,,,Y,,A,01,1,0,1,0,0,0,0,0,0,"- ","- ",38.950168609619141,-121.09992980957031,PLACER,UNINCORPORATED,-121.09989929199219,38.950180053710938
91286944,2020,2020-08-17,9220,2020-08-06,1620,016682,,4,2,9,3100,0,1,3,,1,267,"RIOSA RD","SR-65 N/B",12.00,E,N,A,-,Y,,,,,,,,,,N,4,0,1,2,A,-,03,22350,,N,C,C,A,A,H,-,A,A,0,,,,,Y,,D,22,0,0,1,0,0,0,0,0,0,"- ","- ",38.979091644287109,-121.38236236572266,PLACER,UNINCORPORATED,,
91287865,2020,2020-08-27,9220,2020-08-06,1120,013975,,4,1,2,3103,0,1,3,,1,267,"STATE ROUTE 65 S/B","NELSON LANE",140.00,N,N,A,-,Y,,,,,,,,,,N,3,0,1,2,A,-,07,21658,A,N,B,C,A,A,H,-,A,D,0,,,Y,,Y,,A,01,0,1,0,0,0,0,0,0,1,"- ","- ",38.886020660400391,-121.33940124511719,PLACER,LINCOLN,,
91287997,2020,2020-08-18,9222,2020-08-11,1618,017515,,2,2,9,3100,0,1,3,,1,011,"STATE  ROUTE 89 SOUTH","HAZEL AVENUE",148.00,S,N,A,-,Y,,,89,,,,,,,N,4,0,1,2,A,-,03,22350,,N,C,C,A,A,H,-,A,D,0,,,,,Y,,D,22,0,0,1,0,0,0,0,0,0,"- ","- ",39.102828979492188,-120.16326141357422,PLACER,UNINCORPORATED,-120.16327667236328,39.102832794189453
91288669,2020,2020-08-19,9220,2020-08-07,2045,016682,,5,2,9,3100,0,1,3,,1,265,"SR-65 N/B","TWELVE BRIDGES DR",211.00,S,N,A,-,Y,,,,,,,,,,N,4,0,2,2,A,-,07,21658,A,M,B,C,A,A,H,-,D,D,0,,,,,Y,,-,99,0,0,2,0,0,0,0,0,0,"- ","- ",38.844619750976562,-121.2996826171875,PLACER,UNINCORPORATED,,
91293986,2020,2020-08-27,9220,2020-08-11,2050,015272,,2,2,4,3104,0,1,3,,1,265,"SR-65 N/B","SUNSET BLVD",1908.00,S,N,A,-,Y,,,,,,,,,,Y,2,0,1,1,A,-,08,22107,,N,E,I,A,A,H,-,D,D,0,,,,,Y,,A,01,1,0,0,0,0,0,0,0,0,"- ","- ",38.123458862304688,-121.12345886230469,PLACER,ROCKLIN,-121.30003356933594,38.812122344970703
91296440,2020,2020-08-31,9220,2020-08-24,1135,018768,,1,1,9,3100,0,3,5,,2,010,"SOUTH LOOP RD","SUNSET BLVD",720.00,S,N,B,F,N,,,,,,,,,,Y,2,0,1,2,A,-,08,22107,,N,B,C,A,A,H,-,A,D,0,,,,,Y,,A,01,1,0,0,0,0,0,0,0,0,"- ","- ",38.815139770507812,-121.3043212890625,PLACER,UNINCORPORATED,-121.30430603027344,38.815284729003906
91296606,2020,2020-09-01,9221,2020-08-28,0855,017125,,5,1,9,3100,0,1,1,,2,388,"I-80 E/B","CISCO ROAD OVER CROSSING",1200.00,E,N,A,-,Y,,,80,,,,,,E,Y,4,0,3,3,A,-,03,22350,,N,C,C,A,A,H,-,A,D,0,,,Y,,Y,,C,02,0,0,3,0,0,0,0,0,3,"- ","- ",39.307468414306641,-120.54067993164062,PLACER,UNINCORPORATED,-120.54067993164062,39.307468414306641
91296779,2020,2020-09-01,9220,2020-08-26,1345,016031,,3,1,5,3105,0,1,3,,1,265,"S/B SR-65 FROM E/B PLEASANT GROVE BLVD.","PLEASANT GROVE BLVD",800.00,S,N,A,-,Y,,,65,,,,R,,,Y,4,0,1,2,A,-,03,22350,,N,C,C,A,A,H,-,A,A,0,,,,,Y,,A,01,0,0,1,0,0,0,0,0,0,"- ","- ",38.784671783447266,-121.28131103515625,PLACER,ROSEVILLE,-121.28131103515625,38.784671783447266
91297473,2020,2020-09-02,9220,2020-08-26,0430,014282,,3,3,9,3100,0,2,4,,2,071,"SIERRA COLLEGE BLVD","ENGLISH COLONY WY.",1584.00,S,N,A,-,N,,,,,,,,,,Y,4,0,1,1,A,-,08,22107,,N,E,I,A,A,H,-,D,D,0,,,,,Y,Y,A,01,0,0,1,0,0,0,0,0,0,"- ","- ",38.858898162841797,-121.21610260009766,PLACER,UNINCORPORATED,-121.21620941162109,38.858627319335938
91298428,2020,2020-09-03,9220,2020-08-24,1820,015272,,1,2,9,3100,0,3,5,,2,030,"MCCOURTNEY RD","W. WISE RD",2615.00,S,N,A,-,N,,,,,,,,,,Y,3,0,1,1,A,-,08,22107,,N,E,I,A,A,H,-,A,D,0,,,,,Y,,A,01,0,1,0,0,0,0,0,0,0,"- ","- ",38.123458862304688,-121.12345886230469,PLACER,UNINCORPORATED,-121.27484130859375,38.919410705566406
91299348,2020,2020-09-04,9220,2020-08-31,1215,018752,,1,1,9,3100,0,2,4,,2,042,"MOUNT VERNON RD","AYRES HOLMES RD",563.00,W,N,A,-,N,,,,,,,,,,Y,3,0,1,1,A,-,08,22107,,N,E,I,A,A,H,-,A,D,0,,,,,Y,,A,01,0,1,0,0,0,0,0,0,0,"- ","- ",38.933761596679688,-121.18376159667969,PLACER,UNINCORPORATED,-121.18362426757812,38.933788299560547
91299356,2020,2020-09-04,9220,2020-08-31,1630,015272,,1,2,9,3100,0,2,4,,2,015,"INDUSTRIAL AVE","LON MCANALLY LOOP",87.00,N,N,B,-,N,,,,,,,,,,Y,3,0,1,2,A,-,03,22350,,N,C,C,A,A,H,-,A,D,0,,,,,Y,,A,01,0,1,0,0,0,0,0,0,0,"- ","- ",38.123458862304688,-121.12345886230469,PLACER,UNINCORPORATED,-121.30712890625,38.826675415039062
91302577,2020,2020-09-10,9220,2020-09-08,1944,013465,,2,2,9,3100,0,2,4,,1,014,"PFE RD","SWORD DANCER DR",0.00,,Y,A,-,N,,,,,,,,,,Y,3,0,1,2,A,-,12,22450,A,N,C,C,A,A,H,-,C,A,0,,,,,Y,,A,01,0,1,0,0,0,0,0,0,0,"- ","- ",38.728851318359375,-121.36089324951172,PLACER,UNINCORPORATED,-121.3609619140625,38.728801727294922
91309571,2020,2020-09-23,9220,2020-09-02,1615,013975,,3,2,9,3100,0,2,4,,2,027,"AUBURN FOLSOM RD","BEALS POINT",0.00,,Y,A,-,N,,,,,,,,,,N,2,0,1,2,A,-,17,21451,A,N,D,G,A,A,H,-,A,A,0,,Y,,,Y,,A,01,1,0,0,0,0,0,1,0,0,"- ","- ",38.719200134277344,-121.17479705810547,PLACER,UNINCORPORATED,-121.17545318603516,38.71923828125
91312015,2020,2020-09-25,9222,2020-09-23,0515,017515,,3,3,9,3100,0,1,3,,1,014,"STATE ROUTE 28","LARDIN WAY",1056.00,W,N,A,-,Y,,,28,,,,,,,Y,4,0,2,1,A,-,08,22107,,N,E,I,A,A,H,-,D,D,0,,,,,Y,,A,01,0,0,2,0,0,0,0,0,0,"- ","- ",39.203521728515625,-120.09575653076172,PLACER,UNINCORPORATED,-120.09581756591797,39.203548431396484
91313113,2020,2020-09-28,9220,2020-09-20,1747,017863,,7,2,9,3100,0,3,5,,2,050,"MEADOW GATE RD.","ACORN WAY",400.00,W,N,A,-,N,,,,,,,,,,Y,3,0,1,1,A,-,08,22107,,N,E,I,A,A,H,-,A,D,0,,,,,Y,,A,01,0,1,0,0,0,0,0,0,0,"- ","- ",38.997669219970703,-121.01811981201172,PLACER,UNINCORPORATED,-121.01800537109375,38.997711181640625
91318518,2020,2020-11-09,9220,2020-09-21,0658,016685,,1,1,9,3100,0,1,3,,1,249,"SR-49 S/B","MASTERS COURT",100.00,N,N,A,-,Y,,,49,,,,,,S,Y,2,0,2,3,A,-,08,22107,,N,A,C,A,A,H,-,A,D,0,,,,Y,Y,,A,01,1,1,0,0,0,0,0,0,0,"- ","- ",38.937400817871094,-121.09559631347656,PLACER,UNINCORPORATED,-121.09539794921875,38.937507629394531
91318691,2020,2020-10-06,9221,2020-09-25,1015,017125,,5,1,9,3100,0,1,1,,2,388,"I-80 E/B","CISCO ROAD OVERCROSSING",3168.00,E,N,A,-,Y,,,80,,,,,,E,Y,2,0,2,1,A,-,08,22107,,N,E,I,A,A,H,-,A,D,0,,,,,Y,,A,01,1,1,0,0,0,0,0,0,0,"- ","- ",39.305191040039062,-120.53585052490234,PLACER,UNINCORPORATED,-120.53586578369141,39.30511474609375
91318727,2020,2020-10-06,9220,2020-10-03,0440,017397,,6,3,2,3103,0,3,5,,2,010,"ATHENS AVE","N. FOOTHILLS BLVD",2730.00,W,N,F,-,N,,,,,,,,,,Y,3,0,1,1,A,-,01,23152,F,N,F,I,A,A,H,-,C,D,0,,,,,Y,,A,01,0,1,0,0,0,0,0,0,0,"- ","- ",38.839038848876953,-121.33560943603516,PLACER,LINCOLN,-121.33548736572266,38.838951110839844
91321013,2020,2020-10-09,9220,2020-09-21,2210,013997,,1,3,9,3100,0,1,3,,1,267,"SR-65 (NORTHBOUND)","RIOSA ROAD",0.00,,Y,A,-,Y,,,65,,,,,,,Y,1,1,4,3,A,-,12,21453,A,N,A,C,A,A,H,-,C,A,0,,,,,Y,Y,D,22,0,4,0,0,0,0,0,0,0,"- ","- ",38.978900909423828,-121.38240051269531,PLACER,UNINCORPORATED,-121.38251495361328,38.978843688964844
91322070,2020,2020-10-12,9220,2020-09-29,1148,019148,,2,1,9,3100,0,3,5,,2,050,"PAOLI LN.","PONDEROSA LN.",100.00,N,N,A,-,N,,,,,,,,,,Y,3,0,2,2,A,-,01,23152,A,N,A,C,A,A,H,-,A,D,0,,,,,Y,Y,D,22,0,1,1,0,0,0,0,0,0,"- ","- ",39.035331726074219,-120.97286987304688,PLACER,UNINCORPORATED,-120.97258758544922,39.03533935546875
9132241,2020,2020-09-29,3105,2020-07-10,1545,343,,5,5,5,3105,0,0,0,,0,001,"TAYLOR RD","ATLANTIC ST",550.00,N,N,A,-,N,,,,,,,,,,Y,3,0,2,2,A,-,09,21804,A,N,D,C,A,A,H,-,A,A,0,,,,,Y,,A,07,0,1,1,0,0,0,0,0,0,"- ","- ",,,PLACER,ROSEVILLE,-121.28682708740234,38.747600555419922
9132243,2020,2020-09-29,3105,2020-07-15,1755,1009,,3,5,5,3105,0,0,0,,0,007,"VISTA GRANDE BL","FIDDYMENT RD",0.00,,Y,A,-,N,,,,,,,,,,Y,4,0,1,2,A,-,12,21453,A,N,D,C,A,A,H,-,A,A,0,,,,,Y,,A,01,0,0,1,0,0,0,0,0,0,"- ","- ",38.761508941650391,-121.35849761962891,PLACER,ROSEVILLE,-121.35851,38.761490000000002
91323802,2020,2020-10-14,9220,2020-10-13,1225,017619,,2,1,5,3105,0,1,3,,1,265,"SR-65 S/B","BLUE OAKS BLVD. O/C",1320.00,S,N,A,-,Y,,,65,,,,,,S,Y,3,0,3,2,A,-,03,22350,,N,C,C,A,A,H,-,A,D,0,,,,,Y,,A,07,0,3,0,0,0,0,0,0,0,"- ","- ",38.788169860839844,-121.28772735595703,PLACER,ROSEVILLE,-121.28770446777344,38.788227081298828
91325402,2020,2020-10-16,9221,2020-10-15,1215,014763,,4,1,9,3100,0,1,1,,2,388,"I-80 EASTBOUND","HAMPSHIRE ROCKS RD",5280.00,W,N,A,-,Y,,,80,,,,,,E,Y,4,0,1,2,A,-,03,22350,,N,C,C,A,A,C,-,A,D,0,,,,,Y,,A,01,0,0,1,0,0,0,0,0,0,"- ","- ",39.309341430664062,-120.51899719238281,PLACER,UNINCORPORATED,-120.51892852783203,39.309314727783203
91327035,2020,2020-10-20,9220,2020-08-16,1755,017482,,7,2,9,3100,0,3,5,,2,040,"MOUNT VERNON RD","MILLERTOWN RD",228.00,W,N,A,-,N,,,,,,,,,,Y,1,1,0,1,A,-,08,22107,,N,E,I,A,A,H,-,A,D,0,,,,,Y,,A,07,0,0,0,0,0,0,0,0,0,"- ","- ",38.912761688232422,-121.09427642822266,PLACER,UNINCORPORATED,-121.09421539306641,38.912792205810547
91327581,2020,2020-10-20,9220,2020-10-03,1405,016682,,6,2,9,3100,0,1,3,,1,265,"SR-65 N/B","RIOSA RD",5808.00,S,N,A,-,Y,,,65,,,,,,N,Y,4,0,2,2,A,-,05,21460,A,N,B,C,A,A,H,-,A,D,0,,,,,Y,,A,01,0,0,2,0,0,0,0,0,0,"- ","- ",38.962379455566406,-121.37483215332031,PLACER,UNINCORPORATED,-121.3748779296875,38.962356567382812
91327593,2020,2020-10-20,9220,2020-10-16,1725,15060,,5,2,5,3105,0,1,1,,2,281,"I-80 W/B","LEAD HILL BLVD",400.00,W,N,A,-,Y,,,80,,,,,,W,Y,4,0,1,2,A,-,03,22350,,N,C,C,A,A,H,-,A,D,0,,,,,Y,,A,01,0,0,1,0,0,0,0,0,0,"- ","- ",38.750751495361328,-121.26651000976562,PLACER,ROSEVILLE,-121.26653289794922,38.750762939453125
91328972,2020,2020-10-21,9221,2020-10-18,1137,019020,,7,1,9,3100,0,1,1,,2,384,"I-80 W/B","CAPE HORN RD",860.00,W,N,A,-,Y,,,80,,,,,,W,Y,3,0,1,2,A,-,03,22350,,N,C,C,A,A,H,-,A,D,0,,,,,Y,,A,01,0,1,0,0,0,0,0,0,0,"- ","- ",39.138900756835938,-120.92269897460938,PLACER,UNINCORPORATED,-120.92270660400391,39.138862609863281
91330158,2020,2020-10-23,9222,2020-10-20,1723,017515,,2,2,9,3100,0,3,5,,2,010,"HIGHLANDS VIEW ROAD","RIDGELINE DRIVE",5808.00,W,N,A,-,Y,,,,,,,,,,Y,4,0,1,1,A,-,01,23152,A,N,E,I,A,A,H,-,A,D,0,,,,,Y,Y,A,07,0,0,1,0,0,0,0,0,0,"- ","- ",39.264751434326172,-120.11212158203125,PLACER,UNINCORPORATED,-120.11052703857422,39.281108856201172
91331219,2020,2020-10-26,9221,2020-10-18,1136,019020,,7,1,9,3100,0,1,1,,2,384,"I-80 W/B","CAPE HORN RD",900.00,W,N,A,-,Y,,,80,,,,,,W,N,4,0,2,3,A,-,03,22350,,F,C,C,A,A,H,-,A,D,0,,,,,Y,,A,07,0,0,2,0,0,0,0,0,0,"- ","- ",39.138900756835938,-120.92269897460938,PLACER,UNINCORPORATED,-120.92270660400391,39.138862609863281
91333073,2020,2020-10-28,9220,2020-10-23,1715,15060,,5,2,5,3105,0,1,1,,2,281,"I-80 E/B FROM RIVERSIDE AVE.","RIVERSIDE AVE.",555.00,E,N,A,-,Y,,,80,,,,R,,E,Y,4,0,2,2,A,-,03,22350,,N,C,C,A,A,H,-,A,A,0,,,,,Y,,A,07,0,0,2,0,0,0,0,0,0,"- ","- ",38.724758148193359,-121.28890228271484,PLACER,ROSEVILLE,-121.28890228271484,38.724758148193359
91333502,2020,2020-10-28,9221,2020-09-04,0242,019020,,5,3,9,3100,0,1,1,,2,386,"I-80 W/B","BLUE CANYON RD",4191.00,E,N,A,-,Y,,,80,,,,,,W,Y,1,1,0,2,A,-,01,23152,A,N,A,C,A,A,H,-,C,A,0,,,,Y,Y,Y,A,01,0,0,0,0,0,0,0,0,0,"- ","- ",39.290199279785156,-120.69129943847656,PLACER,UNINCORPORATED,-120.6912841796875,39.290164947509766
91333547,2020,2020-10-28,9220,2020-10-20,1410,019969,,2,2,9,3100,0,2,4,,2,062,"OLD FORESTHILL ROAD (N/B)","FORESTHILL RD",125.00,S,N,A,-,Y,,,,,,,,,,N,3,0,1,1,A,-,03,22350,,N,F,A,A,A,H,-,A,D,0,,,Y,,Y,,C,02,0,1,0,0,0,0,0,0,1,"- ","- ",38.933158874511719,-121.00449371337891,PLACER,UNINCORPORATED,-121.05596923828125,38.923240661621094
91334085,2020,2020-10-29,9220,2020-10-20,1545,018724,,2,2,9,3100,0,2,4,,2,026,"CAVITT STALLMAN RD","MYERS LN",0.00,,Y,A,-,N,,,,,,,,,,Y,4,0,1,2,A,-,03,22350,,N,D,C,A,A,H,-,A,D,0,,,,,Y,,A,07,0,0,1,0,0,0,0,0,0,"- ","- ",38.763141632080078,-121.20471954345703,PLACER,UNINCORPORATED,-121.20465850830078,38.763111114501953
91336030,2020,2020-10-30,9220,2020-10-25,1735,016682,,7,2,9,3100,0,3,5,,2,010,"BASELINE RD","S. BREWER RD.",324.00,W,N,F,G,N,,,,,,,,,,N,4,0,1,3,A,-,03,22350,,N,C,C,A,A,G,-,B,D,0,,,,,Y,,A,01,0,0,1,0,0,0,0,0,0,"- ","- ",38.751640319824219,-121.45472717285156,PLACER,UNINCORPORATED,-121.45230865478516,38.751598358154297
91337893,2020,2020-11-03,9220,2020-10-18,1723,017863,,7,2,5,3105,0,1,1,,2,281,"I-80 E/B TO DOUGLAS BVLVD. W/B","DOUGLAS BLVD.",25.00,N,N,A,-,Y,,,80,,,,R,,E,N,4,0,2,2,A,-,21,22106,,N,C,C,A,A,H,-,A,A,0,,,,,Y,,A,01,0,0,2,0,0,0,0,0,0,"- ","- ",38.744258880615234,-121.26879119873047,PLACER,ROSEVILLE,-121.26879119873047,38.744258880615234
91342670,2020,2020-11-10,9220,2020-11-02,1625,015168,,1,2,9,3100,0,1,3,,2,193,"SR-193 W/B","TAYLOR RD",1742.00,W,N,A,-,Y,,,193,,,,,,W,Y,3,0,1,1,A,-,01,23152,A,N,F,A,A,A,H,-,A,D,0,,,,,Y,Y,A,07,0,1,0,0,0,0,0,0,0,"- ","- ",38.878799438476562,-121.13899993896484,PLACER,UNINCORPORATED,-121.13900756835938,38.878868103027344
91343895,2020,2021-02-03,9220,2020-10-27,2500,017397,,2,4,9,3100,0,1,1,,2,282,"I-80 W/B TO SR-193","OPHIR RD",616.00,E,N,A,-,Y,,,80,,,,R,,W,Y,1,1,0,1,A,-,08,22107,,N,E,I,A,A,H,-,D,D,0,,,,,Y,,D,22,0,0,0,0,0,0,0,0,0,"- ","- ",38.878631591796875,-121.12415313720703,PLACER,UNINCORPORATED,-121.12415313720703,38.878631591796875
91344072,2020,2020-11-12,9220,2020-11-06,0320,014282,,5,3,9,3100,0,2,4,,2,075,"TAYLOR ROAD","LOGAN LANE",944.00,N,N,B,-,N,,,,,,,,,,Y,4,0,1,1,A,-,08,22107,,N,D,I,A,A,H,-,D,D,0,,,,,Y,,A,01,0,0,1,0,0,0,0,0,0,"- ","- ",38.856151580810547,-121.15957641601562,PLACER,UNINCORPORATED,-121.15946197509766,38.856189727783203
91346267,2020,2020-11-16,9220,2020-11-08,2150,017482,,7,2,5,3105,0,1,1,,2,281,"I-80 E/B","LEAD HILL BLVD",875.00,E,N,A,-,Y,,,80,,,,,,E,Y,4,0,1,2,A,-,03,22350,,F,C,C,A,A,H,-,C,D,0,,,,,Y,,A,01,0,0,1,0,0,0,0,0,0,"- ","- ",38.753948211669922,-121.26412200927734,PLACER,ROSEVILLE,-121.26420593261719,38.754009246826172
91347234,2020,2020-11-17,9221,2020-11-07,2250,019020,,6,3,9,3100,0,1,1,,2,386,"I-80 E/B","BLUE CANYON RD",5280.00,W,N,B,D,Y,,,80,,,,,,E,Y,4,0,1,1,A,-,03,22350,,N,E,I,A,C,H,-,D,D,0,,,,,Y,,D,22,0,0,1,0,0,0,0,0,0,"- ","- ",39.269401550292969,-120.71932983398438,PLACER,UNINCORPORATED,-120.71930694580078,39.269332885742188
91347241,2020,2020-11-17,9220,2020-11-16,1550,013465,,1,2,9,3100,0,2,4,,2,022,"DOUGLAS BLVD","BARTON RD",651.00,W,N,A,-,N,,,,,,,,,,Y,4,0,2,2,A,-,03,22350,,N,C,C,A,A,H,-,A,D,0,,,,,Y,,A,07,0,0,2,0,0,0,0,0,0,"- ","- ",38.743949890136719,-121.19155883789062,PLACER,UNINCORPORATED,-121.19147491455078,38.744132995605469
91350251,2020,2020-11-20,9220,2020-11-12,1743,016031,,4,2,4,3104,0,1,3,,1,265,"SR-65 N/B","GALLERIA BLVD",1584.00,S,N,A,-,Y,,,65,,,,,,N,Y,4,0,1,3,A,-,03,22350,,N,C,C,A,A,H,-,D,D,0,,,,,Y,,A,01,0,0,1,0,0,0,0,0,0,"- ","- ",38.774688720703125,-121.25984954833984,PLACER,ROCKLIN,-121.25984191894531,38.774703979492188