CASE_ID,ACCIDENT_YEAR,PROC_DATE,JURIS,COLLISION_DATE,COLLISION_TIME,OFFICER_ID,REPORTING_DISTRICT,DAY_OF_WEEK,CHP_SHIFT,POPULATION,CNTY_CITY_LOC,SPECIAL_COND,BEAT_TYPE,CHP_BEAT_TYPE,CITY_DIVISION_LAPD,CHP_BEAT_CLASS,BEAT_NUMBER,PRIMARY_RD,SECONDARY_RD,DISTANCE,DIRECTION,INTERSECTION,WEATHER_1,WEATHER_2,STATE_HWY_IND,CALTRANS_COUNTY,CALTRANS_DISTRICT,STATE_ROUTE,ROUTE_SUFFIX,POSTMILE_PREFIX,POSTMILE,LOCATION_TYPE,RAMP_INTERSECTION,SIDE_OF_HWY,TOW_AWAY,COLLISION_SEVERITY,NUMBER_KILLED,NUMBER_INJURED,PARTY_COUNT,PRIMARY_COLL_FACTOR,PCF_CODE_OF_VIOL,PCF_VIOL_CATEGORY,PCF_VIOLATION,PCF_VIOL_SUBSECTION,HIT_AND_RUN,TYPE_OF_COLLISION,MVIW,PED_ACTION,ROAD_SURFACE,ROAD_COND_1,ROAD_COND_2,LIGHTING,CONTROL_DEVICE,CHP_ROAD_TYPE,PEDESTRIAN_ACCIDENT,BICYCLE_ACCIDENT,MOTORCYCLE_ACCIDENT,TRUCK_ACCIDENT,NOT_PRIVATE_PROPERTY,ALCOHOL_INVOLVED,STWD_VEHTYPE_AT_FAULT,CHP_VEHTYPE_AT_FAULT,COUNT_SEVERE_INJ,COUNT_VISIBLE_INJ,COUNT_COMPLAINT_PAIN,COUNT_PED_KILLED,COUNT_PED_INJURED,COUNT_BICYCLIST_KILLED,COUNT_BICYCLIST_INJURED,COUNT_MC_KILLED,COUNT_MC_INJURED,PRIMARY_RAMP,SECONDARY_RAMP,LATITUDE,LONGITUDE,COUNTY,CITY,POINT_X,POINT_Y
94374072,2024,2024-10-14,9220,2024-08-22,1645,018532,,4,2,9,3100,0,2,4,,1,011,"WATT AVENUE","DYER LANE",0.00,,Y,A,-,N,,,,,,,,,,Y,2,0,2,2,A,-,09,21802,A,N,D,C,A,A,H,-,A,A,0,,,,,Y,,A,01,1,1,0,0,0,0,0,0,0,"- ","- ",38.736110687255859,-121.39260101318359,PLACER,UNINCORPORATED,-121.39257049560547,38.736118316650391
94378504,2024,2024-09-02,9220,2024-08-25,"937 ",019560,,7,1,9,3100,0,3,5,,2,060,"OLD AUBURN FORESTHILL ROAD","FORESTHILL RD",3168.00,W,N,A,-,N,,,,,,,,,,Y,4,0,1,1,A,-,03,22350,,N,E,0,A,A,H,-,A,D,0,,,Y,,Y,,C,02,0,0,1,0,0,0,0,0,1,"- ","- ",38.927200317382812,-121.00749206542969,PLACER,UNINCORPORATED,-121.01311492919922,38.929813385009766
9437989,2022,2022-05-19,3103,2022-04-11,2010,DGORB,L8,1,5,2,3103,0,0,0,,0,0L4,"TWELVE BRIDGES DR","FIELDSTONE DR",20.00,W,N,A,-,N,,,,,,,,,,Y,3,0,1,1,A,-,03,22350,,N,E,I,A,A,H,-,C,A,0,,,,,Y,,D,72,0,1,0,0,0,0,0,0,0,"- ","- ",38.851261138916016,-121.28761291503906,PLACER,LINCOLN,-121.28774261474609,38.85125732421875
9438021,2022,2022-05-18,3103,2022-04-05,1524,40,L5,2,5,2,3103,0,0,0,,0,0L3,"LINCOLN BL","7TH ST",0.00,,Y,A,-,N,,,,,,,,,,N,3,0,1,2,A,-,08,22107,,N,H,G,A,A,H,-,A,A,0,,Y,,,Y,,A,01,0,1,0,0,0,0,1,0,0,"- ","- ",38.894458770751953,-121.29295349121094,PLACER,LINCOLN,-121.29298400878906,38.894435882568359
94382577,2024,2024-09-05,9220,2024-08-30,1310,020072,,5,1,5,3105,0,1,1,,2,281,"I-80 W/B FROM DOUGLAS BLVD W/B","DOUGLAS BLVD",90.00,W,N,A,-,Y,PLA,,80," "," ",1.947,H,,L,N,4,0,2,3,A,-,03,22350,,N,C,C,A,A,H,-,A,D,0,,,,,Y,,A,01,0,0,2,0,0,0,0,0,0,"- ","- ",38.743759155273438,-121.27120208740234,PLACER,ROSEVILLE,-121.27110290527344,38.743721008300781
94382903,2024,2024-09-05,9220,2024-09-02,1600,021164,,1,2,9,3100,0,1,1,,2,282,"I-80 W/B",SR-193,4171.00,E,N,A,-,Y,PLA,,80," "," ",15.255,H,,L,N,4,0,1,1,A,-,08,22107,,N,B,I,A,A,H,-,A,D,0,,,,,Y,,D,22,0,0,1,0,0,0,0,0,0,"- ","- ",38.881309509277344,-121.10906219482422,PLACER,UNINCORPORATED,-121.10901641845703,38.881217956542969
9438462,2022,2022-04-25,3101,2022-03-22,1739,A737,AU09,2,5,3,3101,0,0,0,,0,0A2,"AUBURN FOLSOM RD","RACETRACK ST & FAIRGATE RD",0.00,,N,A,-,N,,,,,,,,,,N,2,0,1,1,A,-,"- ",,,N,E,I,A,A,H,-,A,A,0,,,,,Y,,A,01,1,0,0,0,0,0,0,0,0,"- ","- ",38.891101837158203,-121.07630157470703,PLACER,AUBURN,-121.07627868652344,38.891132354736328
94387184,2024,2024-09-09,9220,2024-08-30,1439,019200,,5,2,9,3100,0,2,4,,2,071,"SIERRA COLLEGE BLVD","N CLOVER VALLEY ROAD",375.00,S,N,A,-,N,,,,,,,,,,N,4,0,1,1,A,-,08,22107,,N,E,J,A,A,H,-,A,D,0,,,,,Y,,A,07,0,0,1,0,0,0,0,0,0,"- ","- ",38.850509643554688,-121.22202301025391,PLACER,UNINCORPORATED,-121.22010040283203,38.836261749267578
94387274,2024,2024-09-09,9220,2024-08-31,2330,019830,,6,3,9,3100,0,2,4,,2,064,"FORESTHILL RD","UPPER TODD VALLEY RD",475.00,W,N,A,-,N,,,,,,,,,,Y,2,0,1,1,A,-,08,22107,,N,E,8,A,A,H,-,D,D,0,,,,,Y,,A,01,1,0,0,0,0,0,0,0,0,"- ","- ",39.000160217285156,-120.86344146728516,PLACER,UNINCORPORATED,-120.87647247314453,38.998744964599609
9438803,2022,2022-05-19,3105,2022-04-09,0846,143,,6,5,5,3105,0,0,0,,0,003,"HARDING BL","ROSEVILLE SQ",0.00,,Y,A,-,N,,,,,,,,,,Y,4,0,1,2,A,-,12,21453,A,N,D,C,A,A,H,-,A,A,0,,,,,Y,,A,01,0,0,1,0,0,0,0,0,0,"- ","- ",38.745861053466797,-121.27378845214844,PLACER,ROSEVILLE,,
94388680,2024,2024-09-10,9222,2024-08-24,1520,020136,,6,2,9,3100,0,1,3,,1,011,"SR-89 SOUTH","W. RIVER ST",2400.00,S,N,B,C,Y,PLA,,89," "," ",21.094,H,,R,Y,2,0,5,2,A,-,05,21460,A,N,A,C,A,B,H,-,A,D,0,,,,,Y,,A,07,5,0,0,0,0,0,0,0,0,"- ","- ",39.3084716796875,-120.20612335205078,PLACER,UNINCORPORATED,-120.20606994628906,39.308467864990234
94392338,2024,2024-09-12,9220,2024-09-10,1635,017027,,2,2,9,3100,0,1,3,,1,249,"MOUNT VERNON RD","LITTLE HILL RD",330.00,E,N,A,-,N,,,,,,,,,,N,3,0,1,1,A,-,03,22350,,N,H,A,A,A,H,-,A,D,0,,,Y,,Y,,C,02,0,1,0,0,0,0,0,0,1,"- ","- ",38.946071624755859,-121.16316223144531,PLACER,UNINCORPORATED,-121.1630859375,38.946090698242188
94395648,2024,2024-09-16,9220,2024-09-11,"50  ",018548,,3,3,9,3100,0,2,4,,1,014,"PFE RD","ANTELOPE RD",818.00,W,N,A,-,N,,,,,,,,,,N,4,0,1,1,A,-,08,22107,,N,E,I,A,A,H,-,D,D,0,,,,,Y,,A,01,0,0,1,0,0,0,0,0,0,"- ","- ",38.729148864746094,-121.33051300048828,PLACER,UNINCORPORATED,-121.33043670654297,38.729118347167969
94397765,2024,2024-09-17,9220,2024-09-05,2100,020990,,4,2,5,3105,0,1,1,,2,281,"I-80 W/B FROM DOUGLAS BLVD E/B","DOUGLAS BLVD",680.00,W,N,A,-,Y,PLA,,80," "," ",1.829,H,,L,N,3,0,1,2,A,-,03,22350,,F,C,C,A,A,H,-,D,D,0,,,,,Y,,-,99,0,1,0,0,0,0,0,0,0,"- ","- ",38.742279052734375,-121.27223968505859,PLACER,ROSEVILLE,-121.27207946777344,38.742206573486328
94399069,2024,2024-09-18,9220,2024-09-15,1910,018382,,7,2,9,3100,0,2,4,,1,014,"PFE RD","SWORD DANCER RD",20.00,E,N,A,-,N,,,,,,,,,,Y,4,0,1,2,A,-,03,22350,,N,C,C,A,A,H,-,C,D,0,,,,,Y,,A,01,0,0,1,0,0,0,0,0,0,"- ","- ",38.728839874267578,-121.36083221435547,PLACER,UNINCORPORATED,-121.36089324951172,38.728801727294922
94399645,2024,2024-09-18,9220,2024-09-11,"950 ",017306,,3,1,9,3100,0,2,4,,2,021,"SIERRA COLLEGE BLVD","OLYMPUS DR",0.00,,Y,A,-,N,,,,,,,,,,Y,4,0,1,2,A,-,12,21453,A,N,A,C,A,A,H,-,A,A,0,,,,,Y,,A,01,0,0,1,0,0,0,0,0,0,"- ","- ",38.750419616699219,-121.22664642333984,PLACER,UNINCORPORATED,-121.22653961181641,38.750381469726562
94402676,2024,2024-09-20,9220,2024-09-18,1532,015961,,3,2,5,3105,0,1,1,,2,281,"I-80 W/B","ATLANTIC ST O/C",20.00,W,N,B,-,Y,PLA,,80," "," ",3.055,H,,L,Y,3,0,2,3,A,-,03,22350,,N,C,C,A,A,H,-,A,D,0,,,,,Y,,A,01,0,2,0,0,0,0,0,0,0,"- ","- ",38.757991790771484,-121.26186370849609,PLACER,ROSEVILLE,-121.26182556152344,38.757976531982422
94404387,2024,2024-09-23,9221,2024-09-22,1055,018213,,7,1,9,3100,0,1,1,,2,384,"I-80 W/B","CAPE HORN E",500.00,W,N,A,-,Y,PLA,,80," "," ",36.773,H,,L,Y,3,0,1,3,A,-,03,22350,,N,C,C,A,A,H,-,A,D,0,,,,,Y,,-,"- ",0,1,0,0,0,0,0,0,0,"- ","- ",39.138648986816406,-120.92144775390625,PLACER,UNINCORPORATED,-120.92144012451172,39.138725280761719
9440515,2022,2022-06-01,3105,2022-04-02,0732,1140,,6,5,5,3105,0,0,0,,0,002,"EUREKA RD","TAYLOR RD",0.00,,Y,A,-,N,,,,,,,,,,Y,4,0,1,3,A,-,00,24153,A,N,D,C,A,A,H,-,-,A,0,,,,,Y,,A,01,0,0,1,0,0,0,0,0,0,"- ","- ",38.757469177246094,-121.2596435546875,PLACER,ROSEVILLE,-121.25965881347656,38.757438659667969
94406696,2024,2024-09-24,9220,2024-09-14,1940,022556,,6,2,9,3100,0,3,5,,2,030,"SHERIDAN LINCOLN BLVD","F STREET",3749.00,S,N,A,-,N,,,,,,,,,,Y,2,0,1,1,A,-,01,23152,A,N,E,8,A,A,H,-,D,D,0,,,,,Y,Y,A,07,1,0,0,0,0,0,0,0,0,"- ","- ",38.970119476318359,-121.36730194091797,PLACER,UNINCORPORATED,-121.36733245849609,38.970081329345703
94408048,2024,2024-09-25,9220,2024-09-19,1935,020072,,4,2,9,3100,0,1,1,,2,281,"I-80 E/B","ATLANTIC ST",1426.00,W,N,A,-,Y,PLA,,80," "," ",2.787,H,,R,Y,4,0,1,2,A,-,07,21658,A,N,C,2,A,A,H,-,C,D,0,,,,,Y,,A,01,0,0,1,0,0,0,0,0,0,"- ","- ",38.754459381103516,-121.26374816894531,PLACER,UNINCORPORATED,-121.26386260986328,38.754508972167969
94408325,2024,2024-10-03,9220,2024-09-23,"700 ",016429,,1,1,9,3100,0,1,3,,1,249,SR-49,"LONE STAR RD",1320.00,S,N,A,-,Y,PLA,,49," ",R,10.030,H,,R,Y,3,0,1,2,A,-,08,22107,,N,D,C,A,B,D,-,A,A,0,,,,,Y,,D,22,0,1,0,0,0,0,0,0,0,"- ","- ",38.993309020996094,-121.11109161376953,PLACER,UNINCORPORATED,-121.11098480224609,38.993309020996094
94408884,2024,2024-09-26,9220,2024-09-24,"715 ",014512,,2,1,9,3100,0,3,5,,2,010,"P.F.E. ROAD","DUFFY LANE",0.00,,Y,A,-,N,,,,,,,,,,Y,3,0,2,2,A,-,09,21804,A,N,D,C,A,A,H,-,A,A,0,,,,,Y,,A,01,0,2,0,0,0,0,0,0,0,"- ","- ",38.729000091552734,-121.34237670898438,PLACER,UNINCORPORATED,-121.34235382080078,38.728981018066406
94414728,2024,2024-10-01,9221,2024-09-22,1508,018556,,7,2,9,3100,0,1,1,,2,384,"I-80 W/B","CAPE HORN E",1100.00,W,N,A,-,Y,PLA,,80," "," ",36.656,H,,L,Y,3,0,1,3,A,-,03,22350,,N,C,C,A,A,H,-,A,D,0,,,,,Y,,E,22,0,1,0,0,0,0,0,0,0,"- ","- ",39.138889312744141,-120.92359161376953,PLACER,UNINCORPORATED,-120.92357635498047,39.138961791992188
94414775,2024,2024-10-01,9221,2024-09-22,1520,018213,,7,2,9,3100,0,1,1,,2,384,"I-80 W/B","MAGRA RD",2290.00,W,N,A,-,Y,PLA,,80," "," ",37.343,H,,L,Y,3,0,3,6,A,-,03,22350,,N,C,2,A,A,H,-,A,D,0,,,,Y,Y,,G,25,0,1,2,0,0,0,0,0,0,"- ","- ",39.142791748046875,-120.91278076171875,PLACER,UNINCORPORATED,-120.91280364990234,39.142799377441406
94415396,2024,2024-10-01,9220,2024-09-28,1915,020392,,6,2,5,3105,0,1,1,,2,281,"I-80 WB FROM DOUGLAS BLVD. WB","DOUGLAS BLVD.",20.00,E,N,A,-,Y,PLA,,80," "," ",1.982,H,,L,Y,3,0,3,2,A,-,03,22350,,N,C,C,A,A,D,-,D,D,0,,,,,Y,,A,07,0,1,2,0,0,0,0,0,0,"- ","- ",38.744220733642578,-121.27091979980469,PLACER,ROSEVILLE,-121.27079772949219,38.744171142578125
94416395,2024,2024-10-02,9220,2024-09-26,1453,014512,,4,2,9,3100,0,3,5,,2,010,"BASELINE ROAD","PALLADAY ROAD",0.00,,Y,A,-,N,,,,,,,,,,Y,2,0,2,2,A,-,05,21460,A,N,D,C,A,A,H,-,A,A,0,,,Y,,Y,,C,02,1,1,0,0,0,0,0,0,1,"- ","- ",38.751590728759766,-121.43904876708984,PLACER,UNINCORPORATED,-121.43914031982422,38.751625061035156
94417695,2024,2024-10-03,9220,2024-10-01,2030,016657,,2,2,9,3100,0,1,3,,2,293,SR-193,"HIDDEN ACRES LN",260.00,E,N,A,-,Y,PLA,,193," "," ",5.616,H,,R,Y,3,0,1,1,A,-,03,22350,,N,E,I,A,A,H,-,D,D,0,,,,,Y,,D,22,0,1,0,0,0,0,0,0,0,"- ","- ",38.891319274902344,-121.19287872314453,PLACER,UNINCORPORATED,-121.19286346435547,38.891376495361328
94418559,2024,2024-10-03,9220,2024-09-12,2014,017027,,4,2,9,3100,0,3,5,,2,040,"EDGEWOOD RD","SR-49 (GRASS VALLEY HIGHWAY)",810.00,W,N,A,-,N,,,,,,,,,,N,1,1,0,2,A,-,11,21954,A,N,G,B,E,A,H,-,D,D,0,Y,,,,Y,,N,60,0,0,0,1,0,0,0,0,0,"- ","- ",38.920291900634766,-121.08512878417969,PLACER,UNINCORPORATED,-121.08499145507812,38.920322418212891
94419308,2024,2025-03-18,9220,2024-09-20,1840,022556,,5,2,9,3100,0,2,4,,2,022,"DOUGLAS BLVD","BARTON RD",352.00,E,N,A,-,N,,,,,,,,,,Y,4,0,2,2,A,-,01,23152,A,N,C,C,A,A,H,-,A,D,0,,,,,Y,Y,A,01,0,0,2,0,0,0,0,0,0,"- ","- ",38.744068145751953,-121.18788146972656,PLACER,UNINCORPORATED,-121.18795776367188,38.743930816650391
94422101,2024,2024-10-07,9220,2024-10-01,1525,020392,,2,2,9,3100,0,2,4,,1,011,"WATT AVENUE","DYER LANE",0.00,,Y,A,-,N,,,,,,,,,,Y,4,0,1,2,A,-,09,21802,A,N,D,C,A,A,H,-,A,A,0,,,,,Y,,A,08,0,0,1,0,0,0,0,0,0,"- ","- ",38.736129760742188,-121.39261627197266,PLACER,UNINCORPORATED,-121.39257049560547,38.736118316650391
94422112,2024,2024-10-07,9220,2024-10-02,1815,020072,,3,2,9,3100,0,2,4,,1,012,"BASELINE RD","S BREWER RD",0.00,,Y,A,-,N,,,,,,,,,,Y,4,0,2,2,A,-,05,21460,,N,B,C,A,A,H,-,A,D,0,,,,,Y,,A,01,0,0,2,0,0,0,0,0,0,"- ","- ",38.751598358154297,-121.45117950439453,PLACER,UNINCORPORATED,-121.451171875,38.751598358154297
94424901,2024,2024-10-09,9220,2024-10-03,1815,016657,,4,2,9,3100,0,1,3,,1,249,"BELL ROAD",SR-49,0.00,,Y,A,-,Y,PLA,,49," "," ",6.379,H,,L,Y,4,0,2,2,A,-,09,21453,C,N,D,C,A,A,H,-,A,A,0,,,,,Y,,A,07,0,0,2,0,0,0,0,0,0,"- ","- ",38.941978454589844,-121.09712982177734,PLACER,UNINCORPORATED,-121.09715270996094,38.941978454589844
9442578,2022,2022-05-19,3105,2022-03-09,1645,1134,,3,5,5,3105,0,0,0,,0,006,"JUNCTION BL","WOODCREEK BL",0.00,,Y,A,-,N,,,,,,,,,,Y,4,0,2,2,A,-,09,21453,C,N,D,C,A,A,H,-,A,A,0,,,,,Y,,A,01,0,0,2,0,0,0,0,0,0,"- ","- ",38.758430480957031,-121.33460998535156,PLACER,ROSEVILLE,-121.33479309082031,38.758438110351562
94427793,2024,2024-10-11,9220,2024-09-23,1721,022556,,1,2,3,3101,0,1,1,,2,283,"I-80 E/B","ELM AVENUE O/C",510.00,E,N,A,-,Y,PLA,,80," "," ",17.935,H,,R,N,4,0,1,1,A,-,08,22107,,N,A,I,A,A,H,-,A,D,0,,,,,Y,,A,07,0,0,1,0,0,0,0,0,0,"- ","- ",38.904788970947266,-121.07105255126953,PLACER,AUBURN,-121.07120513916016,38.904800415039062
94430471,2024,2024-10-14,9220,2024-10-08,1220,017306,,2,1,5,3105,0,1,1,,2,281,"I-80 W/B","LEAD HILL RD",575.00,W,N,A,-,Y,PLA,,80," "," ",2.458,H,,L,N,4,0,1,1,A,-,08,22107,,N,E,I,A,A,H,-,A,D,0,,,,,Y,,A,01,0,0,1,0,0,0,0,0,0,"- ","- ",38.750320434570312,-121.26673126220703,PLACER,ROSEVILLE,-121.26680755615234,38.750350952148438
94432035,2024,2024-10-15,9220,2024-10-08,1250,015961,,2,1,9,3100,0,1,1,,2,282,"I-80 E/B","PENRYN RD O/C",2385.00,W,N,A,-,Y,PLA,,80," "," ",9.887,H,,R,Y,2,0,1,2,A,-,03,22350,,N,C,C,A,A,H,-,A,D,0,,,,Y,Y,,D,22,1,0,0,0,0,0,0,0,0,"- ","- ",38.828971862792969,-121.17430877685547,PLACER,UNINCORPORATED,-121.17431640625,38.828971862792969
94434778,2024,2024-10-17,9221,2024-10-06,2130,016634,,7,2,9,3100,0,3,5,,2,070,"PLUMTREE RD","CAMPGROUND RD.",2640.00,S,N,A,-,N,,,,,,,,,,Y,3,0,1,1,A,-,03,22350,,N,E,I,A,A,H,-,D,D,0,,,,,Y,Y,A,01,0,1,0,0,0,0,0,0,0,"- ","- ",39.077461242675781,-120.99076843261719,PLACER,UNINCORPORATED,-120.98654174804688,39.076969146728516
94438342,2024,2024-10-21,9220,2024-10-09,1730,022556,,3,2,9,3100,0,2,4,,2,027,"AUBURN FOLSOM RD","EUREKA RD",53.00,S,N,A,-,N,,,,,,,,,,N,4,0,1,2,A,-,03,22350,,N,C,C,A,A,H,-,A,D,0,,,,,Y,,A,01,0,0,1,0,0,0,0,0,0,"- ","- ",38.735881805419922,-121.17048645019531,PLACER,UNINCORPORATED,-121.17053985595703,38.735942840576172
94438493,2024,2024-10-21,9220,2024-10-15,1505,020392,,2,2,5,3105,0,1,1,,2,281,"I80 WESTBOUND","CIRBY WAY",100.00,E,N,A,-,Y,PLA,,80," "," ",0.721,H,,L,Y,4,0,1,2,A,-,03,22350,,N,C,C,A,A,H,-,A,D,0,,,,,Y,,D,22,0,0,1,0,0,0,0,0,0,"- ","- ",38.729740142822266,-121.28502655029297,PLACER,ROSEVILLE,-121.28507995605469,38.729770660400391
94439105,2024,2024-10-21,9220,2024-10-14,1210,019560,,1,1,9,3100,0,2,4,,2,027,"AUBURN FOLSOM RD","DOUGLAS BLVD",528.00,S,N,A,-,N,,,,,,,,,,Y,4,0,1,2,A,-,09,21801,A,N,D,C,A,A,H,-,A,D,0,,,,,Y,,A,07,0,0,1,0,0,0,0,0,0,"- ","- ",38.741950988769531,-121.17057037353516,PLACER,UNINCORPORATED,-121.17063140869141,38.742000579833984
94440387,2024,2024-10-22,9220,2024-10-16,2001,016657,,3,2,9,3100,0,2,4,,2,058,"DRY CREEK RD","SHADOW ROCK DR",430.00,W,N,A,-,N,,,,,,,,,,N,4,0,1,1,A,-,03,22350,,N,E,J,A,A,C,-,D,D,0,,,,,Y,,A,07,0,0,1,0,0,0,0,0,0,"- ","- ",38.957050323486328,-121.04535675048828,PLACER,UNINCORPORATED,-121.04498291015625,38.957149505615234
9444879,2022,2022-05-31,3105,2022-04-10,2129,1138,,7,5,5,3105,0,0,0,,0,007,"PLEASANT GROVE BL","FIDDYMENT RD",0.00,,Y,A,-,N,,,,,,,,,,Y,3,0,1,1,A,-,01,23152,A,N,E,I,A,A,H,-,C,A,0,,,,,Y,Y,A,01,0,1,0,0,0,0,0,0,0,"- ","- ",38.766159057617188,-121.35871124267578,PLACER,ROSEVILLE,-121.35873413085938,38.766292572021484
9445361,2022,2022-06-08,3105,2022-04-26,0655,3062,,2,5,5,3105,0,0,0,,0,002,"RT 80","ATLANTIC ST",0.00,,Y,A,-,Y,PLA,3,80,-,-,2.851,R,4,E,Y,4,0,1,3,A,-,12,21453,A,N,D,C,A,A,H,-,A,A,0,,,,,Y,,A,01,0,0,1,0,0,0,0,0,0,EF,"- ",38.757469177246094,-121.2596435546875,PLACER,ROSEVILLE,-121.2633056640625,38.755313873291016
94458722,2024,2024-11-13,9220,2024-11-02,1410,021079,,6,2,9,3100,0,1,3,,1,249,"SR-49 (GRASS VALLEY HIGHWAY)","NEW AIRPORT RD",0.00,,Y,A,-,Y,PLA,,49," "," ",5.642,H,,R,Y,4,0,1,2,A,-,12,21453,A,N,D,C,A,A,H,-,A,A,0,,,,,Y,,A,01,0,0,1,0,0,0,0,0,0,"- ","- ",38.932460784912109,-121.09072113037109,PLACER,UNINCORPORATED,-121.09072113037109,38.932456970214844
94462439,2024,2024-11-07,9221,2024-10-30,"750 ",018624,,3,1,9,3100,0,3,5,,2,070,"N/B ROLLINS LAKE ROAD","ROLLINS LAKE ROAD MPM 2.64",20.00,N,N,B,-,Y,,,,,,,,,,N,3,0,4,1,A,-,08,22107,,N,E,I,A,A,H,-,A,A,0,,,,,Y,,D,22,0,2,2,0,0,0,0,0,0,"- ","- ",39.145858764648438,-120.92487335205078,PLACER,UNINCORPORATED,-120.94564056396484,39.126209259033203
94467953,2024,2024-11-13,9220,2024-11-03,1138,020465,,7,1,5,3105,0,1,1,,2,281,"I-80 W/B","LEAD HILL BOULEVARD",565.00,W,N,A,-,Y,PLA,,80," "," ",2.407,H,,L,N,4,0,1,2,A,-,07,21658,A,N,E,C,A,A,D,-,A,D,0,,,,,Y,,A,01,0,0,1,0,0,0,0,0,0,"- ","- ",38.749698638916016,-121.26725006103516,PLACER,ROSEVILLE,-121.26723480224609,38.74969482421875
94468152,2024,2024-11-13,9220,2024-11-05,"0   ",021255,,2,3,5,3105,0,1,1,,2,281,"I-80 W/B","DOUGLAS BLVD",1584.00,W,N,A,-,Y,PLA,,80," "," ",1.646,H,,L,N,3,0,1,2,A,-,07,21658,A,N,B,C,A,A,H,-,D,D,0,,,Y,,Y,,A,01,0,1,0,0,0,0,0,0,0,"- ","- ",38.739990234375,-121.27390289306641,PLACER,ROSEVILLE,-121.27390289306641,38.739990234375
94471403,2024,2024-11-15,9220,2024-11-14,"815 ",020465,,4,1,9,3100,0,2,4,,2,022,"DOUGLAS BLVD E/B","AUBURN FOLSOM ROAD",175.00,W,N,A,-,N,,,,,,,,,,N,4,0,2,2,A,-,03,22350,,N,C,C,A,A,H,-,A,A,0,,,,,Y,,A,08,0,0,2,0,0,0,0,0,0,"- ","- ",38.743419647216797,-121.17144012451172,PLACER,UNINCORPORATED,-121.17121124267578,38.743526458740234
94471793,2024,2024-11-15,9220,2024-11-12,1540,019200,,2,2,9,3100,0,3,5,,2,050,"NEW AIRPORT ROAD","BELL ROAD",995.00,N,N,A,-,N,,,,,,,,,,N,4,0,1,2,A,-,03,22350,,N,C,C,A,A,H,-,A,D,0,,,,,Y,,A,08,0,0,1,0,0,0,0,0,0,"- ","- ",38.945060729980469,-121.07935333251953,PLACER,UNINCORPORATED,-121.07933807373047,38.944961547851562
9447285,2022,2022-06-21,3103,2022-05-05,0802,WCOLL,L3,4,5,2,3103,0,0,0,,0,0L1,"L ST","5TH ST",0.00,,Y,A,-,N,,,,,,,,,,N,3,0,1,2,A,-,11,21950,B,N,B,C,A,A,H,-,A,A,0,,Y,,,Y,,L,04,0,1,0,0,0,0,1,0,0,"- ","- ",38.891799926757812,-121.29786682128906,PLACER,LINCOLN,-121.29914093017578,38.891807556152344
94473675,2024,2025-01-27,9222,2024-11-09,1700,020552,,6,2,9,3100,0,1,3,,1,011,SR-89,"POLE CREEK RD",528.00,N,N,A,-,N,,,,,,,,,,Y,4,0,1,2,A,-,01,23152,A,N,C,C,A,A,H,-,D,D,0,,,,,Y,Y,A,01,0,0,1,0,0,0,0,0,0,"- ","- ",39.237110137939453,-120.20777893066406,PLACER,UNINCORPORATED,-120.20949554443359,39.240371704101562
9447700,2022,2022-11-04,3105,2022-09-16,0033,1131,,5,5,5,3105,0,0,0,,0,006,"PLEASANT GROVE BL","EAST ROSEVILLE PKWY",400.00,N,N,A,-,N,,,,,,,,,,Y,3,0,1,1,A,-,01,23152,A,N,F,I,A,A,D,-,C,A,0,,,,,Y,Y,A,01,0,1,0,0,0,0,0,0,0,"- ","- ",38.77825927734375,-121.28826141357422,PLACER,ROSEVILLE,-121.28764343261719,38.779209136962891
9447703,2022,2022-11-03,3104,2022-09-02,2327,318,11,5,5,4,3104,0,0,0,,0,004,"LONETREE BL","BLUE OAKS BL",0.00,,Y,A,-,N,,,,,,,,,,Y,3,0,2,2,A,-,12,21453,A,N,D,C,A,A,H,-,C,A,0,,,,,Y,,A,01,0,2,0,0,0,0,0,0,0,"- ","- ",38.7958984375,-121.29158782958984,PLACER,ROCKLIN,-121.29160308837891,38.796028137207031
9447704,2022,2022-12-21,3104,2022-09-30,1020,325,42,5,5,4,3104,0,0,0,,0,001,"SIERRA COLLEGE BL","SCHRIBER WY",0.00,,Y,A,-,N,,,,,,,,,,Y,4,0,1,2,A,-,12,21453,,N,D,C,A,A,H,-,A,A,0,,,,,Y,,A,01,0,0,1,0,0,0,0,0,0,"- ","- ",38.7994384765625,-121.20542144775391,PLACER,ROCKLIN,-121.20552062988281,38.799442291259766