CASE_ID,ACCIDENT_YEAR,PROC_DATE,JURIS,COLLISION_DATE,COLLISION_TIME,OFFICER_ID,REPORTING_DISTRICT,DAY_OF_WEEK,CHP_SHIFT,POPULATION,CNTY_CITY_LOC,SPECIAL_COND,BEAT_TYPE,CHP_BEAT_TYPE,CITY_DIVISION_LAPD,CHP_BEAT_CLASS,BEAT_NUMBER,PRIMARY_RD,SECONDARY_RD,DISTANCE,DIRECTION,INTERSECTION,WEATHER_1,WEATHER_2,STATE_HWY_IND,CALTRANS_COUNTY,CALTRANS_DISTRICT,STATE_ROUTE,ROUTE_SUFFIX,POSTMILE_PREFIX,POSTMILE,LOCATION_TYPE,RAMP_INTERSECTION,SIDE_OF_HWY,TOW_AWAY,COLLISION_SEVERITY,NUMBER_KILLED,NUMBER_INJURED,PARTY_COUNT,PRIMARY_COLL_FACTOR,PCF_CODE_OF_VIOL,PCF_VIOL_CATEGORY,PCF_VIOLATION,PCF_VIOL_SUBSECTION,HIT_AND_RUN,TYPE_OF_COLLISION,MVIW,PED_ACTION,ROAD_SURFACE,ROAD_COND_1,ROAD_COND_2,LIGHTING,CONTROL_DEVICE,CHP_ROAD_TYPE,PEDESTRIAN_ACCIDENT,BICYCLE_ACCIDENT,MOTORCYCLE_ACCIDENT,TRUCK_ACCIDENT,NOT_PRIVATE_PROPERTY,ALCOHOL_INVOLVED,STWD_VEHTYPE_AT_FAULT,CHP_VEHTYPE_AT_FAULT,COUNT_SEVERE_INJ,COUNT_VISIBLE_INJ,COUNT_COMPLAINT_PAIN,COUNT_PED_KILLED,COUNT_PED_INJURED,COUNT_BICYCLIST_KILLED,COUNT_BICYCLIST_INJURED,COUNT_MC_KILLED,COUNT_MC_INJURED,PRIMARY_RAMP,SECONDARY_RAMP,LATITUDE,LONGITUDE,COUNTY,CITY,POINT_X,POINT_Y
9690899,2024,2024-04-06,3105,2024-03-12,2047,1147,,2,5,5,3105,0,0,0,,0,001,"GALLERIA BL","ANTELOPE CREEK DR",300.00,N,N,A,-,N,,,,,,,,,,Y,4,0,1,3,A,-,03,22350,,N,C,C,A,A,H,-,C,D,0,,,,,Y,,A,01,0,0,1,0,0,0,0,0,0,"- ","- ",38.772129058837891,-121.26564025878906,PLACER,ROSEVILLE,-121.26586151123047,38.772945404052734
9691116,2024,2024-05-14,3105,2024-03-09,1424,1213,,6,5,5,3105,0,0,0,,0,002,"CIRBY WY","OAK RIDGE DR",45.00,E,N,A,-,N,,,,,,,,,,Y,3,0,1,2,A,-,03,22350,,N,C,C,A,A,H,-,A,A,0,,,,,Y,,A,01,0,1,0,0,0,0,0,0,0,"- ","- ",38.729530334472656,-121.26737976074219,PLACER,ROSEVILLE,-121.26721954345703,38.729541778564453
9694271,2024,2024-07-01,3105,2024-05-27,1510,595,,1,5,5,3105,0,0,0,,0,001,"STANFORD RANCH RD","RT 65",660.00,N,N,A,-,Y,PLA,3,65,-,R,5.700,R,4,N,,2,0,1,2,A,-,08,22107,,N,B,C,A,A,H,-,A,A,0,,,,,Y,Y,A,01,1,0,0,0,0,0,0,0,0,"- ","- ",,,PLACER,ROSEVILLE,-121.26218414306641,38.775718688964844
9694938,2024,2024-06-25,3104,2024-04-08,1406,295,25,1,5,4,3104,0,0,0,,0,003,"STANFORD RANCH RD","VICTORY LN",92.00,W,N,A,-,N,,,,,,,,,,Y,3,0,2,2,A,-,01,23152,A,N,D,C,A,A,H,-,C,A,0,,,,,Y,Y,I,11,0,2,0,0,0,0,0,0,0,"- ","- ",38.813510894775391,-121.25547027587891,PLACER,ROCKLIN,-121.25570678710938,38.813671112060547
9696309,2024,2024-05-13,3105,2024-04-13,1607,1221,,6,5,5,3105,0,0,0,,0,003,"HARDING BL","LEADHILL BL",190.00,N,N,C,-,N,,,,,,,,,,Y,4,0,3,2,A,-,08,22107,,N,B,C,A,B,H,-,A,D,0,,,,,Y,,A,01,0,0,3,0,0,0,0,0,0,"- ","- ",38.752498626708984,-121.26782989501953,PLACER,ROSEVILLE,-121.26763916015625,38.75299072265625
9699393,2024,2024-06-14,3100,2024-04-28,1212,143,LO-P,7,5,2,3106,0,0,0,,0,,"TAYLOR RD","OAK ST",50.00,N,N,A,-,N,,,,,,,,,,N,3,0,1,2,A,-,03,22350,,N,B,-,A,A,H,-,A,D,0,,Y,,,Y,,L,04,0,1,0,0,0,0,1,0,0,"- ","- ",38.818649291992188,-121.19570159912109,PLACER,LOOMIS,-121.19523620605469,38.819419860839844
9700003,2024,2024-07-18,3104,2024-05-21,"818 ",617,42,2,5,4,3104,0,0,0,,0,001,"SIERRA COLLEGE BL","COMMONS DR",27.00,N,N,-,-,N,,,,,,,,,,N,4,0,2,2,A,-,12,21453,A,N,-,C,A,-,-,-,-,-,0,,,,,Y,,A,08,0,0,2,0,0,0,0,0,0,"- ","- ",38.800521850585938,-121.20538330078125,PLACER,ROCKLIN,-121.20543670654297,38.805233001708984
9700261,2024,2024-06-27,3104,2024-05-24,1530,302,37,5,5,4,3104,0,0,0,,0,002,"SUNSET BL","3RD ST",685.00,E,N,A,-,N,,,,,,,,,,N,3,0,2,2,A,-,08,22107,,N,B,G,A,A,H,-,A,D,0,,Y,Y,,Y,,L,04,0,2,0,0,0,0,1,0,1,"- ","- ",38.784000396728516,-121.24600219726562,PLACER,ROCKLIN,-121.245849609375,38.783729553222656
9700262,2024,2024-06-27,3104,2024-05-23,"326 ",337,10,4,5,4,3104,0,0,0,,0,004,"SUNSET BL","SAMMY WY",56.00,W,N,A,-,N,,,,,,,,,,Y,4,0,1,1,A,-,07,21658,A,M,E,I,A,A,H,-,C,D,0,,,,,Y,,A,01,0,0,1,0,0,0,0,0,0,"- ","- ",,,PLACER,ROCKLIN,-121.27523040771484,38.806720733642578
9701122,2024,2024-07-19,3105,2024-04-19,2047,1149,,5,5,5,3105,0,0,0,,0,006,"COUNTRY CLUB DR","PLEASANT GROVE BL",78.00,S,N,A,-,N,,,,,,,,,,N,3,0,3,2,A,-,12,21453,A,N,D,C,A,A,D,-,C,A,0,,,,,Y,,-,,0,1,2,0,0,0,0,0,0,"- ","- ",38.768199920654297,-121.32279968261719,PLACER,ROSEVILLE,-121.32271575927734,38.768013000488281
9702724,2024,2024-07-23,3105,2024-05-13,1610,1213,,1,5,5,3105,0,0,0,,0,003,"6TH ST","WEMBERLY DR",0.00,,Y,A,-,N,,,,,,,,,,N,4,0,1,2,A,-,08,22107,,N,A,C,A,A,H,-,A,A,0,,,Y,,Y,,C,03,0,0,1,0,0,0,0,0,1,"- ","- ",38.736621856689453,-121.29852294921875,PLACER,ROSEVILLE,-121.29850006103516,38.736637115478516
9702725,2024,2024-07-23,3105,2024-05-12,"311 ",1204,,7,5,5,3105,0,0,0,,0,003,"ROSEVILLE RD","WHYTE AV",726.00,N,N,A,-,N,,,,,,,,,,Y,4,0,1,1,A,-,03,22349,B,N,E,I,A,A,H,-,C,D,0,,,,,Y,,A,01,0,0,1,0,0,0,0,0,0,"- ","- ",,,PLACER,ROSEVILLE,-121.30995178222656,38.721870422363281
9702840,2024,2024-08-16,3104,2024-06-06,"855 ",236,42,4,5,4,3104,0,0,0,,0,001,"SIERRA COLLEGE BL","SCGRIBER WAY",0.00,,Y,A,-,N,,,,,,,,,,Y,3,0,1,2,A,-,12,21453,A,N,D,C,A,A,H,-,A,A,0,,,,,Y,,A,01,0,1,0,0,0,0,0,0,0,"- ","- ",38.800521850585938,-121.20538330078125,PLACER,ROCKLIN,-121.20552062988281,38.799442291259766
9703576,2024,2024-07-25,3105,2024-05-22,"745 ",1142,,3,5,5,3105,0,0,0,,0,002,"DOUGLAS BL","ROCKY RIDGE DR",600.00,E,N,A,-,N,,,,,,,,,,N,4,0,1,2,A,-,"- ",,,N,C,C,A,A,H,-,A,D,0,,,,,Y,,A,01,0,0,1,0,0,0,0,0,0,"- ","- ",38.745998382568359,-121.25050354003906,PLACER,ROSEVILLE,-121.25091552734375,38.744190216064453
9703662,2024,2024-07-02,3105,2024-05-18,"140 ",1193,,6,5,5,3105,0,0,0,,0,002,"DOUGLAS BL","ROSEVILLE PKWY",15.00,W,N,A,-,N,,,,,,,,,,Y,4,0,1,1,A,-,01,23152,A,N,A,I,A,A,H,-,C,A,0,,,,,Y,Y,A,01,0,0,1,0,0,0,0,0,0,"- ","- ",38.743999481201172,-121.23500061035156,PLACER,ROSEVILLE,-121.23601531982422,38.744052886962891
9704765,2024,2024-07-10,3105,2024-05-04,"241 ",1215,,6,5,5,3105,0,0,0,,0,003,"MELODY LN","CIRBY WY",470.00,S,N,A,-,N,,,,,,,,,,Y,4,0,1,3,A,-,01,23152,A,N,A,E,A,A,H,-,C,D,0,,,,,Y,Y,A,01,0,0,1,0,0,0,0,0,0,"- ","- ",,,PLACER,ROSEVILLE,-121.29119110107422,38.728343963623047
9705634,2024,2024-10-10,3105,2024-06-10,1321,1208,,1,5,5,3105,0,0,0,,0,002,"CIRBY WY","JO CT",240.00,E,N,A,-,N,,,,,,,,,,Y,3,0,1,1,A,-,03,22350,,N,E,I,A,A,H,-,A,D,0,,,Y,,Y,,C,02,0,1,0,0,0,0,0,0,1,"- ","- ",38.729351043701172,-121.2493896484375,PLACER,ROSEVILLE,-121.24942016601562,38.72967529296875
9705639,2024,2024-10-04,3104,2024-06-13,"900 ",617,37,4,5,4,3104,0,0,0,,0,002,"SPRINGVIEW DR","SUNSET BL",22.00,S,N,A,-,N,,,,,,,,,,N,4,0,1,2,A,-,03,22350,,N,C,C,A,A,H,-,A,A,0,,,,,Y,,A,01,0,0,1,0,0,0,0,0,0,"- ","- ",38.784690856933594,-121.24796295166016,PLACER,ROCKLIN,-121.24800872802734,38.784610748291016
9705640,2024,2024-10-04,3104,2024-06-13,1316,257,17,4,5,4,3104,0,0,0,,0,004,"SUNSET BL","PARK DR",0.00,,Y,A,-,N,,,,,,,,,,Y,3,0,2,2,A,-,09,21453,C,N,A,C,A,A,H,-,A,A,0,,,,,Y,,A,07,0,2,0,0,0,0,0,0,0,"- ","- ",38.804740905761719,-121.27294158935547,PLACER,ROCKLIN,-121.27294921875,38.804740905761719
9707801,2024,2024-09-26,3105,2024-06-01,"142 ",1192,,6,5,5,3105,0,0,0,,0,002,"ORLANDO AV","AUBURN BL",0.00,,Y,A,-,Y,PLA,3,80,-,-,0.118,R,4,E,,4,0,1,2,A,-,01,23152,A,N,D,C,A,A,H,-,C,A,0,,,,,Y,Y,D,22,0,0,1,0,0,0,0,0,0,"- ","- ",38.722000122070312,-121.92030334472656,PLACER,ROSEVILLE,-121.29214477539062,38.722976684570312
9707985,2024,2024-07-05,3105,2024-04-07,1650,1137,,7,5,5,3105,0,0,0,,0,003,"VERNON ST","S GRANT ST",70.00,E,N,A,-,N,,,,,,,,,,N,4,0,1,2,A,-,10,21950,C,F,G,B,E,A,H,-,A,D,0,Y,,,,Y,,A,08,0,0,1,0,1,0,0,0,0,"- ","- ",,,PLACER,ROSEVILLE,-121.2850341796875,38.748218536376953
9708265,2024,2024-08-07,3105,2024-06-15,"952 ",1108,,6,5,5,3105,0,0,0,,0,007,"FIDDYMENT RD","VILLAGE GREEN DR",0.00,,Y,A,-,N,,,,,,,,,,Y,3,0,3,2,A,-,12,21453,A,N,D,C,A,A,H,-,A,A,0,,,,,Y,,A,01,0,1,2,0,0,0,0,0,0,"- ","- ",,,PLACER,ROSEVILLE,-121.35865020751953,38.776805877685547
9708290,2024,2024-08-07,3104,2024-06-28,"0   ",293,45,5,5,4,3104,0,0,0,,0,002,"ROCKLIN RD","CREEKSIDE DR",0.00,,Y,A,-,N,,,,,,,,,,N,4,0,1,2,A,-,03,22350,A,N,G,B,B,A,H,-,A,D,0,Y,,,,Y,,A,01,0,0,1,0,1,0,0,0,0,"- ","- ",38.784000396728516,-121.23020172119141,PLACER,ROCKLIN,-121.22734069824219,38.788497924804688
9708761,2024,2024-08-01,3105,2024-06-14,1339,1215,,5,5,5,3105,0,0,0,,0,001,"SECRET RAVINE PKWY","EAST ROSEVILLE PKWY",252.00,N,N,A,-,N,,,,,,,,,,N,4,0,1,2,A,-,03,22350,,N,C,C,A,A,H,-,A,D,0,,,,,Y,,A,01,0,0,1,0,0,0,0,0,0,"- ","- ",,,PLACER,ROSEVILLE,-121.24729156494141,38.762351989746094
9709227,2024,2024-08-05,3105,2024-06-14,1442,1215,,5,5,5,3105,0,0,0,,0,002,"DOUGLAS BL","NORTH SUNRISE AV",274.00,W,N,A,-,N,,,,,,,,,,Y,4,0,1,2,A,-,09,21804,A,N,D,C,A,A,H,-,A,A,0,,,,,Y,,A,01,0,0,1,0,0,0,0,0,0,"- ","- ",,,PLACER,ROSEVILLE,-121.26715850830078,38.744098663330078
9709262,2024,2024-07-24,3103,2024-05-31,"648 ",ADEOL,L1,5,5,2,3103,0,0,0,,0,0L1,"NICOLAUS AV","JOINWE PKWY",0.00,,Y,A,-,N,,,,,,,,,,Y,4,0,2,2,D,-,00,,,N,D,C,A,A,H,-,A,A,0,,,,,Y,,-,"- ",0,0,2,0,0,0,0,0,0,"- ","- ",38.897209167480469,-121.31301116943359,PLACER,LINCOLN,,
9709861,2024,2024-08-19,3105,2024-07-15,2500,1145,,1,5,5,3105,0,0,0,,0,002,"NORTH SUNRISE AV","AUTOMALL DR",367.00,E,N,A,-,N,,,,,,,,,,N,3,0,1,2,A,-,05,21650,1,N,G,G,A,A,H,-,A,B,0,,Y,,,Y,,-,,0,1,0,0,0,0,1,0,0,"- ","- ",,,PLACER,ROSEVILLE,-121.25810241699219,38.753463745117188
9709863,2024,2024-08-19,3105,2024-07-24,2252,1201,,3,5,5,3105,0,0,0,,0,006,"FOOTHILLS BL","WINDING CREEK WY",940.00,N,N,A,-,N,,,,,,,,,,Y,4,0,1,1,A,-,03,22350,,N,F,I,A,A,H,-,C,D,0,,,,,Y,,A,01,0,0,1,0,0,0,0,0,0,"- ","- ",38.795520782470703,-121.31385803222656,PLACER,ROSEVILLE,-121.31681060791016,38.8028564453125
9709865,2024,2024-09-05,3105,2024-07-17,2137,1192,,3,5,5,3105,0,0,0,,0,002,"DOUGLAS BL","SUNRISE AV",0.00,,Y,A,-,N,,,,,,,,,,Y,3,0,1,2,A,-,12,21453,A,N,E,C,A,A,H,-,C,A,0,,,,,Y,,A,01,0,1,0,0,0,0,0,0,0,"- ","- ",,,PLACER,ROSEVILLE,-121.26619720458984,38.744098663330078
9709901,2024,2024-08-06,3105,2024-06-20,1236,1089,,4,5,5,3105,0,0,0,,0,005,"PLEASANT GROVE","HIGHLAND POINTE DR",0.00,,Y,A,-,N,,,,,,,,,,Y,4,0,3,2,A,-,12,21453,A,N,D,C,A,A,H,-,A,A,0,,,,,Y,,A,01,0,0,3,0,0,0,0,0,0,"- ","- ",38.783000946044922,-121.28600311279297,PLACER,ROSEVILLE,-121.2867431640625,38.783275604248047
9710685,2024,2024-07-23,3103,2024-04-23,"228 ",DMALD,L5,2,5,2,3103,0,0,0,,0,0L3,"MCBEAN PARK DR","FERRARI RANCH RD",0.00,,Y,A,-,N,,,,,,,,,,N,3,0,1,1,A,-,07,21658,,N,E,I,A,A,H,-,B,D,0,,,,,Y,,A,01,0,1,0,0,0,0,0,0,0,"- ","- ",38.889228820800781,-121.28707122802734,PLACER,LINCOLN,,
9710866,2024,2024-07-29,3105,2024-07-18,1142,1107,,4,5,5,3105,0,0,0,,0,001,"TAYLOR RD","TAYLOR RD 2000",242.00,S,N,A,-,N,,,,,,,,,,Y,3,0,2,2,A,-,09,21801,A,N,F,C,A,A,H,-,A,D,0,,,,,Y,,A,01,0,1,1,0,0,0,0,0,0,"- ","- ",,,PLACER,ROSEVILLE,-121.13250732421875,38.877109527587891
9710869,2024,2024-07-29,3105,2024-07-02,1405,1168,,2,5,5,3105,0,0,0,,0,004,"N FOOTHILLS BL","DENIO LOOP",396.00,S,N,A,-,N,,,,,,,,,,Y,4,0,1,4,A,-,03,22350,,N,C,C,A,A,H,-,A,A,0,,,,,Y,,D,22,0,0,1,0,0,0,0,0,0,"- ","- ",38.737510681152344,-121.30551910400391,PLACER,ROSEVILLE,-121.30509948730469,38.737289428710938
9711084,2024,2024-08-07,3105,2024-07-11,2304,1149,,4,5,5,3105,0,0,0,,0,007,"PLEASANT GROVE BL","SANTUCCI BL",0.00,,Y,A,-,N,,,,,,,,,,Y,3,0,3,3,A,-,01,23153,A,N,D,E,A,A,H,-,C,A,0,,,,,Y,Y,D,22,0,1,2,0,0,0,0,0,0,"- ","- ",,,PLACER,ROSEVILLE,-121.40008544921875,38.775249481201172
9711168,2024,2024-08-19,3105,2024-07-07,1610,1208,,7,5,5,3105,0,0,0,,0,006,"BLUE OAKS BL","ROSEVILLE PKWY",0.00,,Y,A,-,N,,,,,,,,,,Y,4,0,1,2,A,-,09,21453,C,N,D,C,A,A,H,-,A,A,0,,,,,Y,,A,01,0,0,1,0,0,0,0,0,0,"- ","- ",38.795501708984375,-121.32479095458984,PLACER,ROSEVILLE,,
9711884,2024,2024-09-27,3104,2024-08-16,1348,296,45,5,5,4,3104,0,0,0,,0,002,"PACIFIC ST","SUNSET BL",975.00,N,N,A,-,N,,,,,,,,,,Y,4,0,1,2,A,-,08,22107,,N,B,C,A,A,H,-,A,D,0,,,,,Y,,A,07,0,0,1,0,0,0,0,0,0,"- ","- ",38.784080505371094,-121.24009704589844,PLACER,ROCKLIN,-121.24092864990234,38.783863067626953
9718062,2024,2024-08-07,3105,2024-06-27,1252,1168,,4,5,5,3105,0,0,0,,0,007,"BLUE OAKS BL","DIAMOND CREEK BL",0.00,,Y,A,-,N,,,,,,,,,,N,4,0,1,2,A,-,03,22350,,F,C,C,A,A,H,-,A,A,0,,,,,Y,,-,99,0,0,1,0,0,0,0,0,0,"- ","- ",,,PLACER,ROSEVILLE,-121.333984375,38.795482635498047
9718333,2024,2024-09-06,3104,2024-07-14,"143 ",322,71,7,5,4,3104,0,0,0,,0,001,"AGUILAR RD","GRAY LODGE LP",145.00,S,N,A,-,N,,,,,,,,,,N,3,0,1,1,A,-,01,23152,A,M,E,J,A,A,H,-,D,B,0,,,,,Y,Y,A,01,0,1,0,0,0,0,0,0,0,"- ","- ",38.786029815673828,-121.2193603515625,PLACER,ROCKLIN,,
9718348,2024,2024-07-30,3105,2024-06-28,2500,1133,,5,5,5,3105,0,0,0,,0,003,"HARDING BL","BREUNER DR",123.00,S,N,A,-,N,,,,,,,,,,Y,4,0,1,2,A,-,07,21658,A,N,B,C,A,A,H,-,A,D,0,,,,,Y,,A,01,0,0,1,0,0,0,0,0,0,"- ","- ",38.750431060791016,-121.26930236816406,PLACER,ROSEVILLE,-121.26905059814453,38.750770568847656
9719220,2024,2024-09-27,3100,2024-05-28,1400,180,CO-C,2,5,1,3102,0,0,0,,0,CHARLI,"CENTRAL ST","S AUBURN ST",0.00,,Y,A,-,Y,PLA,3,174,-,-,0.140,H,-,S,N,4,0,1,2,A,-,03,22350,,M,C,C,A,A,H,-,A,A,0,,,,,Y,,D,22,0,0,1,0,0,0,0,0,0,"- ","- ",,,PLACER,COLFAX,-120.95083618164062,39.096839904785156
9721922,2024,2024-09-03,3105,2024-07-21,1613,1208,,7,5,5,3105,0,0,0,,0,004,"MAIN ST","CEDAR ST",0.00,,Y,A,-,N,,,,,,,,,,N,3,0,1,2,A,-,05,21650,1,N,A,G,A,A,H,-,A,D,0,,Y,,,Y,,L,04,0,1,0,0,0,0,1,0,0,"- ","- ",,,PLACER,ROSEVILLE,-121.29508209228516,38.751895904541016
9721924,2024,2024-09-03,3105,2024-07-20,1637,1208,,6,5,5,3105,0,0,0,,0,003,CIRBY,ORLANDO,0.00,,Y,A,-,N,,,,,,,,,,Y,4,0,1,2,A,-,12,21453,A,N,D,C,A,A,H,-,A,A,0,,,,,Y,,A,01,0,0,1,0,0,0,0,0,0,"- ","- ",38.729438781738281,-121.282470703125,PLACER,ROSEVILLE,-121.282470703125,38.729457855224609
9721943,2024,2024-09-10,3105,2024-08-14,1013,1218,,3,5,5,3105,0,0,0,,0,002,DOUGLAS,SUNRISE,0.00,,Y,A,-,N,,,,,,,,,,N,4,0,1,2,A,-,10,21950,A,N,G,B,B,A,H,-,-,A,0,Y,,,,Y,,A,01,0,0,1,0,1,0,0,0,0,"- ","- ",38.744129180908203,-121.26622772216797,PLACER,ROSEVILLE,-121.26619720458984,38.744098663330078
9722205,2024,2024-09-23,3105,2024-09-04,2039,1222,,3,5,5,3105,0,0,0,,0,004,"FOOTHILLS BL","MAIN ST",107.00,S,N,A,-,N,,,,,,,,,,Y,4,0,1,2,A,-,07,21658,A,N,B,C,A,A,H,-,B,D,0,,,,,Y,,A,07,0,0,1,0,0,0,0,0,0,"- ","- ",,,PLACER,ROSEVILLE,-121.30938720703125,38.751537322998047
9722234,2024,2024-09-20,3104,2024-08-22,1620,316,17,4,5,4,3104,0,0,0,,0,004,"STANFORD RANCH RD","DARBY RD",0.00,,Y,A,-,N,,,,,,,,,,N,3,0,1,2,A,-,05,21650,1,N,B,G,A,A,H,-,A,A,0,,Y,,,Y,,L,04,0,1,0,0,0,0,1,0,0,"- ","- ",38.816120147705078,-121.26952362060547,PLACER,ROCKLIN,-121.26951599121094,38.816108703613281
9722261,2024,2024-09-27,3105,2024-07-06,1521,1196,,6,5,5,3105,0,0,0,,0,005,ROSEVILLE,"WASHINGTON BL",408.00,E,N,A,-,N,,,,,,,,,,Y,4,0,1,1,A,-,01,23152,A,N,E,I,A,A,H,-,A,D,0,,,,,Y,Y,A,01,0,0,1,0,0,0,0,0,0,"- ","- ",,,PLACER,ROSEVILLE,-121.29924011230469,38.787326812744141
9722262,2024,2024-09-16,3105,2024-07-25,"526 ",1192,,4,5,5,3105,0,0,0,,0,002,SUNRISE,DOUGLAS,0.00,,Y,A,-,N,,,,,,,,,,Y,3,0,2,2,A,-,12,21453,A,F,A,C,A,A,H,-,B,A,0,,,,,Y,,A,01,0,1,1,0,0,0,0,0,0,"- ","- ",,,PLACER,ROSEVILLE,-121.26619720458984,38.744098663330078
9722544,2024,2024-09-23,3105,2024-08-12,1432,1208,,1,5,5,3105,0,0,0,,0,002,"NORTH SUNRISE AV","DOUGLAS BL",50.00,N,N,A,-,N,,,,,,,,,,N,4,0,1,1,A,-,08,22107,,N,E,I,A,A,H,-,A,D,0,,,,,Y,,A,01,0,0,1,0,0,0,0,0,0,"- ","- ",38.744129180908203,-121.26622772216797,PLACER,ROSEVILLE,-121.26621246337891,38.744235992431641
9722630,2024,2024-09-03,3105,2024-08-13,1726,1219,,2,5,5,3105,0,0,0,,0,002,"OAK RIDGE DR","CIRBY WY",0.00,,Y,A,-,N,,,,,,,,,,Y,2,0,2,2,A,-,12,21453,A,N,D,C,A,A,H,-,A,A,0,,,,,Y,,D,23,1,1,0,0,0,0,0,0,0,"- ","- ",,,PLACER,ROSEVILLE,-121.26737976074219,38.729537963867188
9722662,2024,2025-01-03,3105,2024-08-21,"723 ",1220,,3,5,5,3105,0,0,0,,0,006,"BASELINE RD","JUNCTION BL",0.00,,Y,A,-,N,,,,,,,,,,Y,3,0,3,3,A,-,17,21461,A,N,D,C,A,A,H,-,A,A,0,,,,,Y,,A,01,0,1,2,0,0,0,0,0,0,"- ","- ",,,PLACER,ROSEVILLE,-121.35250091552734,38.751811981201172
9722676,2024,2024-10-04,3105,2024-08-31,1736,1198,,6,5,5,3105,0,0,0,,0,006,"BASELINE RD","FOOTHILLS BL",368.00,W,N,A,-,N,,,,,,,,,,Y,3,0,2,2,A,-,09,21801,A,N,D,C,A,A,H,-,A,D,0,,,,,Y,,D,22,0,1,1,0,0,0,0,0,0,"- ","- ",,,PLACER,ROSEVILLE,-121.31067657470703,38.751850128173828
9723041,2024,2024-09-20,3105,2024-07-28,2119,1222,,7,5,5,3105,0,0,0,,0,001,GALLERIA,"ROSEVILLE PKWY",56.00,E,N,A,-,N,,,,,,,,,,Y,3,0,1,3,A,-,03,22350,,N,C,C,A,A,H,-,C,A,0,,,,,Y,,A,01,0,1,0,0,0,0,0,0,0,"- ","- ",,,PLACER,ROSEVILLE,-121.26589965820312,38.768699645996094
9723042,2024,2024-09-20,3105,2024-07-06,2500,1145,,6,5,5,3105,0,0,0,,0,004,DENIO,"FOOTHILLS BL",150.00,S,N,A,-,N,,,,,,,,,,N,3,0,1,2,A,-,03,22350,,N,C,C,A,A,H,-,A,D,0,,,,,Y,,A,01,0,1,0,0,0,0,0,0,0,"- ","- ",,,PLACER,ROSEVILLE,-121.30622100830078,38.737930297851562
9723785,2024,2024-10-15,3105,2024-09-15,1934,1186,,7,5,5,3105,0,0,0,,0,005,"MAPLE CREEK DR","STANFORD RANCH DR",139.00,W,N,A,-,N,,,,,,,,,,Y,3,0,1,1,A,-,03,22350,,N,E,I,A,A,H,-,A,D,0,,,,,Y,,A,01,0,1,0,0,0,0,0,0,0,"- ","- ",,,PLACER,ROSEVILLE,-121.26984405517578,38.791755676269531
9723789,2024,2024-10-16,3105,2024-09-26,1650,1198,,4,5,5,3105,0,0,0,,0,006,"N FOOTHILLS BL",SWITCHMAN,420.00,S,N,A,-,N,,,,,,,,,,Y,4,0,3,3,A,-,04,21703,,N,C,C,A,A,H,-,A,D,0,,,,,Y,,A,01,0,0,3,0,0,0,0,0,0,"- ","- ",,,PLACER,ROSEVILLE,-121.30930328369141,38.748809814453125
9724171,2024,2026-01-02,3105,2024-09-21,"741 ",3062,,6,5,5,3105,0,0,0,,0,006,"BASELINE RD","RUDGWICK DR",0.00,,Y,A,-,N,,,,,,,,,,N,4,0,1,2,A,-,11,21950,B,N,H,G,A,A,H,-,A,A,0,,Y,,,Y,,L,04,0,0,1,0,0,0,1,0,0,"- ","- ",,,PLACER,ROSEVILLE,-121.34149169921875,38.751850128173828
9724194,2024,2024-10-22,3105,2024-09-25,1106,3062,,3,5,5,3105,0,0,0,,0,004,"WASHINGTON BL","JUNCTION BL",0.00,,Y,A,-,N,,,,,,,,,,N,4,0,1,2,A,-,12,21453,A,N,D,C,A,A,H,-,A,A,0,,,,,Y,,A,01,0,0,1,0,0,0,0,0,0,"- ","- ",,,PLACER,ROSEVILLE,-121.29416656494141,38.761432647705078
9727331,2024,2024-12-17,3105,2024-11-12,1530,1197,,2,5,5,3105,0,0,0,,0,006,"WOODCREEK OAKS BL","PLEASANT GROVE BL",306.00,S,N,A,-,N,,,,,,,,,,N,4,0,1,2,A,-,03,22350,,N,C,C,A,A,H,-,A,D,0,,,,,Y,,A,01,0,0,1,0,0,0,0,0,0,"- ","- ",,,PLACER,ROSEVILLE,-121.33010101318359,38.767719268798828
9729046,2024,2024-09-03,3105,2024-07-19,1805,1132,,5,5,5,3105,0,0,0,,0,005,"FAIRWAY DR","MONTROSE AV",254.00,E,N,A,-,N,,,,,,,,,,N,4,0,1,2,A,-,09,21804,A,N,D,C,A,A,H,-,A,A,0,,,,,Y,,A,01,0,0,1,0,0,0,0,0,0,"- ","- ",,,PLACER,ROSEVILLE,-121.28337860107422,38.790031433105469
9730763,2024,2024-09-10,3105,2024-08-06,1721,1128,,2,5,5,3105,0,0,0,,0,003,"ATLANTIC ST","WILLS RD",438.00,E,N,A,-,N,,,,,,,,,,Y,3,0,1,3,A,-,03,22350,,N,C,C,A,A,C,-,A,A,0,,,,,Y,,A,01,0,1,0,0,0,0,0,0,0,"- ","- ",,,PLACER,ROSEVILLE,-121.26637268066406,38.758068084716797
9733089,2024,2024-12-03,3105,2024-07-10,1817,1143,,3,5,5,3105,0,0,0,,0,002,"EAST ROSEVILLE PKWY","HILLSBOROUGH DR",0.00,,Y,A,-,N,,,,,,,,,,N,3,0,2,1,A,-,03,22350,,N,F,A,A,A,H,-,A,A,0,,,,,Y,,M,97,0,2,0,0,0,0,0,0,0,"- ","- ",38.730449676513672,-121.2227783203125,PLACER,ROSEVILLE,-121.2227783203125,38.730457305908203
9734495,2024,2024-10-09,3105,2024-08-27,1145,1128,,2,5,5,3105,0,0,0,,0,002,"SUNRISE AV","DOUGLAS BL",350.00,N,N,A,-,N,,,,,,,,,,Y,3,0,1,2,A,-,08,22107,,N,A,C,A,A,C,-,A,D,0,,,,,Y,,D,22,0,1,0,0,0,0,0,0,0,"- ","- ",,,PLACER,ROSEVILLE,-121.26619720458984,38.744098663330078
9734509,2024,2024-09-23,3105,2024-09-07,1001,1187,,6,5,5,3105,0,0,0,,0,006,"FOOTHILLS BL","JUNCTION BL",160.00,S,N,A,-,N,,,,,,,,,,N,4,0,2,3,A,-,03,22350,,N,C,C,A,A,H,-,A,A,0,,,,,Y,,A,01,0,0,2,0,0,0,0,0,0,"- ","- ",,,PLACER,ROSEVILLE,-121.31005096435547,38.758750915527344