CASE_ID,ACCIDENT_YEAR,PROC_DATE,JURIS,COLLISION_DATE,COLLISION_TIME,OFFICER_ID,REPORTING_DISTRICT,DAY_OF_WEEK,CHP_SHIFT,POPULATION,CNTY_CITY_LOC,SPECIAL_COND,BEAT_TYPE,CHP_BEAT_TYPE,CITY_DIVISION_LAPD,CHP_BEAT_CLASS,BEAT_NUMBER,PRIMARY_RD,SECONDARY_RD,DISTANCE,DIRECTION,INTERSECTION,WEATHER_1,WEATHER_2,STATE_HWY_IND,CALTRANS_COUNTY,CALTRANS_DISTRICT,STATE_ROUTE,ROUTE_SUFFIX,POSTMILE_PREFIX,POSTMILE,LOCATION_TYPE,RAMP_INTERSECTION,SIDE_OF_HWY,TOW_AWAY,COLLISION_SEVERITY,NUMBER_KILLED,NUMBER_INJURED,PARTY_COUNT,PRIMARY_COLL_FACTOR,PCF_CODE_OF_VIOL,PCF_VIOL_CATEGORY,PCF_VIOLATION,PCF_VIOL_SUBSECTION,HIT_AND_RUN,TYPE_OF_COLLISION,MVIW,PED_ACTION,ROAD_SURFACE,ROAD_COND_1,ROAD_COND_2,LIGHTING,CONTROL_DEVICE,CHP_ROAD_TYPE,PEDESTRIAN_ACCIDENT,BICYCLE_ACCIDENT,MOTORCYCLE_ACCIDENT,TRUCK_ACCIDENT,NOT_PRIVATE_PROPERTY,ALCOHOL_INVOLVED,STWD_VEHTYPE_AT_FAULT,CHP_VEHTYPE_AT_FAULT,COUNT_SEVERE_INJ,COUNT_VISIBLE_INJ,COUNT_COMPLAINT_PAIN,COUNT_PED_KILLED,COUNT_PED_INJURED,COUNT_BICYCLIST_KILLED,COUNT_BICYCLIST_INJURED,COUNT_MC_KILLED,COUNT_MC_INJURED,PRIMARY_RAMP,SECONDARY_RAMP,LATITUDE,LONGITUDE,COUNTY,CITY,POINT_X,POINT_Y
9811467,2025,2025-07-25,3105,2025-06-19,2117,1232,,4,5,5,3105,0,0,0,,0,006,"JUNCTION BL","FOOTHILLS BL",0.00,,Y,A,-,N,,,,,,,,,,Y,3,0,2,2,A,-,09,21453,C,N,D,C,A,A,H,-,C,A,0,,,,,Y,,D,22,0,2,0,0,0,0,0,0,0,"- ","- ",,,PLACER,ROSEVILLE,-121.30995941162109,38.759185791015625
9811470,2025,2025-07-25,3105,2025-06-06,1656,3088,,5,5,5,3105,0,0,0,,0,002,"SIERRA COLLEGE BL","ROSEVILLE PKWY",575.00,S,N,A,-,N,,,,,,,,,,N,4,0,1,3,A,-,03,22350,,N,C,C,A,A,H,-,A,A,0,,,,,Y,,D,22,0,0,1,0,0,0,0,0,0,"- ","- ",,,PLACER,ROSEVILLE,-121.22582244873047,38.729400634765625
9811471,2025,2025-07-25,3105,2025-06-29,1441,1230,,7,5,5,3105,0,0,0,,0,002,"DOUGLAS BL","SIERRA GARDENS DR",484.00,E,N,A,-,N,,,,,,,,,,Y,4,0,1,2,A,-,03,22350,,N,C,C,A,A,H,-,A,A,0,,,,,Y,,D,22,0,0,1,0,0,0,0,0,0,"- ","- ",,,PLACER,ROSEVILLE,-121.25753784179688,38.744182586669922
9811491,2025,2025-08-25,3100,2025-07-03,2240,124,COC,4,5,1,3102,0,0,0,,0,CHARLI,"S AUBURN ST","E OAK ST",0.00,,Y,A,-,N,,,,,,,,,,Y,3,0,1,2,A,-,09,21802,A,F,D,C,A,A,H,-,C,D,0,,,,,Y,Y,D,22,0,1,0,0,0,0,0,0,0,"- ","- ",39.079128265380859,-120.96009826660156,PLACER,COLFAX,-120.95108032226562,39.097881317138672
9811556,2025,2025-08-21,3100,2025-07-30,2240,124,COC,3,5,1,3102,0,0,0,,0,CHARLI,"S AUBURN ST","E OAK ST",0.00,,Y,A,-,N,,,,,,,,,,Y,3,0,1,2,A,-,09,21802,A,F,D,C,A,A,H,-,C,D,0,,,,,Y,Y,D,22,0,1,0,0,0,0,0,0,0,"- ","- ",39.079128265380859,-120.96009826660156,PLACER,COLFAX,-120.95108032226562,39.097881317138672
9811598,2025,2025-07-25,3105,2025-06-10,1018,1212,,2,5,5,3105,0,0,0,,0,007,"DEL WEBB BL","SUN CITY BL",0.00,,Y,A,-,N,,,,,,,,,,N,3,0,1,3,D,-,00,,,N,B,J,A,-,H,-,A,D,0,,,,,Y,,-,"- ",0,1,0,0,0,0,0,0,0,"- ","- ",,,PLACER,ROSEVILLE,-121.35462188720703,38.776851654052734
9811646,2025,2025-08-22,3105,2025-07-02,"900 ",3066,,3,5,5,3105,0,0,0,,0,006,"INDUSTRIAL AV","GALILEE RD",0.00,,Y,A,-,N,,,,,,,,,,Y,4,0,2,2,A,-,09,21802,A,N,D,C,A,A,H,-,A,A,0,,,,,Y,,A,07,0,0,2,0,0,0,0,0,0,"- ","- ",,,PLACER,ROSEVILLE,-121.30606079101562,38.778640747070312
9812535,2025,2025-11-07,3105,2025-10-02,1928,1180,,4,5,5,3105,0,0,0,,0,002,"DOUGLAS BL","RT 80",0.00,,Y,A,-,Y,PLA,3,80,-,-,2.145,R,4,E,N,4,0,1,2,A,-,03,22350,,N,C,C,A,A,H,-,C,A,0,,,,,Y,,A,01,0,0,1,0,0,0,0,0,0,"- ","- ",,,PLACER,ROSEVILLE,-121.26920318603516,38.746273040771484
9812827,2025,2025-11-24,3105,2025-10-16,2049,1242,,4,5,5,3105,0,0,0,,0,001,"TAYLOR RD","RT 80",93.00,S,N,A,-,Y,PLA,3,80,-,-,3.601,R,4,E,Y,4,0,2,2,A,-,05,21650,,N,A,C,A,A,H,-,D,D,0,,,,,Y,,A,07,0,0,2,0,0,0,0,0,0,"- ",EF,,,PLACER,ROSEVILLE,-121.25667572021484,38.764759063720703
9820641,2025,2025-10-01,3104,2025-09-14,1028,347,7,7,5,4,3104,0,0,0,,0,004,"WILDCAT BL","WHITNEY RANCH PKWY",394.00,N,N,A,-,N,,,,,,,,,,N,3,0,1,2,A,-,03,22350,,N,E,J,A,A,H,-,A,A,0,,,,,Y,,A,01,0,1,0,0,0,0,0,0,0,"- ","- ",38.830551147460938,-121.28795623779297,PLACER,ROCKLIN,-121.28848266601562,38.831485748291016
9823198,2025,2025-09-03,3104,2025-08-16,"945 ",331,43,6,5,4,3104,0,0,0,,0,001,"GRANITE DR","DOMINGUEZ RD",0.00,,Y,A,-,N,,,,,,,,,,Y,3,0,2,2,A,-,08,22107,,N,D,C,A,A,H,-,A,D,0,,,,,Y,,A,01,0,1,1,0,0,0,0,0,0,"- ","- ",38.799301147460938,-121.21283721923828,PLACER,ROCKLIN,-121.21288299560547,38.799304962158203
9823221,2025,2025-09-09,3105,2025-08-07,1648,1184,,4,5,5,3105,0,0,0,,0,007,"PLEASANT GROVE BL","FIDDYMENT RD",0.00,,Y,A,-,N,,,,,,,,,,N,4,0,1,2,A,-,09,21804,A,N,D,B,A,A,H,-,A,A,0,,,,,Y,Y,M,94,0,0,1,0,0,0,0,0,0,"- ","- ",,,PLACER,ROSEVILLE,-121.35873413085938,38.766292572021484
9823223,2025,2025-09-09,3105,2025-08-21,1530,3088,,4,5,5,3105,0,0,0,,0,006,"WOODCREEK OAKS BL","CANEVARI DR",0.00,,Y,A,-,N,,,,,,,,,,N,4,0,1,2,A,-,00,21456,2,N,D,G,A,A,H,-,A,A,0,,Y,,,Y,,L,04,0,0,1,0,0,0,1,0,0,"- ","- ",,,PLACER,ROSEVILLE,-121.33007049560547,38.772529602050781
9823231,2025,2025-09-09,3105,2025-08-28,1225,1214,,4,5,5,3105,0,0,0,,0,005,"PLEASANT GROVE BL","HIGHLAND POINT DR",26.00,S,N,A,-,N,,,,,,,,,,N,4,0,2,2,A,-,03,22350,,F,C,C,A,A,H,-,A,A,0,,,,,Y,Y,A,01,0,0,2,0,0,0,0,0,0,"- ","- ",,,PLACER,ROSEVILLE,-121.28677368164062,38.783214569091797
9823236,2025,2025-09-10,3104,2025-08-26,1231,283,14,2,5,4,3104,0,0,0,,0,004,"WILDCAT BL","W STANDFORD RANCH RD",475.00,N,N,B,-,N,,,,,,,,,,Y,3,0,1,1,A,-,17,23109,C,N,E,I,A,B,H,-,A,D,0,,,,,Y,,A,01,0,1,0,0,0,0,0,0,0,"- ","- ",38.819938659667969,-121.28090667724609,PLACER,ROCKLIN,-121.28153991699219,38.819713592529297
9823870,2025,2025-09-18,3105,2025-09-06,1809,1131,,6,5,5,3105,0,0,0,,0,001,"SIERRA COLLEGE BL","SECRET RAVINE",20.00,N,N,A,-,N,,,,,,,,,,Y,3,0,3,2,A,-,03,22350,,N,C,C,A,A,H,-,A,A,0,,,,,Y,,A,01,0,2,1,0,0,0,0,0,0,"- ","- ",,,PLACER,ROSEVILLE,-121.22274017333984,38.764842987060547
9823872,2025,2025-10-15,3101,2025-08-25,1842,A825,AU12,1,5,3,3101,0,0,0,,0,0A1,"GARFIELD ST","GRASS VALLEY HWY",0.00,,Y,A,-,Y,PLA,3,49,-,-,3.350,H,-,N,N,4,0,1,2,A,-,08,22107,,N,B,C,A,A,H,-,B,D,0,,,,,Y,,D,22,0,0,1,0,0,0,0,0,0,"- ","- ",38.902439117431641,-121.07584381103516,PLACER,AUBURN,-121.07577514648438,38.902389526367188
9826553,2025,2025-06-27,3105,2025-06-11,1539,3088,,3,5,5,3105,0,0,0,,0,002,"ROCKY RIDGE DR","EUREKA RD",0.00,,Y,A,-,N,,,,,,,,,,Y,4,0,2,2,A,-,12,21453,A,N,D,C,A,A,H,-,A,A,0,,,,,Y,,A,01,0,0,2,0,0,0,0,0,0,"- ","- ",,,PLACER,ROSEVILLE,-121.25135803222656,38.751686096191406
9826555,2025,2025-06-27,3105,2025-06-04,1722,1172,,3,5,5,3105,0,0,0,,0,001,"ROSEVILLE PKWY","WEST DR",0.00,,Y,A,-,N,,,,,,,,,,Y,4,0,1,2,A,-,12,22450,,N,D,C,A,A,H,-,-,A,0,,,,,Y,,A,01,0,0,1,0,0,0,0,0,0,"- ","- ",,,PLACER,ROSEVILLE,-121.27301788330078,38.772350311279297
9826559,2025,2025-06-27,3105,2025-06-17,1330,1150,,2,5,5,3105,0,0,0,,0,001,"EAST ROSEVILLE PKWY","ROCKY RIDGE DR",0.00,,Y,A,-,N,,,,,,,,,,Y,4,0,2,2,A,-,01,23153,B,N,A,C,A,-,H,-,A,A,0,,,,,Y,Y,A,01,0,0,2,0,0,0,0,0,0,"- ","- ",,,PLACER,ROSEVILLE,-121.24288940429688,38.752983093261719
9827364,2025,2025-07-17,3105,2025-06-18,1350,3066,,3,5,5,3105,0,0,0,,0,003,CIRBY,"FOOTHILLS BL",44.00,E,N,A,-,N,,,,,,,,,,N,4,0,2,2,A,-,21,22106,,N,C,C,A,A,H,-,A,A,0,,,,,Y,,D,22,0,0,2,0,0,0,0,0,0,"- ","- ",,,PLACER,ROSEVILLE,-121.30364990234375,38.729457855224609
9827477,2025,2025-07-25,3104,2025-07-02,1652,338,10B,3,5,4,3104,0,0,0,,0,004,"PARK DR","MISTY HOLLOW DR",32.00,N,N,A,-,N,,,,,,,,,,Y,3,0,1,1,A,-,08,22107,,N,E,I,A,A,H,-,A,D,0,,,,,Y,,A,01,0,1,0,0,0,0,0,0,0,"- ","- ",38.796161651611328,-121.27632141113281,PLACER,ROCKLIN,-121.27632904052734,38.796257019042969
9829811,2025,2025-08-20,3104,2025-07-05,1500,343,15,6,5,4,3104,0,0,0,,0,004,"IROQUOIS RD","WILCAT BL",45.00,E,N,A,-,N,,,,,,,,,,N,3,0,1,2,A,-,03,22350,,N,A,E,A,A,H,-,A,A,0,,Y,,,Y,,L,04,0,1,0,0,0,0,1,0,0,"- ","- ",38.822139739990234,-121.28244018554688,PLACER,ROCKLIN,-121.28244781494141,38.822139739990234
9829820,2025,2025-08-21,3105,2025-07-04,2130,1214,,5,5,5,3105,0,0,0,,0,007,"FIDDYMENT RD","PLEASANT GROVE BL",0.00,,Y,A,-,N,,,,,,,,,,Y,4,0,3,2,A,-,09,21453,C,N,A,C,A,A,H,-,C,A,0,,,,,Y,,-,,0,0,3,0,0,0,0,0,0,"- ","- ",,,PLACER,ROSEVILLE,-121.35873413085938,38.766292572021484
9829831,2025,2025-07-23,3104,2025-06-27,1705,322,46,5,5,4,3104,0,0,0,,0,002,"WOODSIDE DR","SEQUOIA ST",0.00,,Y,A,-,N,,,,,,,,,,Y,3,0,2,2,A,-,08,22107,,N,A,C,A,A,H,-,A,D,0,,,,,Y,,A,01,0,2,0,0,0,0,0,0,0,"- ","- ",38.779029846191406,-121.2403564453125,PLACER,ROCKLIN,-121.24034118652344,38.779029846191406
9831002,2025,2025-08-25,3105,2025-07-19,1808,1206,,6,5,5,3105,0,0,0,,0,006,"PLEASANT GROVE BL","WOODCREEK OAKS BL",300.00,W,N,A,-,N,,,,,,,,,,Y,4,0,2,2,A,-,08,22107,,N,B,C,A,A,H,-,A,D,0,,,,,Y,,A,01,0,0,2,0,0,0,0,0,0,"- ","- ",,,PLACER,ROSEVILLE,-121.33112335205078,38.768581390380859
9831485,2025,2025-07-23,3105,2025-06-05,1311,1218,,4,5,5,3105,0,0,0,,0,003,"RIVERSIDE AV","CIRBY WY",0.00,,Y,A,-,N,,,,,,,,,,Y,4,0,2,3,A,-,12,21453,A,N,D,C,A,A,H,-,-,A,0,,,,,Y,,A,01,0,0,2,0,0,0,0,0,0,"- ",CO,,,PLACER,ROSEVILLE,-121.29045867919922,38.729347229003906
9831552,2025,2025-07-08,3105,2025-06-20,1543,1238,,5,5,5,3105,0,0,0,,0,006,"JUNCTION BL","FOOTHILLS BL",597.00,N,N,A,-,N,,,,,,,,,,Y,2,0,2,2,A,-,09,21801,A,N,D,C,A,A,H,-,A,A,0,,,,,Y,,A,01,1,0,1,0,0,0,0,0,0,"- ","- ",38.761001586914062,-121.310302734375,PLACER,ROSEVILLE,-121.30995941162109,38.759178161621094
9831560,2025,2025-07-08,3104,2025-06-20,1315,333,38,5,5,4,3104,0,0,0,,0,003,"FIVE STAR BL","WHITNEY BL",0.00,,Y,A,-,N,,,,,,,,,,Y,4,0,1,2,A,-,12,21453,A,N,A,C,A,A,H,-,A,A,0,,,,,Y,,A,01,0,0,1,0,0,0,0,0,0,"- ","- ",38.780399322509766,-121.26300048828125,PLACER,ROCKLIN,-121.26397705078125,38.780441284179688
9857747,2024,2024-12-30,3105,2024-11-19,"947 ",1230,,2,5,5,3105,0,0,0,,0,001,"EAST ROSEVILLE PKWY","ALEXANDRA DR",0.00,,Y,A,-,N,,,,,,,,,,Y,4,0,2,2,A,-,12,21453,A,N,D,C,A,A,H,-,A,A,0,,,,,Y,,A,07,0,0,2,0,0,0,0,0,0,"- ","- ",,,PLACER,ROSEVILLE,-121.24423217773438,38.756248474121094
9867022,2025,2025-11-21,3104,2025-03-31,2005,321,42,1,5,4,3104,0,0,0,,0,001,"GRANITE DR","SIERRA COLLEGE BL",904.00,W,N,A,-,N,,,,,,,,,,Y,1,1,0,1,A,-,01,23152,A,N,E,J,A,A,H,-,C,D,0,,,Y,,Y,,C,02,0,0,0,0,0,0,0,1,0,"- ","- ",38.797210693359375,-121.21537017822266,PLACER,ROCKLIN,-121.20866394042969,38.806484222412109
9868607,2025,2025-08-18,3105,2025-07-30,1213,3066,,3,5,5,3105,0,0,0,,0,005,"PLEASANT GROVE BL","FAIRWAY DR",908.00,W,N,A,-,N,,,,,,,,,,Y,4,0,2,3,A,-,03,22350,,N,C,C,A,A,H,-,A,A,0,,,,,Y,,A,07,0,0,2,0,0,0,0,0,0,"- ","- ",,,PLACER,ROSEVILLE,-121.28340911865234,38.787380218505859
9869009,2025,2025-08-12,3104,2025-07-21,1020,343,45,1,5,4,3104,0,0,0,,0,002,"ROCKLIN RD","PACIFIC ST",414.00,E,N,A,-,N,,,,,,,,,,Y,3,0,1,2,A,-,00,12500,B,N,A,C,A,A,H,-,A,A,0,,,Y,,Y,,C,02,0,1,0,0,0,0,0,0,1,"- ","- ",38.790290832519531,-121.23400115966797,PLACER,ROCKLIN,-121.23477172851562,38.790237426757812
9869010,2025,2025-08-14,3104,2025-07-27,1806,328,10,7,5,4,3104,0,0,0,,0,004,"PARK DR","COLLET QUARRY DR",0.00,,Y,A,-,N,,,,,,,,,,Y,3,0,7,2,A,-,12,21453,A,N,D,C,A,A,H,-,A,A,0,,,,,Y,,A,01,0,3,4,0,0,0,0,0,0,"- ","- ",38.797000885009766,-121.2760009765625,PLACER,ROCKLIN,-121.27670288085938,38.797523498535156
9869488,2025,2025-08-29,3105,2025-08-08,1634,1130,,5,5,5,3105,0,0,0,,0,001,"GALLERIA BL","ANTELOPE CREEK DR",374.00,S,N,A,-,N,,,,,,,,,,Y,3,0,1,2,A,-,00,22107,I,N,F,A,A,A,H,-,A,D,0,,,Y,,Y,,A,07,0,1,0,0,0,0,0,0,1,"- ","- ",,,PLACER,ROSEVILLE,-121.26589202880859,38.771091461181641
9869661,2025,2025-09-02,3105,2025-08-03,"720 ",595,,7,5,5,3105,0,0,0,,0,002,"EUREKA RD","LEAD HILL BL",0.00,,Y,A,-,N,,,,,,,,,,Y,4,0,2,2,A,-,12,21453,A,N,D,C,A,A,H,-,A,A,0,,,,,Y,,A,07,0,0,2,0,0,0,0,0,0,"- ","- ",,,PLACER,ROSEVILLE,-121.24778747558594,38.748340606689453
9869670,2025,2025-09-02,3105,2025-08-22,1909,1181,,5,5,5,3105,0,0,0,,0,006,"N FOOTHILLS BL","W MAIN ST W",0.00,,Y,A,-,N,,,,,,,,,,N,4,0,1,2,A,-,03,22350,I,N,C,C,A,A,H,-,A,A,0,,,,,Y,,A,01,0,0,1,0,0,0,0,0,0,"- ","- ",,,PLACER,ROSEVILLE,-121.30938720703125,38.7518310546875
9869673,2025,2025-09-02,3105,2025-08-18,1658,1158,,1,5,5,3105,0,0,0,,0,005,"ROSEVILLE PKWY","GIBSON DR",130.00,W,N,A,-,N,,,,,,,,,,Y,3,0,1,3,A,-,03,22350,I,N,C,C,A,A,H,-,A,D,0,,,,,Y,,A,01,0,1,0,0,0,0,0,0,0,"- ","- ",,,PLACER,ROSEVILLE,-121.28530120849609,38.777599334716797
9869674,2025,2025-09-02,3105,2025-08-18,1520,1229,,1,5,5,3105,0,0,0,,0,004,"WASHINGTON BL","DIAMOND OAKS RD",0.00,,Y,A,-,N,,,,,,,,,,N,4,0,1,2,A,-,10,21950,A,N,D,G,A,A,H,-,A,A,0,,Y,,,Y,,A,01,0,0,1,0,0,0,1,0,0,"- ","- ",,,PLACER,ROSEVILLE,-121.30255889892578,38.770912170410156
9869692,2025,2025-09-11,3105,2025-08-02,1507,1223,,6,5,5,3105,0,0,0,,0,005,"STANFORD RANCH RD","FAIRWAY DR",0.00,,Y,A,-,N,,,,,,,,,,Y,4,0,1,3,B,-,22,,,N,D,C,A,A,-,-,A,A,0,,,,,Y,,A,01,0,0,1,0,0,0,0,0,0,"- ","- ",,,PLACER,ROSEVILLE,-121.26573181152344,38.783638000488281
9869713,2025,2025-08-29,3105,2025-07-28,1001,1240,,1,5,5,3105,0,0,0,,0,006,"WOODCREEK OAKS BL","JUNCTION BL",0.00,,Y,A,-,N,,,,,,,,,,Y,4,0,2,2,A,-,12,21453,A,N,D,C,A,A,H,-,A,A,0,,,,,Y,,A,01,0,0,2,0,0,0,0,0,0,"- ","- ",,,PLACER,ROSEVILLE,-121.33479309082031,38.758438110351562
9869909,2025,2025-08-11,3105,2025-07-30,"42  ",1203,,3,5,5,3105,0,0,0,,0,006,"PLEASANT GROVE BL","WOODCREEK OAKS BL",370.00,W,N,A,-,N,,,,,,,,,,Y,3,0,1,2,A,-,01,23152,A,F,B,G,A,A,H,-,C,D,0,,Y,,,Y,Y,D,22,0,1,0,0,0,0,1,0,0,"- ","- ",,,PLACER,ROSEVILLE,-121.33136749267578,38.768581390380859
9869939,2025,2025-09-03,3105,2025-07-29,1830,1186,,2,5,5,3105,0,0,0,,0,003,"CIRBY WY","RIVERSIDE AV",0.00,,Y,A,-,N,,,,,,,,,,Y,4,0,3,3,A,-,12,21453,A,N,D,C,A,A,H,-,A,A,0,,,,,Y,,A,01,0,0,3,0,0,0,0,0,0,"- ","- ",,,PLACER,ROSEVILLE,-121.29045867919922,38.729347229003906
9870202,2025,2025-08-22,3104,2025-08-07,1722,338,42,4,5,4,3104,0,0,0,,0,001,"SIERRA COLLEGE BL","BASS PRO DR",881.00,S,N,A,-,N,,,,,,,,,,Y,3,0,1,3,A,-,03,22350,,N,B,C,A,A,H,-,A,D,0,,,Y,,Y,,C,02,0,1,0,0,0,0,0,0,1,"- ","- ",38.803489685058594,-121.20513153076172,PLACER,ROCKLIN,-121.20574951171875,38.795814514160156
9870432,2025,2025-09-23,3104,2025-08-25,1720,316,17,1,5,4,3104,0,0,0,,0,003,"PARK DR","FARRIER DR",0.00,,Y,A,-,N,,,,,,,,,,Y,3,0,2,3,C,-,18,,,N,D,D,A,A,H,-,A,A,0,,,,,Y,,-,"- ",0,1,1,0,0,0,0,0,0,"- ","- ",38.806770324707031,-121.26793670654297,PLACER,ROCKLIN,-121.26796722412109,38.806892395019531
9870531,2025,2025-09-17,3105,2025-08-22,2236,1237,,5,5,5,3105,0,0,0,,0,007,"S FIDDYMENT RD","E HAYDEN PKWY",0.00,,Y,A,-,N,,,,,,,,,,Y,3,0,1,2,A,-,12,21453,A,N,D,C,A,A,H,-,C,A,0,,,,,Y,,A,01,0,1,0,0,0,0,0,0,0,"- ","- ",,,PLACER,ROSEVILLE,-121.35868072509766,38.783737182617188
9874025,2025,2025-10-02,3105,2025-09-02,1316,1231,,2,5,5,3105,0,0,0,,0,004,"FOOTHILLS BL",DENIO,0.00,,Y,A,-,N,,,,,,,,,,N,3,0,1,2,A,-,08,22107,,N,B,C,A,A,H,-,A,D,0,,,,,Y,,A,01,0,1,0,0,0,0,0,0,0,"- ","- ",,,PLACER,ROSEVILLE,-121.30622100830078,38.737926483154297
9874027,2025,2025-10-02,3105,2025-09-07,1537,1239,,7,5,5,3105,0,0,0,,0,001,"TAYLOR RD","ROSEVILLE PKWY",921.00,S,N,A,-,N,,,,,,,,,,N,3,0,2,2,A,-,03,22350,,N,C,C,A,A,H,-,A,A,0,,,,,Y,,A,01,0,1,1,0,0,0,0,0,0,"- ","- ",,,PLACER,ROSEVILLE,-121.25740814208984,38.759815216064453
9874083,2025,2025-10-08,3104,2025-09-14,1323,345,42,7,5,4,3104,0,0,0,,0,001,"SIERRA COLLEGE BL","SCHRIBER WY",107.00,E,N,A,-,N,,,,,,,,,,N,3,0,1,2,A,-,12,21453,,N,D,C,A,A,H,-,A,A,0,,,Y,,Y,,A,01,0,1,0,0,0,0,0,0,1,"- ","- ",38.797359466552734,-121.20580291748047,PLACER,ROCKLIN,-121.20552062988281,38.7994384765625
9874084,2025,2025-10-08,3104,2025-09-09,1553,338,43,2,5,4,3104,0,0,0,,0,001,"ROCKLIN RD","AGUILAR RD",347.00,W,N,A,-,N,,,,,,,,,,N,3,0,1,2,A,-,03,22350,,N,C,C,A,A,H,-,A,A,0,,,,,Y,,A,01,0,1,0,0,0,0,0,0,0,"- ","- ",38.789619445800781,-121.22061920166016,PLACER,ROCKLIN,-121.22091674804688,38.788463592529297
9874628,2025,2025-10-15,3105,2025-09-18,2158,1242,,4,5,5,3105,0,0,0,,0,003,"BONITA ST","EARL AV",113.00,E,N,A,-,N,,,,,,,,,,Y,4,0,1,2,A,-,01,23153,A,F,C,E,A,A,H,-,C,D,0,,,,,Y,Y,A,07,0,0,1,0,0,0,0,0,0,"- ","- ",,,PLACER,ROSEVILLE,-121.28757476806641,38.742088317871094
9875003,2025,2025-11-04,3105,2025-09-19,2500,1187,,5,5,5,3105,0,0,0,,0,006,"BASELINE BL","PROSPECT POINT DR",0.00,,Y,A,-,N,,,,,,,,,,N,3,0,1,2,A,-,08,22107,,F,C,G,A,A,H,-,D,D,0,,Y,,,Y,,-,,0,1,0,0,0,0,1,0,0,"- ","- ",,,PLACER,ROSEVILLE,-121.32539367675781,38.751865386962891
9875004,2025,2025-10-28,3105,2025-09-06,1845,1232,,6,5,5,3105,0,0,0,,0,002,"CIRBY WY","VISTA CREEK DR",0.00,,Y,A,-,N,,,,,,,,,,N,3,0,1,2,A,-,09,21801,A,F,D,G,A,A,H,-,B,A,0,,Y,,,Y,Y,A,07,0,1,0,0,0,0,1,0,0,"- ","- ",,,PLACER,ROSEVILLE,-121.26448059082031,38.729557037353516
9875014,2025,2025-10-31,3104,2025-09-22,1603,303,43,1,5,4,3104,0,0,0,,0,001,"GRANITE DR","WARREN LN",24.00,N,N,A,-,N,,,,,,,,,,Y,4,0,2,2,A,-,09,21804,,N,D,C,A,A,H,-,A,D,0,,,,,Y,,A,01,0,0,2,0,0,0,0,0,0,"- ","- ",38.796630859375,-121.21449279785156,PLACER,ROCKLIN,-121.21615600585938,38.796329498291016
9875015,2025,2025-11-04,3104,2025-09-24,1702,346,34,3,5,4,3104,0,0,0,,0,002,"ARGONAUT AV","NORTHSTAR ST",230.00,E,N,A,-,N,,,,,,,,,,N,3,0,1,2,A,-,05,21650,1,N,A,C,A,A,H,-,B,D,0,,Y,,,Y,,L,04,0,1,0,0,0,0,1,0,0,"- ","- ",38.797931671142578,-121.24900817871094,PLACER,ROCKLIN,-121.24903869628906,38.797664642333984
9875297,2025,2025-10-30,3105,2025-10-06,1659,1240,,1,5,5,3105,0,0,0,,0,006,"BLUE OAKS BL","WASHINGTON BL",0.00,,Y,A,-,N,,,,,,,,,,Y,3,0,1,3,A,-,12,21453,A,N,D,C,A,A,H,-,A,A,0,,,,,Y,,A,01,0,1,0,0,0,0,0,0,0,"- ","- ",,,PLACER,ROSEVILLE,-121.30046081542969,38.795200347900391
9875300,2025,2025-10-30,3105,2025-10-01,1011,3066,,3,5,5,3105,0,0,0,,0,003,"DOUGLAS BL","BULJAN DR",347.00,W,N,A,-,N,,,,,,,,,,N,3,0,1,1,A,-,03,22350,,N,H,A,A,A,H,-,A,A,0,,,Y,,Y,,C,02,0,1,0,0,0,0,0,0,1,"- ","- ",,,PLACER,ROSEVILLE,-121.28364562988281,38.743907928466797
9875423,2025,2025-10-27,3103,2025-09-24,1742,JSCHM,L1,3,5,2,3103,0,0,0,,0,0L1,"BUSINESS PARK DR","AVIATION BL",567.00,E,N,B,-,N,,,,,,,,,,N,3,0,1,1,A,-,03,22350,,N,F,A,A,A,H,-,A,D,0,,,Y,,Y,,C,02,0,1,0,0,0,0,0,0,1,"- ","- ",38.901580810546875,-121.34008026123047,PLACER,LINCOLN,-121.33814239501953,38.900012969970703
9875496,2025,2025-10-28,3105,2025-09-13,1305,1231,,6,5,5,3105,0,0,0,,0,004,"CIRBY WY","OAK RIDGE DR",0.00,,Y,A,-,N,,,,,,,,,,Y,3,0,1,2,A,-,12,21453,A,N,D,C,A,-,A,H,-,A,0,,,,,Y,,A,01,0,1,0,0,0,0,0,0,0,"- ","- ",,,PLACER,ROSEVILLE,-121.26737976074219,38.729537963867188
9875807,2025,2025-11-24,3105,2025-10-15,1701,1241,,3,5,5,3105,0,0,0,,0,002,"OAK RIDGE DR","CIRBY WY",0.00,,Y,A,-,N,,,,,,,,,,Y,4,0,2,2,A,-,12,21453,A,N,D,C,A,A,H,-,A,A,0,,,,,Y,,A,01,0,0,2,0,0,0,0,0,0,"- ","- ",,,PLACER,ROSEVILLE,-121.26737976074219,38.729537963867188
9875811,2025,2025-11-25,3105,2025-10-16,1751,1242,,4,5,5,3105,0,0,0,,0,003,"CIRBY WY","NORTHRIDGE DR",0.00,,Y,A,-,N,,,,,,,,,,Y,4,0,1,2,A,-,03,22350,,N,C,C,A,A,H,-,A,A,0,,,,,Y,,A,01,0,0,1,0,0,0,0,0,0,"- ","- ",,,PLACER,ROSEVILLE,-121.29470062255859,38.729358673095703
9875818,2025,2025-11-25,3105,2025-10-14,1047,3066,,2,5,5,3105,0,0,0,,0,006,"BLUE OAKS BL","NEW MEADOW DR",0.00,,Y,C,-,N,,,,,,,,,,Y,4,0,1,2,A,-,12,21453,A,N,D,C,A,B,H,-,A,A,0,,,,,Y,,A,08,0,0,1,0,0,0,0,0,0,"- ","- ",,,PLACER,ROSEVILLE,-121.32157897949219,38.795291900634766
9877014,2025,2025-10-10,3105,2025-08-31,"858 ",1222,,7,5,5,3105,0,0,0,,0,003,"RT 80","RIVERSIDE AV",10.00,E,N,A,-,Y,PLA,3,80,-,-,0.565,R,1,W,N,4,0,1,2,A,-,03,22350,,N,C,C,A,-,H,-,A,A,0,,,,,Y,,A,01,0,0,1,0,0,0,0,0,0,"- ","- ",,,PLACER,ROSEVILLE,-121.28694152832031,38.728057861328125