CASE_ID,ACCIDENT_YEAR,PROC_DATE,JURIS,COLLISION_DATE,COLLISION_TIME,OFFICER_ID,REPORTING_DISTRICT,DAY_OF_WEEK,CHP_SHIFT,POPULATION,CNTY_CITY_LOC,SPECIAL_COND,BEAT_TYPE,CHP_BEAT_TYPE,CITY_DIVISION_LAPD,CHP_BEAT_CLASS,BEAT_NUMBER,PRIMARY_RD,SECONDARY_RD,DISTANCE,DIRECTION,INTERSECTION,WEATHER_1,WEATHER_2,STATE_HWY_IND,CALTRANS_COUNTY,CALTRANS_DISTRICT,STATE_ROUTE,ROUTE_SUFFIX,POSTMILE_PREFIX,POSTMILE,LOCATION_TYPE,RAMP_INTERSECTION,SIDE_OF_HWY,TOW_AWAY,COLLISION_SEVERITY,NUMBER_KILLED,NUMBER_INJURED,PARTY_COUNT,PRIMARY_COLL_FACTOR,PCF_CODE_OF_VIOL,PCF_VIOL_CATEGORY,PCF_VIOLATION,PCF_VIOL_SUBSECTION,HIT_AND_RUN,TYPE_OF_COLLISION,MVIW,PED_ACTION,ROAD_SURFACE,ROAD_COND_1,ROAD_COND_2,LIGHTING,CONTROL_DEVICE,CHP_ROAD_TYPE,PEDESTRIAN_ACCIDENT,BICYCLE_ACCIDENT,MOTORCYCLE_ACCIDENT,TRUCK_ACCIDENT,NOT_PRIVATE_PROPERTY,ALCOHOL_INVOLVED,STWD_VEHTYPE_AT_FAULT,CHP_VEHTYPE_AT_FAULT,COUNT_SEVERE_INJ,COUNT_VISIBLE_INJ,COUNT_COMPLAINT_PAIN,COUNT_PED_KILLED,COUNT_PED_INJURED,COUNT_BICYCLIST_KILLED,COUNT_BICYCLIST_INJURED,COUNT_MC_KILLED,COUNT_MC_INJURED,PRIMARY_RAMP,SECONDARY_RAMP,LATITUDE,LONGITUDE,COUNTY,CITY,POINT_X,POINT_Y
7067284,2015,2015-09-22,3104,2015-09-01,1230,530,,2,5,4,3104,0,0,0,,0,001,"ROCKLIN RD","SIERRA COLLEGE BL",528.00,E,N,A,-,N,,,,,,,,,,,4,0,1,2,A,-,09,21804,A,N,B,C,A,A,H,-,A,D,0,,,,,Y,,-,,0,0,1,0,0,0,0,0,0,"- ","- ",,,PLACER,ROCKLIN,-121.20422777,38.788598319999998
7077472,2015,2017-01-13,3104,2015-09-30,1803,218,42,3,5,4,3104,0,0,0,,0,001,"SIERRA COLLEGE BL","CROSSINGS DR",0.00,,Y,B,-,Y,PLA,3,80,-,-,7.249,R,4,E,Y,4,0,2,2,A,-,03,22350,,N,D,C,A,-,H,-,A,A,0,,,,,Y,,D,73,0,0,2,0,0,0,0,0,0,"- ","- ",38.79992,-121.2052,PLACER,ROCKLIN,-121.20761353,38.801028639999998
7090378,2015,2017-01-13,3101,2015-09-05,1410,16,3101,6,5,3,3101,0,0,0,,0,001,"RT 49","LINCOLN WY",192.00,S,N,A,-,Y,PLA,3,49,-,-,2.350,H,-,N,Y,4,0,1,2,A,-,03,22350,A,N,B,J,A,A,H,-,A,D,0,,,Y,,Y,,A,01,0,0,1,0,0,0,0,0,1,"- ","- ",,,PLACER,AUBURN,-121.04048047000001,38.915452780000003
7090564,2015,2015-10-07,3103,2015-09-10,1350,BSCHN,L8,4,5,2,3103,0,0,0,,0,0L4,"TWELVE BRIDGES DR","CAMINO VERDERA",792.00,W,N,A,-,N,,,,,,,,,,Y,3,0,1,1,A,-,03,22350,,N,E,I,A,A,H,-,A,D,0,,,,,Y,,A,08,0,1,0,0,0,0,0,0,0,"- ","- ",,,PLACER,LINCOLN,-121.23988195,38.864787370000002
7090568,2015,2015-10-07,3103,2015-09-20,1529,JMCCA,L5,7,5,2,3103,0,0,0,,0,0L3,"MCBEAN PARK DR","LINCOLN BL",2.00,E,N,A,-,N,,,,,,,,,,N,3,0,1,2,A,-,12,21453,A,N,H,G,A,D,H,-,A,A,0,,Y,,,Y,,L,04,0,1,0,0,0,0,1,0,0,"- ","- ",38.890509999999999,-121.29279,PLACER,LINCOLN,-121.29279296999999,38.890509999999999
7090572,2015,2015-10-07,3103,2015-09-21,0759,CMASS,L4,1,5,2,3103,0,0,0,,0,0L2,"JOINER PKWY","DOWNING CIR",354.00,N,N,A,-,N,,,,,,,,,,Y,4,0,1,1,A,-,03,22350,,N,E,J,A,A,H,-,A,D,0,,,,,Y,,A,01,0,0,1,0,0,0,0,0,0,"- ","- ",38.880389999999998,-121.31271,PLACER,LINCOLN,-121.31362587,38.88117038
7100264,2015,2017-01-13,3103,2015-09-16,1500,WCOLL,L8,3,5,2,3103,0,0,0,,0,0L4,"TWELVE BRIDGES DR","N/B TWELVE BRIDGES OFF RAMP",0.00,,Y,B,-,Y,PLA,3,65,-,R,11.978,R,4,N,Y,4,0,1,2,A,-,12,21453,A,N,D,C,A,A,H,-,A,A,0,,,,,Y,,A,01,0,0,1,0,0,0,0,0,0,"- ","- ",38.853740000000002,-121.30041,PLACER,LINCOLN,-121.29957973,38.851924910000001
7103154,2015,2015-10-31,3104,2015-10-19,1338,280,52,1,5,4,3104,0,0,0,,0,001,"SIERRA COLLEGE BL","NIGHTWATCH DR",0.00,,Y,A,-,N,,,,,,,,,,Y,4,0,1,2,A,-,03,22350,,N,C,C,A,A,H,-,A,A,0,,,,,Y,,A,07,0,0,1,0,0,0,0,0,0,"- ","- ",38.7789,-121.21026000000001,PLACER,ROCKLIN,-121.21042998,38.773939949999999
7103252,2015,2015-11-19,3104,2015-10-29,0800,530,,4,5,4,3104,0,0,0,,0,,"SUNSET BL","SOUTH WITNEY",50.00,E,N,A,-,N,,,,,,,,,,Y,4,0,2,3,A,-,03,22350,,N,C,C,A,A,H,-,A,A,0,,,,,Y,,-,,0,0,2,0,0,0,0,0,0,"- ","- ",,,PLACER,ROCKLIN,-121.25269844,38.786646509999997
7108466,2015,2016-02-03,3104,2015-10-23,0853,254,12,5,5,4,3104,0,0,0,,0,004,"SUNSET BL","LONE TREE BL",0.00,,Y,A,-,N,,,,,,,,,,Y,4,0,2,3,A,-,12,21453,A,N,D,C,A,A,H,-,A,A,0,,,,,Y,,A,01,0,0,2,0,0,0,0,0,0,"- ","- ",38.815019999999997,-121.28672,PLACER,ROCKLIN,-121.28674989,38.81501995
7110377,2015,2015-11-13,3103,2015-10-05,0843,CMASS,L5,1,5,2,3103,0,0,0,,0,0L3,"LINCOLN BL","GLADDING LN",0.00,E,Y,A,-,N,,,,,,,,,,Y,4,0,1,2,A,-,09,21802,,N,D,C,A,A,H,-,A,D,0,,,,,Y,,A,07,0,0,1,0,0,0,0,0,0,"- ","- ",38.904339999999998,-121.2941,PLACER,LINCOLN,-121.29674995000001,38.899629969999999
7111990,2015,2015-11-17,3103,2015-10-12,1230,KJOHN,,1,5,2,3103,0,0,0,,0,0L6,"TRUCHARD LN","TIMBERLAND CT",0.00,,N,A,-,N,,,,,,,,,,N,4,0,1,2,A,-,03,22350,,N,B,C,A,A,H,-,A,D,0,,,Y,,Y,,C,02,0,0,1,0,0,0,0,0,1,"- ","- ",38.886090000000003,-121.27581000000001,PLACER,LINCOLN,-121.27582997,38.88611993
7112949,2015,2016-08-19,3103,2015-10-18,1713,PFREN,L4,7,5,2,3103,0,0,0,,0,0L2,"CALEDON CIR","FERRARI RANCH RD",15.00,N,N,A,-,N,,,,,,,,,,N,4,0,1,1,A,-,"- ",,,N,H,A,A,A,H,-,A,D,0,,,Y,,Y,,C,02,0,0,1,0,0,0,0,0,1,"- ","- ",38.868130000000001,-121.31177,PLACER,LINCOLN,-121.32074,38.868369999999999
7114275,2015,2015-11-17,3104,2015-11-06,1830,530,,5,5,4,3104,0,0,0,,0,001,"PARK DR","WHITNEY OAKS DR",0.00,,Y,A,-,N,,,,,,,,,,Y,4,0,2,2,A,-,12,22450,,N,D,C,A,A,H,-,C,A,0,,,,,Y,,-,,0,0,2,0,0,0,0,0,0,"- ","- ",,,PLACER,ROCKLIN,-121.24332995,38.820729929999999
7114276,2015,2015-11-17,3104,2015-11-06,1441,251,43,5,5,4,3104,0,0,0,,0,001,"SIERRA MEADOWS DR","CORP YARD RD",0.00,,Y,A,-,N,,,,,,,,,,N,3,0,2,2,A,-,03,22350,,N,C,C,A,A,H,-,A,D,0,,,,,Y,,A,01,0,1,1,0,0,0,0,0,0,"- ","- ",38.79786,-121.22329999999999,PLACER,ROCKLIN,,
7119091,2015,2015-12-01,3104,2015-11-18,0924,280,RSVL,3,5,4,3104,0,0,0,,0,002,"STANFORD RANCH RD","FIVE STAR BL",0.00,S,N,A,-,N,,,,,,,,,,N,4,0,1,2,D,-,00,,,N,B,C,A,A,H,-,A,D,0,,,,,Y,,-,"- ",0,0,1,0,0,0,0,0,0,"- ","- ",38.782850000000003,-121.26374,PLACER,ROCKLIN,-121.26571989999999,38.781799900000003
7119092,2015,2015-12-01,3104,2015-11-16,0845,530,,1,5,4,3104,0,0,0,,0,001,"PACIFIC ST","MIDAS AV",0.00,,Y,A,-,N,,,,,,,,,,Y,4,0,1,2,A,-,12,21453,A,N,D,C,A,A,H,-,A,A,0,,,,,Y,,-,,0,0,1,0,0,0,0,0,0,"- ","- ",,,PLACER,ROCKLIN,-121.23247995,38.79531996
7119094,2015,2015-12-01,3104,2015-11-10,1104,280,71,2,5,4,3104,0,0,0,,0,001,"ROCKLIN RD","AGUILAR RD",144.00,E,N,A,-,N,,,,,,,,,,N,4,0,1,2,A,-,03,22350,,N,C,C,A,A,H,-,A,A,0,,,,,Y,,A,01,0,0,1,0,0,0,0,0,0,"- ","- ",38.784709999999997,-121.21966999999999,PLACER,ROCKLIN,-121.21919477,38.788449999999997
7126660,2015,2016-02-10,3104,2015-11-23,1858,235,38,1,5,4,3104,0,0,0,,0,003,"SUNSET BL","STANFORD RANCH DR",0.00,,Y,A,-,N,,,,,,,,,,Y,4,0,1,2,A,-,09,21453,B,N,A,C,A,A,H,-,C,A,0,,,,,Y,,A,01,0,0,1,0,0,0,0,0,0,"- ","- ",38.795319999999997,-121.26503,PLACER,ROCKLIN,-121.26510987,38.7961399
7128127,2015,2015-12-07,3101,2015-11-25,1019,19,3101,3,5,3,3101,0,0,0,,0,002,"MAIDU DR","WILDWOOD DR",0.00,,Y,B,-,N,,,,,,,,,,Y,4,0,1,2,A,-,03,22350,,N,C,C,A,A,H,-,A,D,0,,,,,Y,,A,01,0,0,1,0,0,0,0,0,0,"- ","- ",,,PLACER,AUBURN,-121.07781996999999,38.874229970000002
7128177,2015,2015-12-10,3104,2015-11-20,0834,279,7,5,5,4,3104,0,0,0,,0,001,"ROCKLIN RD","AGUILAR RD",19.00,E,N,A,-,N,,,,,,,,,,Y,4,0,1,2,A,-,03,22350,,N,C,C,A,A,H,-,A,A,0,,,,,Y,,A,07,0,0,1,0,0,0,0,0,0,"- ","- ",,,PLACER,ROCKLIN,-121.21963334,38.788449999999997
7128281,2015,2017-01-31,3104,2015-11-29,1154,233,42,7,5,4,3104,0,0,0,,0,001,"RT 80","MILEPOST 7",102.00,E,N,A,-,Y,PLA,3,80,-,-,7.020,H,-,W,Y,3,0,1,1,A,-,03,22350,A,N,E,I,A,A,H,-,A,D,0,,,,,Y,Y,A,01,0,1,0,0,0,0,0,0,0,"- ","- ",38.805190000000003,-121.20631,PLACER,ROCKLIN,-121.21062123,38.798736980000001
7132244,2015,2015-12-14,3100,2015-11-27,1238,136,135,5,5,2,3106,0,0,0,,0,PAUL,"TAYLOR RD","TAYLOR RD 3680",0.00,,-,A,-,N,,,,,,,,,,N,3,0,1,2,A,-,09,21801,A,N,G,B,D,A,H,-,A,D,0,Y,,,,Y,,A,01,0,1,0,0,1,0,0,0,0,"- ","- ",,,PLACER,LOOMIS,-121.19414537999999,38.820584150000002
7132592,2015,2015-12-18,3101,2015-12-08,2125,257,3101,2,5,3,3101,0,0,0,,0,001,"WALSH ST","HIGH ST",117.00,N,N,E,-,N,,,,,,,,,,Y,3,0,1,1,A,-,01,23153,A,N,B,I,A,A,H,-,C,A,0,,,,,Y,Y,D,22,0,1,0,0,0,0,0,0,0,"- ","- ",,,PLACER,AUBURN,-121.06947005000001,38.901089140000003
7140550,2015,2016-08-16,3104,2015-12-07,1801,218,71,1,5,4,3104,0,0,0,,0,001,"ROCKLIN RD","ROCKLIN RD 4700",55.00,W,N,A,-,N,,,,,,,,,,Y,4,0,1,3,A,-,03,22350,,N,C,C,A,A,H,-,C,A,0,,,,,Y,,A,07,0,0,1,0,0,0,0,0,0,"- ","- ",38.78389,-121.21210000000001,PLACER,ROCKLIN,,
7143500,2015,2017-02-04,3101,2015-12-14,1729,16,3101,1,5,3,3101,0,0,0,,0,001,"RT 49","PALM AV",568.00,S,N,A,-,Y,PLA,3,49,-,-,3.670,H,-,S,Y,4,0,1,3,A,-,03,22350,,N,C,C,A,A,H,-,C,D,0,,,,,Y,,A,01,0,0,1,0,0,0,0,0,0,"- ","- ",,,PLACER,AUBURN,-121.07671932,38.906824090000001
7147313,2015,2016-08-19,3100,2015-12-15,2009,253,,2,5,1,3102,0,0,0,,0,26C,"GRASS VALLEY ST","MAIN ST",23.00,W,N,A,-,N,,,,,,,,,,N,3,0,1,2,A,-,11,21950,B,N,G,B,B,A,H,-,C,A,0,Y,,,,Y,,N,,0,1,0,0,1,0,0,0,0,"- ","- ",,,PLACER,COLFAX,-120.95353925000001,39.100463210000001
7149746,2015,2016-01-07,3104,2015-12-25,1222,279,45,5,5,4,3104,0,0,0,,0,002,"WINDING LN","S GROVE ST",436.00,W,N,A,-,N,,,,,,,,,,Y,3,0,4,1,A,-,00,23103,,N,F,A,A,A,G,-,A,D,0,,,,,Y,,A,07,0,1,3,0,0,0,0,0,0,"- ","- ",38.787100000000002,-121.23233999999999,PLACER,ROCKLIN,-121.23380185000001,38.787356099999997
7153428,2015,2017-01-23,3101,2015-07-17,1430,18,5,5,5,3,3101,0,0,0,,0,002,"RT 49","PALM AV",1056.00,S,N,A,-,Y,PLA,3,49,-,-,3.580,H,-,S,Y,3,0,1,2,A,-,03,22350,,M,C,C,A,A,H,-,A,A,0,,,,,Y,,-,,0,1,0,0,0,0,0,0,0,"- ","- ",,,PLACER,AUBURN,-121.07651084,38.905535639999997
7153662,2015,2016-01-19,3101,2015-12-29,1738,24,APD,2,5,3,3101,0,0,0,,0,002,"OAKWOOD DR","HIGH ST",0.00,,Y,A,-,N,,,,,,,,,,Y,4,0,2,2,A,-,09,21801,A,N,D,C,A,A,H,-,C,A,0,,,,,Y,,A,01,0,0,2,0,0,0,0,0,0,"- ","- ",,,PLACER,AUBURN,-121.07223990999999,38.896469949999997
7155130,2015,2016-08-16,3103,2015-12-22,0830,PFREN,L4,2,5,2,3103,0,0,0,,0,0L2,"BRENTWOOD CIR","ALBERTON CIR",30.00,W,N,B,-,N,,,,,,,,,,N,4,0,1,1,A,-,03,22350,,N,E,I,A,B,H,-,A,D,0,,,,,Y,,A,08,0,0,1,0,0,0,0,0,0,"- ","- ",38.864649999999997,-121.30907000000001,PLACER,LINCOLN,-121.30915403,38.864684269999998
7158050,2015,2016-01-23,3104,2015-11-12,0745,515,3104,4,5,4,3104,0,0,0,,0,,"VICTORY DR","VICTORY LN",0.00,,Y,A,-,N,,,,,,,,,,Y,4,0,1,2,A,-,03,22350,,N,G,B,B,A,H,-,A,D,0,Y,,,,Y,,-,,0,0,1,0,1,0,0,0,0,"- ","- ",,,PLACER,ROCKLIN,-121.25378990999999,38.814749990000003
7165429,2016,2016-01-26,3104,2016-01-05,1230,530,,2,5,4,3104,0,0,0,,0,004,"WILDCAT BL",BRIDLEWOOD,0.00,,Y,C,-,N,,,,,,,,,,Y,4,0,1,2,A,-,12,21453,A,N,D,C,A,B,H,-,A,A,0,,,,,Y,,-,,0,0,1,0,0,0,0,0,0,"- ","- ",,,PLACER,ROCKLIN,-121.28569,38.826379930000002
7165595,2016,2016-01-28,3104,2016-01-07,0930,530,,4,5,4,3104,0,0,0,,0,004,"LONE TREE BL","GRAND CANYON DR",0.00,,Y,C,-,N,,,,,,,,,,Y,4,0,1,2,A,-,12,21453,A,N,D,C,A,B,H,-,A,A,0,,,,,Y,,-,,0,0,1,0,0,0,0,0,0,"- ","- ",,,PLACER,ROCKLIN,-121.29259995,38.798479970000002
7174612,2016,2016-02-05,3101,2016-01-20,2033,19,3101,3,5,3,3101,0,0,0,,0,002,"SKYRIDGE DR","VALLEY VIEW DR",0.00,,Y,B,-,N,,,,,,,,,,Y,3,0,1,1,A,-,01,23152,A,N,E,I,A,A,H,-,C,D,0,,,,,Y,,A,01,0,1,0,0,0,0,0,0,0,"- ","- ",,,PLACER,AUBURN,-121.07547991,38.883779910000001
7174616,2016,2016-02-05,3101,2016-01-25,1608,257,3101,1,5,3,3101,0,0,0,,0,001,"LINCOLN WY","HIDDEN GLEN DR",500.00,W,N,B,-,N,,,,,,,,,,Y,3,0,1,2,A,-,01,23152,A,N,B,C,A,A,H,-,A,A,0,,,,,Y,Y,A,01,0,1,0,0,0,0,0,0,0,"- ","- ",,,PLACER,AUBURN,-121.06129,38.913209999999999
7176855,2016,2016-02-05,3104,2016-01-26,0647,267,12,2,5,4,3104,0,0,0,,0,004,"SUNSET BL","LONETREE BL",50.00,W,N,A,-,N,,,,,,,,,,N,4,0,1,3,A,-,03,22350,,N,C,C,A,A,H,-,B,A,0,,,,,Y,,A,01,0,0,1,0,0,0,0,0,0,"- ","- ",38.814889999999998,-121.28664000000001,PLACER,ROCKLIN,-121.28683765,38.815138949999998
7178235,2016,2016-02-16,3100,2016-01-15,2115,96,,5,5,2,3106,0,0,0,,0,135,"TAYLOR RD","RACHEL LN",0.00,N,N,B,-,N,,,,,,,,,,Y,3,0,2,2,A,-,09,21800,A,N,A,C,A,A,H,-,D,D,0,,,,,Y,,-,,0,1,1,0,0,0,0,0,0,"- ","- ",,,PLACER,LOOMIS,-121.18914995999999,38.828089890000001
7179977,2016,2016-02-16,3103,2016-01-29,0432,BROGE,L5,5,5,2,3103,0,0,0,,0,0L3,"6TH ST","F ST",34.00,W,N,C,-,N,,,,,,,,,,Y,2,0,1,1,A,-,01,23152,A,M,E,I,A,B,H,-,C,D,0,,,,,Y,Y,D,22,1,0,0,0,0,0,0,0,0,"- ","- ",38.893459999999997,-121.29192,PLACER,LINCOLN,-121.29166947,38.893129999999999
7180136,2016,2016-02-11,3103,2016-01-15,0750,KJOHN,L4,5,5,2,3103,0,0,0,,0,0L2,"MOORE RD","FIDDYMENT RD",3.00,W,N,E,-,N,,,,,,,,,,Y,4,0,1,1,A,-,"- ",,,N,E,I,A,B,H,-,A,A,0,,,,,Y,,A,01,0,0,1,0,0,0,0,0,0,"- ","- ",38.868099999999998,-121.34932000000001,PLACER,LINCOLN,-121.34935054,38.868119999999998
7180140,2016,2016-02-11,3103,2016-01-21,0750,JMORS,L1,4,5,2,3103,0,0,0,,0,0L1,"LAKESIDE DR","FLORADALE WY",0.00,,Y,A,-,N,,,,,,,,,,N,3,0,1,2,A,-,10,21950,,N,H,G,A,A,H,-,A,A,0,,Y,,,Y,,A,01,0,1,0,0,0,0,1,0,0,"- ","- ",38.901400000000002,-121.32341,PLACER,LINCOLN,-121.32337986,38.901419939999997
7180152,2016,2016-02-16,3103,2016-01-05,1831,KKLEM,L4,2,5,2,3103,0,0,0,,0,0L2,"STANMARK LN","EQUINOX LP",0.00,,Y,B,-,N,,,,,,,,,,Y,4,0,1,2,A,-,09,21802,A,N,D,C,A,B,H,-,C,A,0,,,,,Y,,A,08,0,0,1,0,0,0,0,0,0,"- ","- ",38.872799999999998,-121.30052999999999,PLACER,LINCOLN,-121.30156995999999,38.873019999999997
7187159,2014,2016-02-17,3105,2014-04-20,0944,1009,,7,5,5,3105,0,0,0,,0,,"DOUGLAS BL","SUNRISE AV",0.00,,Y,A,-,N,,,,,,,,,,Y,4,0,2,3,A,-,09,21453,C,N,D,C,A,A,H,-,A,A,0,,,,,Y,,A,08,0,0,2,0,0,0,0,0,0,"- ","- ",,,PLACER,ROSEVILLE,-121.26619994000001,38.74409996
7187381,2016,2016-09-08,3104,2016-02-11,1810,245,12,4,5,4,3104,0,0,0,,0,004,"SUNSET BL","LONE TREE BL",0.00,,Y,A,-,N,,,,,,,,,,N,4,0,1,2,A,-,12,21453,A,N,H,G,A,A,H,-,C,A,0,,Y,,,Y,,L,04,0,0,1,0,0,0,1,0,0,"- ","- ",38.814889999999998,-121.28664000000001,PLACER,ROCKLIN,-121.28674989,38.81501995
7187767,2016,2016-03-08,3104,2016-02-07,1456,277,38,7,5,4,3104,0,0,0,,0,003,"S WHITNEY BL",LINCOLN,81.00,W,N,A,-,N,,,,,,,,,,N,4,0,1,2,A,-,03,22350,,N,C,C,A,A,H,-,A,A,0,,,,,Y,,A,01,0,0,1,0,0,0,0,0,0,"- ","- ",38.78049,-121.26393,PLACER,ROCKLIN,-121.26284416,38.78049
7187940,2016,2016-02-22,3104,2016-02-01,1821,281,38,1,5,4,3104,0,0,0,,0,003,"SUNSET BL","LIGHT POLE #2332",70.00,W,N,B,-,N,,,,,,,,,,N,4,0,1,2,A,-,03,22350,,N,B,C,A,A,H,-,C,D,0,,,,,Y,,A,01,0,0,1,0,0,0,0,0,0,"- ","- ",,,PLACER,ROCKLIN,,
7190512,2016,2016-11-07,3105,2016-03-31,1727,1034,,4,5,5,3105,0,0,0,,0,005,"BLUE OAKS BL","PACKARD DR",300.00,E,N,A,-,N,,,,,,,,,,Y,1,1,4,2,A,-,08,22107,,N,D,C,A,A,H,-,A,D,0,,,,,Y,,-,"- ",0,2,2,0,0,0,0,0,0,"- ","- ",38.79524,-121.30056,PLACER,ROSEVILLE,-121.30557822,38.795383729999998
7193358,2016,2016-03-10,3104,2016-02-23,1546,240,15,2,5,4,3104,0,0,0,,0,004,"WEST OAKS BL","HUNTER DR",0.00,,Y,A,-,N,,,,,,,,,,Y,4,0,1,3,A,-,09,21801,A,N,D,C,A,A,H,-,A,D,0,,,,,Y,,D,22,0,0,1,0,0,0,0,0,0,"- ","- ",38.82255,-121.27127,PLACER,ROCKLIN,-121.27138995999999,38.822619950000004
7193833,2016,2016-03-04,3104,2016-02-11,2014,240,5,4,5,4,3104,0,0,0,,0,004,"UNIVERSITY AV","SUNSET BL",0.00,,Y,A,-,N,,,,,,,,,,N,4,0,2,2,A,-,03,22350,,N,C,C,A,A,H,-,C,A,0,,,,,Y,,A,01,0,0,2,0,0,0,0,0,0,"- ","- ",38.836489999999998,-121.29183999999999,PLACER,ROCKLIN,-121.29232,38.817259970000002
7198963,2016,2016-03-11,3103,2016-02-06,1156,JMORS,L2,6,5,2,3103,0,0,0,,0,0L1,"JOINER PKWY","5TH ST",0.00,,Y,A,-,N,,,,,,,,,,Y,3,0,2,2,A,-,12,21453,A,N,D,D,A,A,H,-,A,A,0,,,,,Y,,A,01,0,1,1,0,0,0,0,0,0,"- ","- ",38.891779999999997,-121.30292,PLACER,LINCOLN,-121.31360993,38.89174989
7200201,2017,2019-04-08,3104,2017-05-23,0311,276,46,2,5,4,3104,0,0,0,,0,002,"PACIFIC ST","SUNSET BL",300.00,S,N,A,-,N,,,,,,,,,,Y,1,1,0,1,A,-,03,22350,,N,E,I,A,B,H,-,E,D,0,,,Y,,Y,Y,C,02,0,0,0,0,0,0,0,1,0,"- ","- ",38.781379999999999,-121.2422,PLACER,ROCKLIN,-121.24302059,38.780872840000001
7201524,2016,2016-03-16,3104,2016-03-06,1111,251,25,7,5,4,3104,0,0,0,,0,003,"STANFORD RANCH RD","PARK DR",0.00,,Y,B,-,N,,,,,,,,,,N,4,0,2,2,A,-,12,21453,A,N,D,C,A,A,H,-,A,A,0,,,,,Y,,A,01,0,0,2,0,0,0,0,0,0,"- ","- ",,,PLACER,ROCKLIN,-121.25804989,38.814409939999997
7201540,2016,2016-03-16,3104,2016-03-07,1300,530,,1,5,4,3104,0,0,0,,0,004,"STANFORD RANCH","SUNSET BL",529.00,N,N,C,-,N,,,,,,,,,,Y,4,0,3,2,A,-,09,21801,A,N,D,C,A,B,H,-,A,D,0,,,,,Y,,-,,0,0,3,0,0,0,0,0,0,"- ","- ",,,PLACER,ROCKLIN,-121.26374953,38.797126740000003
7203453,2016,2016-03-11,3104,2016-03-05,0300,280,23,6,5,4,3104,0,0,0,,0,003,"CREST DR","PARK DR",0.00,,Y,C,-,N,,,,,,,,,,Y,4,0,1,1,A,-,01,23152,A,N,E,I,A,B,H,-,C,A,0,,,,,Y,Y,A,01,0,0,1,0,0,0,0,0,0,"- ","- ",38.82085,-121.23812,PLACER,ROCKLIN,-121.23792987,38.820639929999999
7203527,2016,2016-03-10,3104,2016-03-04,1610,251,43,5,5,4,3104,0,0,0,,0,001,"GRANITE DR","SIERRA MEADOWS DR",0.00,,Y,C,-,N,,,,,,,,,,Y,3,0,1,2,A,-,01,23152,B,N,A,C,A,B,H,-,C,A,0,,,,,Y,Y,A,71,0,1,0,0,0,0,0,0,0,"- ","- ",38.790179999999999,-121.22223,PLACER,ROCKLIN,-121.22231992,38.791459969999998
7209734,2016,2016-03-23,3104,2016-03-09,0757,248,71,3,5,4,3104,0,0,0,,0,001,"ROCKLIN RD",HAVENHURST,0.00,,Y,B,-,N,,,,,,,,,,N,4,0,2,3,A,-,03,22350,,N,C,C,A,A,H,-,A,A,0,,,,,Y,,A,07,0,0,2,0,0,0,0,0,0,"- ","- ",38.788290000000003,-121.20971,PLACER,ROCKLIN,-121.20968997999999,38.788639959999998
7209769,2016,2017-02-10,3104,2016-03-10,1740,245,43,4,5,4,3104,0,0,0,,0,001,"ROCKLIN RD","RT 80",0.00,,Y,C,-,Y,PLA,3,80,-,-,5.927,R,4,W,N,4,0,1,2,A,-,03,22350,,N,C,C,A,B,H,-,C,A,0,,,,,Y,,A,07,0,0,1,0,0,0,0,0,0,"- ",EO,,,PLACER,ROCKLIN,-121.22454256,38.787023339999998
8000546,2016,2016-03-30,3104,2016-03-15,0751,259,43,2,5,4,3104,0,0,0,,0,001,"ROCKLIN RD","GRANITE DR",0.00,,Y,A,-,N,,,,,,,,,,Y,4,0,1,2,A,-,12,21453,A,N,D,C,A,A,H,-,A,A,0,,,,,Y,,D,22,0,0,1,0,0,0,0,0,0,"- ","- ",38.788449999999997,-121.22633,PLACER,ROCKLIN,-121.22627995000001,38.78846995
8000667,2016,2016-03-29,3104,2016-03-17,2500,257,23,4,5,4,3104,0,0,0,,0,003,"SCEPTRE DR","KNIGHTS WY",0.00,,Y,A,-,N,,,,,,,,,,N,4,0,1,2,A,-,08,22107,,N,D,C,A,A,H,-,A,D,0,,,,,Y,,A,07,0,0,1,0,0,0,0,0,0,"- ","- ",38.818109999999997,-121.25479,PLACER,ROCKLIN,-121.25476989000001,38.818119899999999
8007900,2016,2016-04-08,3103,2016-03-28,0000,JMCCA,L6,1,5,2,3103,0,0,0,,0,0L4,"LINCOLN BL","FERRARI RANCH PWKY",0.00,,Y,A,-,N,,,,,,,,,,Y,4,0,1,2,A,-,03,22350,,N,D,C,A,A,H,-,C,A,0,,,,,Y,,A,08,0,0,1,0,0,0,0,0,0,"- ","- ",38.879629999999999,-121.29543,PLACER,LINCOLN,-121.29527985999999,38.879588669999997
8007904,2016,2016-04-08,3103,2016-03-02,1744,JSHAW,L2,3,5,2,3103,0,0,0,,0,0L1,"JOINER PKWY","3RD ST",0.00,,Y,A,-,N,,,,,,,,,,Y,4,0,2,2,A,-,12,21453,A,N,D,C,A,A,H,-,A,A,0,,,,,Y,,A,01,0,0,2,0,0,0,0,0,0,"- ","- ",38.889130000000002,-121.31339,PLACER,LINCOLN,-121.31339989,38.889119970000003
8007908,2016,2016-04-08,3103,2016-03-06,2000,CSOBE,L5,7,5,2,3103,0,0,0,,0,0L3,"LINCOLN BL","7TH ST",18.00,S,N,C,-,N,,,,,,,,,,N,4,0,1,2,A,-,12,21453,A,M,H,G,A,B,H,-,C,A,0,,Y,,,Y,,L,04,0,0,1,0,0,0,1,0,0,"- ","- ",38.894460000000002,-121.29295,PLACER,LINCOLN,-121.29296816,38.894391450000001
8009879,2016,2017-02-10,3103,2016-03-03,0441,BROGE,L8,4,5,2,3103,0,0,0,,0,0L4,"RT 65","INDUSTRIAL AV",0.00,,Y,A,-,Y,PLA,3,65,-,R,12.665,R,4,S,Y,4,0,1,1,A,-,03,22350,,N,E,I,A,A,G,-,C,A,0,,,Y,,Y,,C,02,0,0,1,0,0,0,0,0,1,SO,"- ",38.88861,-121.29279,PLACER,LINCOLN,-121.30060948000001,38.86172629
8015674,2016,2016-04-08,3104,2016-03-31,1759,257,46,4,5,4,3104,0,0,0,,0,002,"PACIFIC ST","CITY LIGHT POLE #C10881",0.00,N,N,A,-,N,,,,,,,,,,Y,4,0,1,4,A,-,03,22350,,N,C,C,A,A,H,-,A,D,0,,,,,Y,,A,01,0,0,1,0,0,0,0,0,0,"- ","- ",38.779730000000001,-121.24477,PLACER,ROCKLIN,,