CASE_ID,ACCIDENT_YEAR,PROC_DATE,JURIS,COLLISION_DATE,COLLISION_TIME,OFFICER_ID,REPORTING_DISTRICT,DAY_OF_WEEK,CHP_SHIFT,POPULATION,CNTY_CITY_LOC,SPECIAL_COND,BEAT_TYPE,CHP_BEAT_TYPE,CITY_DIVISION_LAPD,CHP_BEAT_CLASS,BEAT_NUMBER,PRIMARY_RD,SECONDARY_RD,DISTANCE,DIRECTION,INTERSECTION,WEATHER_1,WEATHER_2,STATE_HWY_IND,CALTRANS_COUNTY,CALTRANS_DISTRICT,STATE_ROUTE,ROUTE_SUFFIX,POSTMILE_PREFIX,POSTMILE,LOCATION_TYPE,RAMP_INTERSECTION,SIDE_OF_HWY,TOW_AWAY,COLLISION_SEVERITY,NUMBER_KILLED,NUMBER_INJURED,PARTY_COUNT,PRIMARY_COLL_FACTOR,PCF_CODE_OF_VIOL,PCF_VIOL_CATEGORY,PCF_VIOLATION,PCF_VIOL_SUBSECTION,HIT_AND_RUN,TYPE_OF_COLLISION,MVIW,PED_ACTION,ROAD_SURFACE,ROAD_COND_1,ROAD_COND_2,LIGHTING,CONTROL_DEVICE,CHP_ROAD_TYPE,PEDESTRIAN_ACCIDENT,BICYCLE_ACCIDENT,MOTORCYCLE_ACCIDENT,TRUCK_ACCIDENT,NOT_PRIVATE_PROPERTY,ALCOHOL_INVOLVED,STWD_VEHTYPE_AT_FAULT,CHP_VEHTYPE_AT_FAULT,COUNT_SEVERE_INJ,COUNT_VISIBLE_INJ,COUNT_COMPLAINT_PAIN,COUNT_PED_KILLED,COUNT_PED_INJURED,COUNT_BICYCLIST_KILLED,COUNT_BICYCLIST_INJURED,COUNT_MC_KILLED,COUNT_MC_INJURED,PRIMARY_RAMP,SECONDARY_RAMP,LATITUDE,LONGITUDE,COUNTY,CITY,POINT_X,POINT_Y
8020957,2016,2017-02-24,3101,2016-04-03,1750,A242,APD,7,5,3,3101,0,0,0,,0,001,"EL DORADO ST","LINCOLN WY",0.00,,Y,A,-,Y,PLA,3,49,-,-,2.360,I,5,S,N,3,0,2,1,A,-,03,22350,,N,F,A,A,A,H,-,A,A,0,,,,,Y,,-,,0,1,1,0,0,0,0,0,0,"- ","- ",,,PLACER,AUBURN,-121.04048048,38.915452780000003
8021362,2016,2016-04-19,3104,2016-04-13,0924,218,38,3,5,4,3104,0,0,0,,0,003,"MARLEE WY","FAIRWAY DR",87.00,E,N,A,-,N,,,,,,,,,,Y,3,0,1,1,A,-,03,22350,,N,E,I,A,A,H,-,A,A,0,,,,,Y,,A,01,0,1,0,0,0,0,0,0,0,"- ","- ",,,PLACER,ROCKLIN,-121.26285295,38.791164279999997
8024663,2016,2016-05-16,3104,2016-05-02,1101,251,15,1,5,4,3104,0,0,0,,0,004,"WEST STANFORD RANCH RD","WILDCAT BL",0.00,,Y,A,-,N,,,,,,,,,,Y,3,0,1,3,A,-,12,21453,A,N,D,C,A,A,H,-,A,A,0,,,,,Y,,A,01,0,1,0,0,0,0,0,0,0,"- ","- ",38.818309999999997,-121.28203999999999,PLACER,ROCKLIN,-121.28092986999999,38.81849991
8025840,2016,2016-04-20,3100,2016-04-11,2010,182,,1,5,2,3106,0,0,0,,0,PAUL,"TAYLOR RD","SIERRA COLLEGE",49.00,W,N,A,-,N,,,,,,,,,,Y,2,0,1,2,A,-,14,24600,A,N,C,C,A,A,H,-,D,A,0,,,,,Y,Y,-,,1,0,0,0,0,0,0,0,0,"- ","- ",,,PLACER,LOOMIS,-121.20600573999999,38.812007379999997
8027218,2016,2017-02-24,3101,2016-04-09,1027,20,3191,6,5,3,3101,0,0,0,,0,001,"RT 49",FULWEILER,500.00,N,N,C,-,Y,PLA,3,49,-,-,3.560,H,-,S,N,4,0,1,2,A,-,03,22350,,N,C,C,A,B,H,-,A,D,0,,,,,Y,,A,01,0,0,1,0,0,0,0,0,0,"- ","- ",,,PLACER,AUBURN,-121.07647724,38.905249390000002
8029227,2016,2016-05-04,3104,2016-04-22,1202,254,36,5,5,4,3104,0,0,0,,0,002,"ROCKLIN RD","3RD ST",0.00,,Y,B,-,N,,,,,,,,,,N,4,0,1,2,A,-,12,22450,,N,D,C,A,B,H,-,A,A,0,,,,,Y,,A,01,0,0,1,0,0,0,0,0,0,"- ","- ",,,PLACER,ROCKLIN,-121.23979993,38.792299909999997
8033668,2016,2016-05-06,3103,2016-04-28,1704,WCOLL,L5,4,5,2,3103,0,0,0,,0,0L3,"EAST AV","6TH ST",0.00,,Y,A,-,N,,,,,,,,,,Y,3,0,1,2,A,-,08,22107,,N,A,C,A,A,D,-,A,D,0,,,Y,,Y,,A,08,0,1,0,0,0,0,0,0,1,"- ","- ",38.893599999999999,-121.28257000000001,PLACER,LINCOLN,-121.28434989,38.893139920000003
8033676,2016,2016-05-10,3103,2016-04-04,1937,JMCCA,L4,1,5,2,3103,0,0,0,,0,0L2,"FERRARI RANCH RD","GROVELAND LN",0.00,,Y,A,-,N,,,,,,,,,,Y,3,0,3,2,A,-,09,21453,C,N,D,C,A,A,H,-,B,A,0,,,,,Y,,A,01,0,1,2,0,0,0,0,0,0,"- ","- ",38.873289999999997,-121.30455000000001,PLACER,LINCOLN,-121.30446989000001,38.873179929999999
8033680,2016,2016-05-10,3103,2016-04-01,1941,BROGE,L7,5,5,2,3103,0,0,0,,0,0L4,"FERRARI RANCH RD","LINCOLN BL",634.00,E,N,A,-,N,,,,,,,,,,N,4,0,1,2,A,-,08,22107,,N,D,C,A,A,H,-,A,D,0,,,Y,,Y,,A,01,0,0,1,0,0,0,0,0,1,"- ","- ",38.879629999999999,-121.29543,PLACER,LINCOLN,-121.29322593000001,38.879606160000002
8040598,2016,2016-05-19,3104,2016-05-03,1538,257,43,2,5,4,3104,0,0,0,,0,001,"PACIFIC ST","DELMAR AV",193.00,N,N,A,-,N,,,,,,,,,,Y,4,0,1,3,A,-,03,22350,,N,C,C,A,A,H,-,A,A,0,,,,,Y,,A,01,0,0,1,0,0,0,0,0,0,"- ","- ",38.80415,-121.21885,PLACER,ROCKLIN,-121.2183533,38.804483269999999
8053201,2016,2016-06-07,3103,2016-05-14,1046,JMORS,L4,6,5,2,3103,0,0,0,,0,0L2,"GROVELAND LN","JOINER PKWY",0.00,,Y,A,-,N,,,,,,,,,,Y,4,0,1,2,A,-,12,21453,A,N,D,C,A,A,H,-,A,A,0,,,,,Y,,A,01,0,0,1,0,0,0,0,0,0,"- ","- ",38.876480000000001,-121.30589999999999,PLACER,LINCOLN,-121.30596992,38.876299979999999
8060158,2016,2016-06-22,3104,2016-06-08,1220,242,38,3,5,4,3104,0,0,0,,0,003,"FAIRWAY DR","CASA GRANDE AV",0.00,,Y,A,-,N,,,,,,,,,,N,3,0,1,2,A,-,17,21209,A,M,H,G,A,A,H,-,A,D,0,,Y,,,Y,,D,22,0,1,0,0,0,0,1,0,0,"- ","- ",38.788020000000003,-121.26357,PLACER,ROCKLIN,-121.26356989999999,38.788009950000003
8061220,2016,2016-07-22,3104,2016-07-13,0710,282,52,3,5,4,3104,0,0,0,,0,001,"SIERRA COLLEGE BL","CITY LIGHT POLE #C10678",39.00,S,N,A,-,N,,,,,,,,,,Y,3,0,1,1,A,-,01,23152,F,N,F,J,A,A,H,-,A,D,0,,,,,Y,,D,22,0,1,0,0,0,0,0,0,0,"- ","- ",38.773890000000002,-121.21037,PLACER,ROCKLIN,,
8061785,2016,2016-06-21,3104,2016-06-10,0821,251,12,5,5,4,3104,0,0,0,,0,004,"SUNSET BL","STANFORD RANCH RD",46.00,S,N,A,-,N,,,,,,,,,,N,4,0,1,2,A,-,03,22350,,N,C,C,A,A,H,-,A,D,0,,,,,Y,,A,01,0,0,1,0,0,0,0,0,0,"- ","- ",38.816969999999998,-121.23860999999999,PLACER,ROCKLIN,-121.26500040000001,38.796047270000003
8074928,2016,2016-07-06,3103,2016-06-10,1446,JSHAW,L5,5,5,2,3103,0,0,0,,0,0L3,"LINCOLN BL","2ND ST",33.00,S,N,A,-,N,,,,,,,,,,N,4,0,2,3,A,-,03,22350,,N,C,C,A,A,H,-,A,D,0,,,,,Y,,A,01,0,0,2,0,0,0,0,0,0,"- ","- ",,,PLACER,LINCOLN,-121.29281069,38.887759379999999
8075035,2016,2016-07-07,3103,2016-06-16,1040,JSHAW,L7,4,5,2,3103,0,0,0,,0,0L4,"LINCOLN BL","FERRARI RANCH RD",36.00,S,N,A,-,N,,,,,,,,,,N,4,0,1,2,A,-,03,22350,,N,C,C,A,A,H,-,A,A,0,,,,,Y,,A,07,0,0,1,0,0,0,0,0,0,"- ","- ",38.879629999999999,-121.29543,PLACER,LINCOLN,-121.295445,38.879534999999997
8087388,2016,2016-07-20,3100,2016-07-03,2157,190,,7,5,1,3102,0,0,0,,0,,"RAILROAD ST","E OAK ST",600.00,S,N,A,-,N,,,,,,,,,,N,3,0,1,2,A,-,03,22350,,N,G,B,E,A,H,-,C,D,0,Y,,,,Y,,D,,0,1,0,0,1,0,0,0,0,"- ","- ",,,PLACER,COLFAX,-120.95388955,39.096776730000002
8096218,2016,2016-08-08,3103,2016-07-04,2218,JMCCA,15,1,5,2,3103,0,0,0,,0,013,"D ST","2ND ST",130.00,S,N,A,-,N,,,,,,,,,,N,4,0,1,2,A,-,03,22350,,N,C,C,A,A,H,-,C,D,0,,,,,Y,,A,01,0,0,1,0,0,0,0,0,0,"- ","- ",38.887880000000003,-121.289,PLACER,LINCOLN,-121.28897089,38.887503340000002
8096279,2016,2016-08-05,3103,2016-07-10,2116,JMCCA,L2,7,5,2,3103,0,0,0,,0,0L1,"1ST ST","AUSTIN CT",262.00,E,N,A,-,N,,,,,,,,,,Y,4,0,1,2,A,-,01,23152,A,N,C,E,A,A,H,-,C,D,0,,,,,Y,Y,A,01,0,0,1,0,0,0,0,0,0,"- ","- ",38.887250000000002,-121.31894,PLACER,LINCOLN,-121.31894947000001,38.88702
8096685,2016,2017-02-24,3101,2016-08-01,1455,A242,APD,1,5,3,3101,0,0,0,,0,001,"RT 49","FULWEILER AV",511.00,N,N,A,-,Y,PLA,3,49,-,-,3.570,H,-,S,Y,4,0,2,3,A,-,03,22350,,N,C,C,A,A,H,-,A,A,0,,,,,Y,,-,,0,0,2,0,0,0,0,0,0,"- ","- ",,,PLACER,AUBURN,-121.07649398,38.905392569999997
8100052,2016,2016-08-11,3104,2016-07-28,2124,284,42,4,5,4,3104,0,0,0,,0,001,"SIERRA COLLEGE BL","BASS LAKE RD",0.00,,Y,A,-,N,,,,,,,,,,Y,3,0,1,2,A,-,12,21453,A,N,A,C,A,A,H,-,A,A,0,,,,,Y,,A,01,0,1,0,0,0,0,0,0,0,"- ","- ",38.800229999999999,-121.21379,PLACER,ROCKLIN,,
8102532,2016,2017-02-28,3104,2016-08-05,1537,256,43,5,5,4,3104,0,0,0,,0,001,"ROCKLIN RD","RT 80",15.00,E,N,A,-,Y,PLA,3,80,-,-,6.214,R,4,W,N,3,0,2,2,A,-,12,21453,A,N,D,C,A,A,H,-,A,A,0,,,,,Y,,A,01,0,1,1,0,0,0,0,0,0,"- ",WF,38.788510000000002,-121.22096999999999,PLACER,ROCKLIN,-121.22089929000001,38.790095919999999
8102536,2016,2016-08-18,3104,2016-08-05,1908,278,37,5,5,4,3104,0,0,0,,0,002,SUNSET,"WHITNEY BL",0.00,,Y,A,-,N,,,,,,,,,,Y,4,0,2,2,A,-,12,21453,A,N,D,C,A,A,H,-,A,A,0,,,,,Y,,A,01,0,0,2,0,0,0,0,0,0,"- ","- ",38.786659999999998,-121.25270999999999,PLACER,ROCKLIN,-121.25278,38.786899990000002
8103878,2016,2016-09-30,3104,2016-09-15,2317,279,38,4,5,4,3104,0,0,0,,0,003,"STANFORD RANCH RD","SUNSET BL",0.00,,Y,A,-,N,,,,,,,,,,Y,3,0,3,2,A,-,12,21453,A,N,D,C,A,A,H,-,C,A,0,,,,,Y,,A,01,0,1,2,0,0,0,0,0,0,"- ","- ",38.796230000000001,-121.26483,PLACER,ROCKLIN,-121.26510987,38.7961399
8104715,2016,2016-08-26,3104,2016-08-16,1818,257,38,2,5,4,3104,0,0,0,,0,003,"SUNSET BL","WHITNEY BL",133.00,W,N,A,-,N,,,,,,,,,,N,3,0,1,2,A,-,05,21650,1,N,D,G,A,A,H,-,A,D,0,,Y,,,Y,,L,04,0,1,0,0,0,0,1,0,0,"- ","- ",38.786659999999998,-121.25270999999999,PLACER,ROCKLIN,-121.25319147,38.787072240000001
8114026,2016,2016-09-08,3104,2016-08-24,0745,520,7,3,5,4,3104,0,0,0,,0,004,"WILDCAT BL","WHITNEY RANCH PKWY",1056.00,E,N,A,-,N,,,,,,,,,,Y,4,0,3,4,A,-,03,22350,,N,C,C,A,A,H,-,A,D,0,,,,,Y,,A,01,0,0,3,0,0,0,0,0,0,"- ","- ",38.830550000000002,-121.28796,PLACER,ROCKLIN,-121.28663093999999,38.827796419999999
8117067,2016,2016-11-08,3100,2016-08-08,2024,186,,1,5,2,3106,0,0,0,,0,00P,"SWETZER RD","SWETZER RD 3298",3.00,S,N,A,-,N,,,,,,,,,,Y,3,0,1,1,B,-,22,,,N,E,I,A,A,H,-,A,D,0,,,,,Y,,-,,0,1,0,0,0,0,0,0,0,"- ","- ",,,PLACER,LOOMIS,,
8121634,2016,2016-09-21,3104,2016-09-04,1724,285,37,7,5,4,3104,0,0,0,,0,002,"SUNSET BL","S WHITNEY BL",0.00,,N,A,-,N,,,,,,,,,,N,3,0,1,2,A,-,09,21804,A,N,H,G,A,A,H,-,A,D,0,,Y,,,Y,,D,22,0,1,0,0,0,0,1,0,0,"- ","- ",38.786230000000003,-121.25179,PLACER,ROCKLIN,-121.2528599,38.786699990000002
8121973,2016,2016-09-19,3104,2016-09-12,1433,282,37,1,5,4,3104,0,0,0,,0,002,"SUNSET BL","ROCKLIN LIGHT POLE  519",67.00,W,N,A,-,N,,,,,,,,,,Y,4,0,1,3,A,-,03,22350,,N,C,C,A,A,H,-,A,A,0,,,,,Y,,A,01,0,0,1,0,0,0,0,0,0,"- ","- ",38.784869999999998,-121.24776,PLACER,ROCKLIN,,
8128376,2016,2016-11-17,3100,2016-08-31,0059,79,3100,3,5,2,3106,0,0,0,,0,,"SIERRA COLLEGE","BANKHEAD RD",330.00,S,N,A,-,N,,,,,,,,,,Y,3,0,1,1,A,-,03,22350,,N,E,I,A,A,H,-,C,D,0,,,,,Y,,-,,0,1,0,0,0,0,0,0,0,"- ","- ",,,PLACER,LOOMIS,-121.20903396,38.814388489999999
8133182,2016,2016-11-15,3104,2016-10-24,1158,253,7,1,5,4,3104,0,0,0,,0,004,"WILDCAT BL","WHITNEY RANCH PKWY",0.00,,Y,B,-,N,,,,,,,,,,Y,2,0,1,2,A,-,03,22350,,N,B,C,A,A,H,-,A,D,0,,,Y,,Y,,C,02,1,0,0,0,0,0,0,0,1,"- ","- ",38.83222,-121.28883999999999,PLACER,ROCKLIN,-121.28808999,38.830449889999997
8136537,2016,2016-10-12,3104,2016-09-28,2028,240,33,3,5,4,3104,0,0,0,,0,002,"MIDAS AV","ARGONAUT AV",0.00,,Y,A,-,N,,,,,,,,,,N,4,0,1,2,A,-,12,22450,A,N,A,C,A,A,H,-,C,A,0,,,,,Y,,A,08,0,0,1,0,0,0,0,0,0,"- ","- ",38.79983,-121.23949,PLACER,ROCKLIN,-121.23947998,38.79982991
8136961,2016,2016-10-10,3104,2016-09-25,1300,283,11,7,5,4,3104,0,0,0,,0,004,"LONE TREE BL","SANDHILL DR",0.00,,Y,A,-,N,,,,,,,,,,Y,3,0,3,2,A,-,09,21804,A,N,D,C,A,A,H,-,A,A,0,,,,,Y,,A,01,0,1,2,0,0,0,0,0,0,"- ","- ",38.805160000000001,-121.29356,PLACER,ROCKLIN,-121.29357988,38.805159940000003
8141127,2016,2016-10-14,3103,2016-09-09,1213,BROGE,L3,5,5,2,3103,0,0,0,,0,0L1,"H ST","3RD ST",0.00,,Y,A,-,N,,,,,,,,,,Y,4,0,1,2,A,-,09,21802,A,N,D,C,A,A,H,-,A,D,0,,,,,Y,,D,22,0,0,1,0,0,0,0,0,0,"- ","- ",38.889180000000003,-121.29404,PLACER,LINCOLN,-121.29407986,38.889189909999999
8141294,2016,2016-10-11,3103,2016-09-10,0010,MALVE,L3,6,5,2,3103,0,0,0,,0,0L1,"3RD ST","O ST",0.00,,Y,A,-,N,,,,,,,,,,N,3,0,1,2,A,-,10,21950,A,M,G,B,B,A,H,-,C,A,0,Y,,,,Y,,-,,0,1,0,0,1,0,0,0,0,"- ","- ",38.887189999999997,-121.31045,PLACER,LINCOLN,-121.30293998,38.88918992
8141310,2016,2016-10-11,3103,2016-09-25,0350,KJOHN,L3,7,5,2,3103,0,0,0,,0,0L1,"1ST ST","1ST ST 1550",0.00,,-,A,-,N,,,,,,,,,,Y,4,0,1,3,A,-,03,22350,,N,C,E,A,A,H,-,C,D,0,,,,,Y,,A,07,0,0,1,0,0,0,0,0,0,"- ","- ",38.886800000000001,-121.3043,PLACER,LINCOLN,-121.30429029,38.886506599999997
8147713,2016,2016-10-18,3104,2016-10-03,1553,248,43,1,5,4,3104,0,0,0,,0,001,"ROCKLIN RD","MYERS ST",0.00,,Y,A,-,N,,,,,,,,,,N,4,0,3,2,A,-,08,22107,,N,D,C,A,A,H,-,A,D,0,,,,,Y,,A,01,0,0,3,0,0,0,0,0,0,"- ","- ",38.79045,-121.22905,PLACER,ROCKLIN,-121.22924745,38.788636660000002
8148194,2016,2016-10-18,3104,2016-10-07,0716,283,12,5,5,4,3104,0,0,0,,0,004,"SUNSET BL","W STANFORD RANCH RD",578.00,S,N,A,-,N,,,,,,,,,,N,4,0,3,3,A,-,03,22350,,N,C,C,A,A,H,-,A,D,0,,,,,Y,,A,01,0,0,3,0,0,0,0,0,0,"- ","- ",38.815100000000001,-121.28654,PLACER,ROCKLIN,-121.28551113,38.813737760000002
8148214,2016,2016-10-18,3104,2016-10-04,1328,245,34,2,5,4,3104,0,0,0,,0,002,"MIDAS AV","WHITNEY BL",0.00,,Y,A,-,N,,,,,,,,,,N,3,0,1,2,A,-,05,21650,1,N,H,G,A,A,H,-,A,D,0,,Y,,,Y,,L,04,0,1,0,0,0,0,1,0,0,"- ","- ",38.800350000000002,-121.25322,PLACER,ROCKLIN,-121.25335988,38.800239930000004
8148226,2016,2016-10-18,3104,2016-10-08,0543,276,25,6,5,4,3104,0,0,0,,0,003,"SUNSET BL","PEBBLE CREEK DR",150.00,W,N,A,-,N,,,,,,,,,,Y,2,0,1,1,A,-,08,22107,,N,E,I,A,A,H,-,C,D,0,,,,,Y,Y,A,01,1,0,0,0,0,0,0,0,0,"- ","- ",38.798110000000001,-121.26701,PLACER,ROCKLIN,-121.26751466,38.798301309999999
8148440,2016,2016-10-19,3104,2016-10-12,1603,257,37,3,5,4,3104,0,0,0,,0,002,"SUNSET BL","3RD ST",13.00,E,N,A,-,N,,,,,,,,,,Y,4,0,1,2,A,-,03,22350,,N,C,C,A,A,H,-,A,A,0,,,,,Y,,A,01,0,0,1,0,0,0,0,0,0,"- ","- ",38.784869999999998,-121.24776,PLACER,ROCKLIN,-121.24772374,38.784848349999997
8157436,2016,2016-11-02,3104,2016-10-18,1115,282,36,2,5,4,3104,0,0,0,,0,002,"WHITNEY BL","SUNSET BL",0.00,,Y,A,-,N,,,,,,,,,,Y,4,0,1,2,A,-,12,21453,A,N,D,C,A,A,H,-,A,A,0,,,,,Y,,A,01,0,0,1,0,0,0,0,0,0,"- ","- ",38.78687,-121.25261999999999,PLACER,ROCKLIN,-121.25278,38.786899990000002
8157534,2016,2016-11-04,3104,2016-10-18,1416,282,23,2,5,4,3104,0,0,0,,0,003,"CREST DR","HILLCREST RD",75.00,N,N,A,-,N,,,,,,,,,,Y,4,0,1,1,A,-,08,22107,,N,E,I,A,A,H,-,A,D,0,,,,,Y,,A,07,0,0,1,0,0,0,0,0,0,"- ","- ",38.811799999999998,-121.24364,PLACER,ROCKLIN,-121.24361564,38.811995080000003
8161305,2016,2016-11-10,3104,2016-11-01,0810,282,37,2,5,4,3104,0,0,0,,0,002,"TWIN CREEKS LN","SPRINGVIEW DR",0.00,,Y,B,-,N,,,,,,,,,,N,3,0,1,2,A,-,05,21650,1,N,D,G,A,B,H,-,A,A,0,,Y,,,Y,,L,04,0,1,0,0,0,0,1,0,0,"- ","- ",38.77628,-121.24969,PLACER,ROCKLIN,-121.24968994,38.77624994
8161329,2016,2016-11-10,3104,2016-11-02,0810,260,RSVL,3,5,4,3104,0,0,0,,0,RSVL,"STANFORD RANCH RD","FAIRWAY DR",0.00,,Y,A,-,N,,,,,,,,,,N,4,0,3,2,A,-,12,21453,A,N,A,C,A,A,H,-,A,A,0,,,,,Y,,A,07,0,0,3,0,0,0,0,0,0,"- ","- ",38.783679999999997,-121.26562,PLACER,ROCKLIN,-121.26572987,38.783639989999998
8164050,2016,2017-03-01,3104,2016-10-27,1809,284,43,4,5,4,3104,0,0,0,,0,001,"ROCKLIN RD","RT 80",0.00,,Y,C,-,Y,PLA,3,80,-,-,5.946,R,4,E,Y,4,0,1,2,A,-,12,21453,A,N,D,C,A,B,H,-,C,A,0,,,,,Y,,A,01,0,0,1,0,0,0,0,0,0,"- ","- ",38.789619999999999,-121.22062,PLACER,ROCKLIN,-121.22401252,38.787202010000001
8166956,2016,2018-09-24,3105,2016-11-11,0318,1048,,5,5,5,3105,0,0,0,,0,005,"INDUSTRIAL BL",ALANTOWN,372.00,N,N,A,-,N,,,,,,,,,,Y,1,2,0,1,A,-,08,22107,,N,E,I,A,A,H,-,D,D,0,,,,,Y,Y,A,01,0,0,0,0,0,0,0,0,0,"- ","- ",38.797400000000003,-121.30789,PLACER,ROSEVILLE,-121.30788,38.798401480000003
8167982,2019,2020-09-17,3101,2019-08-02,1653,512,,5,5,3,3101,0,0,0,,0,,"RT 49","FULWEILER AV",700.00,N,-,A,-,Y,PLA,3,49,-,-,3.600,H,-,S,,4,0,1,2,A,-,04,21703,,N,C,C,A,A,H,-,A,A,0,,,,,Y,,D,22,0,0,1,0,0,0,0,0,0,"- ","- ",,,PLACER,AUBURN,-121.07655334472656,38.90582275390625
8168756,2016,2016-11-28,3104,2016-11-11,2117,285,11,5,5,4,3104,0,0,0,,0,004,"SUNSET BL","WEST OAKS BL",0.00,,Y,A,-,N,,,,,,,,,,Y,3,0,2,2,A,-,09,21453,C,N,D,C,A,A,H,-,C,A,0,,,,,Y,,A,01,0,1,1,0,0,0,0,0,0,"- ","- ",38.810969999999998,-121.2837,PLACER,ROCKLIN,-121.28376991,38.811070000000001
8169107,2016,2016-11-16,3104,2016-11-05,1659,254,44,6,5,4,3104,0,0,0,,0,001,"PACIFIC ST","MIDAS AV",0.00,,Y,A,-,N,,,,,,,,,,N,3,0,1,1,A,-,01,23152,,N,E,I,A,A,H,-,A,A,0,,,Y,,Y,Y,C,03,0,1,0,0,0,0,0,0,1,"- ","- ",38.795340000000003,-121.23246,PLACER,ROCKLIN,-121.23247995,38.79531996
8180306,2016,2017-03-06,3101,2016-10-30,1711,A660,PLACE,7,5,3,3101,0,0,0,,0,001,"RT 49","49 RT",0.00,,N,C,-,Y,PLA,3,49,-,-,2.110,H,-,N,Y,3,0,1,1,A,-,03,22350,,N,E,I,A,B,H,-,A,D,0,,,,,Y,,A,07,0,1,0,0,0,0,0,0,0,"- ","- ",38.541200000000003,-121.343,PLACER,AUBURN,-121.04048029,38.915452629999997
8181549,2016,2016-12-07,3104,2016-11-28,1815,257,37,1,5,4,3104,0,0,0,,0,002,"SUNSET BL","SPRINGVIEW DR",20.00,W,N,B,-,N,,,,,,,,,,N,4,0,2,4,A,-,03,22350,,N,C,C,A,A,H,-,C,A,0,,,,,Y,,A,01,0,0,2,0,0,0,0,0,0,"- ","- ",38.784689999999998,-121.24796000000001,PLACER,ROCKLIN,-121.24801823,38.784690650000002
8188313,2016,2016-12-13,3104,2016-11-29,1119,218,42,2,5,4,3104,0,0,0,,0,001,"SCHRIBER WY","BASS PRO DR",0.00,,Y,A,-,N,,,,,,,,,,Y,4,0,1,2,A,-,09,21802,A,N,D,C,A,A,H,-,A,A,0,,,,,Y,,A,01,0,0,1,0,0,0,0,0,0,"- ","- ",,,PLACER,ROCKLIN,-121.20359996000001,38.799479920000003
8189203,2016,2016-12-16,3103,2016-11-01,0001,KJOHN,L8,2,5,2,3103,0,0,0,,0,0L4,"TWELVE BRIDGES DR","COLLONADE DR",0.00,,Y,C,-,N,,,,,,,,,,N,4,0,2,2,A,-,08,22107,,N,C,C,A,B,H,-,C,A,0,,,,,Y,,A,01,0,0,2,0,0,0,0,0,0,"- ","- ",38.851059999999997,-121.29094000000001,PLACER,LINCOLN,-121.29083998,38.851210000000002
8189349,2016,2016-12-15,3103,2016-11-18,1513,BROGE,L3,5,5,2,3103,0,0,0,,0,0L1,"J ST","9TH ST",0.00,,Y,A,-,N,,,,,,,,,,Y,3,0,4,2,A,-,09,21801,A,N,D,C,A,A,H,-,A,A,0,,,,,Y,,A,07,0,3,1,0,0,0,0,0,0,"- ","- ",38.897320000000001,-121.29658000000001,PLACER,LINCOLN,-121.29660996,38.897319899999999
8193138,2016,2016-12-27,3104,2016-12-12,0730,530,25,1,5,4,3104,0,0,0,,0,003,"STANFORD RANCH BL","MILBURN ST",0.00,,Y,B,-,N,,,,,,,,,,N,4,0,1,2,A,-,10,21950,A,N,G,B,B,A,H,-,A,A,0,Y,,,,Y,,A,01,0,0,1,0,1,0,0,0,0,"- ","- ",38.805970000000002,-121.25826000000001,PLACER,ROCKLIN,-121.25824991,38.805989949999997
8201411,2017,2017-03-23,3104,2017-03-09,1547,218,36,4,5,4,3104,0,0,0,,0,002,"WHITNEY BL","PARAGON CT",0.00,,Y,A,-,N,,,,,,,,,,Y,4,0,1,2,A,-,09,21802,A,N,D,C,A,A,H,-,A,A,0,,,,,Y,,A,08,0,0,1,0,0,0,0,0,0,"- ","- ",38.788110000000003,-121.25223,PLACER,ROCKLIN,-121.25208994,38.788039949999998
8201498,2017,2017-03-28,3100,2017-02-17,0841,203,LOOMI,5,5,2,3106,0,0,0,,0,PAUL,"TAYLOR RD","TAYLOR RD 4013",0.00,,N,B,C,N,,,,,,,,,,Y,4,0,1,5,A,-,01,23152,A,N,D,E,A,B,H,-,A,D,0,,,,,Y,,-,,0,0,1,0,0,0,0,0,0,"- ","- ",,,PLACER,LOOMIS,-121.20917737000001,38.810085209999997
8203792,2016,2017-01-10,3104,2016-12-09,1634,281,,5,5,4,3104,0,0,0,,0,001,"SOUTHSIDE RANCH RD","APPALOOSA PL",20.00,W,N,A,-,N,,,,,,,,,,N,4,0,1,2,A,-,12,22450,A,N,D,C,A,A,H,-,B,A,0,,,,,Y,,A,01,0,0,1,0,0,0,0,0,0,"- ","- ",,,PLACER,ROCKLIN,-121.20996015999999,38.780929999999998
8204219,2016,2017-01-27,3103,2016-12-14,0720,BROGE,L3,3,5,2,3103,0,0,0,,0,0L1,"7TH ST","H ST",0.00,,Y,-,-,N,,,,,,,,,,N,3,0,2,2,A,-,09,21802,A,N,-,-,A,-,-,-,-,-,0,,,,,Y,,D,22,0,1,1,0,0,0,0,0,0,"- ","- ",38.894869999999997,-121.29376999999999,PLACER,LINCOLN,-121.29407994,38.894459920000003
8207006,2016,2017-01-11,3103,2016-12-21,1534,JSHAW,L3,3,5,2,3103,0,0,0,,0,0L1,"LINCOLN BL","7TH ST",0.00,,Y,A,-,N,,,,,,,,,,Y,4,0,2,2,D,-,00,,,N,D,D,A,A,H,-,A,A,0,,,,,Y,,-,"- ",0,0,2,0,0,0,0,0,0,"- ","- ",38.894460000000002,-121.29295,PLACER,LINCOLN,-121.29298,38.894439980000001
8207051,2016,2017-01-10,3103,2016-12-21,0230,JMCCA,L1,3,5,2,3103,0,0,0,,0,0L1,"VENTURE BL","AVIATION BL",0.00,,Y,A,-,N,,,,,,,,,,Y,4,0,1,1,A,-,01,23152,A,N,E,I,A,A,H,-,C,A,0,,,,,Y,Y,A,01,0,0,1,0,0,0,0,0,0,"- ","- ",38.904299999999999,-121.34010000000001,PLACER,LINCOLN,-121.34012989999999,38.904229950000001
8281897,2016,2017-01-19,3104,2016-12-23,1937,251,38,5,5,4,3104,0,0,0,,0,003,"STANFORD RANCH BL","SUNSET BL",0.00,,Y,A,-,N,,,,,,,,,,Y,2,0,5,2,A,-,12,21453,A,N,D,C,A,B,H,-,C,A,0,,,,,Y,,A,01,1,0,4,0,0,0,0,0,0,"- ","- ",38.796250000000001,-121.26497999999999,PLACER,ROCKLIN,-121.26510987,38.7961399