CASE_ID,ACCIDENT_YEAR,PROC_DATE,JURIS,COLLISION_DATE,COLLISION_TIME,OFFICER_ID,REPORTING_DISTRICT,DAY_OF_WEEK,CHP_SHIFT,POPULATION,CNTY_CITY_LOC,SPECIAL_COND,BEAT_TYPE,CHP_BEAT_TYPE,CITY_DIVISION_LAPD,CHP_BEAT_CLASS,BEAT_NUMBER,PRIMARY_RD,SECONDARY_RD,DISTANCE,DIRECTION,INTERSECTION,WEATHER_1,WEATHER_2,STATE_HWY_IND,CALTRANS_COUNTY,CALTRANS_DISTRICT,STATE_ROUTE,ROUTE_SUFFIX,POSTMILE_PREFIX,POSTMILE,LOCATION_TYPE,RAMP_INTERSECTION,SIDE_OF_HWY,TOW_AWAY,COLLISION_SEVERITY,NUMBER_KILLED,NUMBER_INJURED,PARTY_COUNT,PRIMARY_COLL_FACTOR,PCF_CODE_OF_VIOL,PCF_VIOL_CATEGORY,PCF_VIOLATION,PCF_VIOL_SUBSECTION,HIT_AND_RUN,TYPE_OF_COLLISION,MVIW,PED_ACTION,ROAD_SURFACE,ROAD_COND_1,ROAD_COND_2,LIGHTING,CONTROL_DEVICE,CHP_ROAD_TYPE,PEDESTRIAN_ACCIDENT,BICYCLE_ACCIDENT,MOTORCYCLE_ACCIDENT,TRUCK_ACCIDENT,NOT_PRIVATE_PROPERTY,ALCOHOL_INVOLVED,STWD_VEHTYPE_AT_FAULT,CHP_VEHTYPE_AT_FAULT,COUNT_SEVERE_INJ,COUNT_VISIBLE_INJ,COUNT_COMPLAINT_PAIN,COUNT_PED_KILLED,COUNT_PED_INJURED,COUNT_BICYCLIST_KILLED,COUNT_BICYCLIST_INJURED,COUNT_MC_KILLED,COUNT_MC_INJURED,PRIMARY_RAMP,SECONDARY_RAMP,LATITUDE,LONGITUDE,COUNTY,CITY,POINT_X,POINT_Y
8282039,2017,2017-01-18,3104,2017-01-08,0842,256,37,7,5,4,3104,0,0,0,,0,002,"SPRINGVIEW DR","CITY POLE 386",30.00,W,N,B,C,N,,,,,,,,,,N,3,0,1,4,A,-,03,22350,,N,G,C,F,B,H,-,A,D,0,Y,,,,Y,,A,01,0,1,0,0,0,0,0,0,0,"- ","- ",38.77478,-121.25184,PLACER,ROCKLIN,,
8285401,2017,2017-01-27,3104,2017-01-11,1647,277,43,3,5,4,3104,0,0,0,,0,001,"ROCKLIN RD","MEYERS ST",0.00,,Y,B,-,N,,,,,,,,,,N,4,0,1,2,A,-,09,21803,A,N,D,C,A,A,H,-,B,A,0,,,,,Y,,A,07,0,0,1,0,0,0,0,0,0,"- ","- ",,,PLACER,ROCKLIN,-121.22920632,38.788639439999997
8292732,2017,2017-07-21,3103,2017-06-23,1933,CSOBE,L1,5,5,2,3103,0,0,0,,0,0L1,"NICOLAUS RD","TEAL HOLLOW DR",0.00,,Y,A,-,N,,,,,,,,,,Y,4,0,2,2,D,-,00,,,N,D,C,A,A,H,-,A,A,0,,,,,Y,,-,"- ",0,0,2,0,0,0,0,0,0,"- ","- ",38.897350000000003,-121.32832000000001,PLACER,LINCOLN,-121.32833994000001,38.897369920000003
8301039,2017,2017-02-08,3104,2017-01-19,1223,279,5,4,5,4,3104,0,0,0,,0,004,"WILDCAT BL","WHITNEY HIGH SCHOOL MAIN ENTRANCE",0.00,,Y,B,-,N,,,,,,,,,,Y,4,0,1,2,A,-,12,21453,A,N,-,-,A,B,H,-,A,-,0,,,,,Y,,A,07,0,0,1,0,0,0,0,0,0,"- ","- ",38.835180000000001,-121.28782,PLACER,ROCKLIN,-121.2902981,38.836362059999999
8301204,2017,2017-02-09,3104,2017-01-25,1804,267,44,3,5,4,3104,0,0,0,,0,001,PACIFIC,CEDAR,0.00,,Y,A,-,N,,,,,,,,,,Y,4,0,1,2,A,-,08,22107,,N,D,C,A,A,H,-,C,D,0,,,,,Y,,A,01,0,0,1,0,0,0,0,0,0,"- ","- ",38.794319999999999,-121.23345,PLACER,ROCKLIN,-121.23348996999999,38.794329879999999
8316683,2017,2017-03-06,3104,2017-02-09,1400,261,37,4,5,4,3104,0,0,0,,0,002,"SUNSET BL","BETWEEN PACIFIC AND 3RD ST",0.00,,Y,B,C,N,,,,,,,,,,N,4,0,1,2,A,-,03,22350,,N,C,C,A,B,H,-,A,D,0,,,,,Y,,A,07,0,0,1,0,0,0,0,0,0,"- ","- ",38.783729999999998,-121.24487999999999,PLACER,ROCKLIN,-121.24515653,38.783323340000003
8318007,2017,2017-03-07,3103,2017-02-11,0747,CMASS,L8,6,5,2,3103,0,0,0,,0,0L4,"TWELVE BRIDGES DR","TWELVE BRIDGES",78.00,S,N,A,-,N,,,,,,,,,,Y,4,0,1,1,A,-,03,22350,,N,E,I,A,B,H,-,A,D,0,,,,,Y,,A,08,0,0,1,0,0,0,0,0,0,"- ","- ",38.853749999999998,-121.30014,PLACER,LINCOLN,-121.30677,38.851120000000002
8339594,2017,2017-04-05,3104,2017-03-18,0244,281,38,6,5,4,3104,0,0,0,,0,003,"SUNSET BL","FAIRWAY DR",230.00,W,N,A,-,N,,,,,,,,,,Y,3,0,1,1,A,-,01,23152,A,N,E,I,A,A,H,-,C,A,0,,,,,Y,Y,A,01,0,1,0,0,0,0,0,0,0,"- ","- ",38.79271,-121.26134999999999,PLACER,ROCKLIN,-121.26188643,38.79318533
8339598,2017,2017-04-05,3104,2017-03-20,1557,226,45,1,5,4,3104,0,0,0,,0,002,"ROCKLIN RD","PACIFIC ST",290.00,E,N,C,-,N,,,,,,,,,,Y,4,0,2,2,A,-,07,21658,A,N,D,C,A,B,H,-,A,D,0,,,,,Y,,A,07,0,0,2,0,0,0,0,0,0,"- ","- ",,,PLACER,ROCKLIN,-121.23515029000001,38.790403660000003
8339677,2017,2017-04-05,3104,2017-03-30,1623,257,37,4,5,4,3104,0,0,0,,0,002,"SUNSET BL","WHITNEY BL",157.00,E,N,A,-,N,,,,,,,,,,N,2,0,1,2,A,-,08,22107,,F,D,G,A,A,H,-,A,A,0,,Y,,,Y,,A,01,1,0,0,0,0,0,1,0,0,"- ","- ",38.78687,-121.25261999999999,PLACER,ROCKLIN,-121.25226316,38.786750910000002
8339750,2017,2017-04-06,3104,2017-03-29,1454,218,25,3,5,4,3104,0,0,0,,0,003,"STANFORD RANCH RD","CREST DR",0.00,,Y,A,-,N,,,,,,,,,,N,4,0,1,2,A,-,12,22450,A,N,D,C,A,A,H,-,A,A,0,,,,,Y,,A,08,0,0,1,0,0,0,0,0,0,"- ","- ",38.807319999999997,-121.256,PLACER,ROCKLIN,-121.25599986,38.807329950000003
8342837,2017,2017-04-11,3103,2017-03-29,0920,JSHAW,L4,3,5,2,3103,0,0,0,,0,0L2,"GROVELAND LN","FERRARI RANCH RD",0.00,,Y,A,-,N,,,,,,,,,,N,4,0,1,2,A,-,03,22350,,N,C,C,A,A,H,-,A,D,0,,,,,Y,,A,01,0,0,1,0,0,0,0,0,0,"- ","- ",38.873150000000003,-121.30423,PLACER,LINCOLN,-121.30446989000001,38.873179929999999
8348144,2017,2017-05-10,3104,2017-04-12,1656,277,44,3,5,4,3104,0,0,0,,0,001,"ROCKLIN RD","RAILROAD AV",0.00,,N,B,-,N,,,,,,,,,,Y,4,0,2,2,A,-,03,22350,,N,C,C,A,A,H,-,A,A,0,,,,,Y,,A,01,0,0,2,0,0,0,0,0,0,"- ","- ",38.791290000000004,-121.23719,PLACER,ROCKLIN,-121.23719993,38.791249970000003
8348181,2017,2017-05-05,3104,2017-04-07,0741,204,10,5,5,4,3104,0,0,0,,0,004,"SUNSET BL","PG&E LIGHT POLE #1721",30.00,E,N,B,-,N,,,,,,,,,,Y,4,0,1,2,A,-,09,21801,A,N,D,C,A,A,H,-,A,A,0,,,,,Y,,A,01,0,0,1,0,0,0,0,0,0,"- ","- ",38.807169999999999,-121.27573,PLACER,ROCKLIN,,
8348913,2017,2019-04-09,3101,2017-04-10,2025,A242,APD,1,5,3,3101,0,0,0,,0,001,"RT 49","FULWEILER AV",504.00,N,N,A,-,Y,PLA,3,49,-,-,3.570,H,-,S,Y,1,1,0,2,A,-,11,21954,A,N,G,B,D,A,H,-,D,D,0,Y,,,,Y,Y,N,60,0,0,0,1,0,0,0,0,0,"- ","- ",,,PLACER,AUBURN,-121.07649398,38.905392569999997
8357622,2017,2017-05-08,3103,2017-04-24,2031,WCOLL,L8,1,5,2,3103,0,0,0,,0,0L4,"TWELVE BRIDGES DR",EASTRIDGE,200.00,S,N,B,-,N,,,,,,,,,,N,4,0,1,2,A,-,03,22350,,N,C,C,A,A,H,-,C,A,0,,,,,Y,,A,07,0,0,1,0,0,0,0,0,0,"- ","- ",38.848140000000001,-121.26888,PLACER,LINCOLN,-121.26956041,38.848090749999997
8357630,2017,2017-05-05,3103,2017-04-07,1333,JSHAW,L9,5,5,2,3103,0,0,0,,0,0L2,"JOINER PKWY","DOWNING CIR",45.00,N,N,B,-,N,,,,,,,,,,Y,4,0,1,2,A,-,03,22350,,F,C,C,A,B,H,-,A,A,0,,,,,Y,,D,22,0,0,1,0,0,0,0,0,0,"- ","- ",38.878360000000001,-121.30945,PLACER,LINCOLN,-121.31304627999999,38.880453539999998
8359583,2015,2017-09-05,3100,2015-06-12,1420,14821,,5,5,1,3102,0,0,0,,0,,"RT 174","S AUBURN ST",5.00,E,N,A,-,Y,PLA,3,174,-,-,0.150,H,-,S,N,3,0,1,2,A,-,03,22350,,N,D,C,A,A,H,-,A,D,0,,,Y,,Y,,C,02,0,1,0,0,0,0,0,0,1,"- ","- ",39.096769999999999,-120.9508,PLACER,COLFAX,-120.9504944,39.096850330000002
8365263,2017,2017-05-16,3104,2017-04-28,2039,272,42,5,5,4,3104,0,0,0,,0,001,"SIERRA COLLEGE BL","BASS PRO DR",0.00,,Y,A,-,N,,,,,,,,,,Y,3,0,1,2,A,-,01,23152,A,N,D,C,A,A,H,-,C,A,0,,,,,Y,Y,D,22,0,1,0,0,0,0,0,0,0,"- ","- ",38.798220000000001,-121.20559,PLACER,ROCKLIN,-121.20559993000001,38.798049949999999
8365275,2017,2017-05-22,3104,2017-05-03,1532,277,44,3,5,4,3104,0,0,0,,0,001,"PACIFIC ST","CEDAR ST",96.00,N,N,A,-,N,,,,,,,,,,Y,3,0,1,1,A,-,03,22350,,N,E,I,A,A,H,-,A,D,0,,,,,Y,,D,22,0,1,0,0,0,0,0,0,0,"- ","- ",38.794690000000003,-121.23343,PLACER,ROCKLIN,-121.2333107,38.79455316
8365368,2017,2017-05-16,3104,2017-05-01,1443,285,36,1,5,4,3104,0,0,0,,0,002,"ROCKLIN RD","4TH ST",0.00,,Y,A,-,N,,,,,,,,,,N,4,0,1,2,A,-,09,21802,A,N,D,C,A,A,H,-,A,A,0,,,,,Y,,A,07,0,0,1,0,0,0,0,0,0,"- ","- ",38.792619999999999,-121.24052,PLACER,ROCKLIN,-121.24053992,38.792639979999997
8365654,2017,2017-06-05,3104,2017-05-06,0756,204,42,6,5,4,3104,0,0,0,,0,001,"BASS PRO DR","SCHRIBER WY",33.00,N,N,A,-,N,,,,,,,,,,N,4,0,1,2,A,-,00,22050,,N,D,C,A,A,H,-,A,-,0,,,,,Y,,A,01,0,0,1,0,0,0,0,0,0,"- ","- ",38.799469999999999,-121.20358,PLACER,ROCKLIN,-121.20359999999999,38.799480000000003
8372705,2017,2017-05-30,3104,2017-05-20,0437,281,22,6,5,4,3104,0,0,0,,0,003,"WHITNEY OAKS DR","WHITNEY RANCH PKWY",30.00,E,N,A,-,N,,,,,,,,,,Y,4,0,1,1,A,-,01,23152,A,N,E,I,A,A,H,-,C,A,0,,,,,Y,Y,-,,0,0,1,0,0,0,0,0,0,"- ","- ",38.820740000000001,-121.24326000000001,PLACER,ROCKLIN,-121.2471,38.839100000000002
8376646,2017,2018-03-27,3104,2017-05-30,1317,218,42,2,5,4,3104,0,0,0,,0,001,"SIERRA COLLEGE BL","RT 80",0.00,,Y,A,-,Y,PLA,3,80,-,-,7.249,R,4,E,Y,3,0,2,2,A,-,12,21453,A,N,D,C,A,A,H,-,A,A,0,,,,,Y,,A,01,0,1,1,0,0,0,0,0,0,"- ",EF,38.800519999999999,-121.20538000000001,PLACER,ROCKLIN,-121.20761353,38.801028639999998
8381130,2017,2017-06-07,3104,2017-05-24,0841,240,37,3,5,4,3104,0,0,0,,0,002,"SUNSET BL","SPRINGVIEW DR",71.00,N,N,A,-,N,,,,,,,,,,N,4,0,1,2,A,-,05,21650,,N,D,G,A,A,H,-,A,D,0,,Y,,,Y,,L,04,0,0,1,0,0,0,1,0,0,"- ","- ",38.784990000000001,-121.24853,PLACER,ROCKLIN,-121.2481667,38.784768790000001
8381637,2017,2017-06-15,3103,2017-05-15,0852,PFREN,L3,1,5,2,3103,0,0,0,,0,0L1,"9TH ST","J ST",33.00,E,N,A,-,N,,,,,,,,,,N,3,0,1,2,A,-,03,22350,,N,C,C,A,A,H,-,A,D,0,,,,,Y,,A,01,0,1,0,0,0,0,0,0,0,"- ","- ",38.897120000000001,-121.29628,PLACER,LINCOLN,-121.29649408,38.897317610000002
8381769,2017,2017-06-28,3103,2017-05-05,1737,JMCCA,L8,5,5,2,3103,0,0,0,,0,0L4,"SOUTHCREEK DR","BAYBERRY CT",0.00,,Y,A,-,N,,,,,,,,,,Y,4,0,1,1,A,-,01,23152,A,N,B,E,A,A,H,-,A,D,0,,,,,Y,Y,-,,0,0,1,0,0,0,0,0,0,"- ","- ",38.847580000000001,-121.27598,PLACER,LINCOLN,-121.27598999,38.847579940000003
8386328,2017,2018-03-28,3103,2017-05-28,1521,BROGE,L6,7,5,2,3103,0,0,0,,0,0L4,"E JOINER PKWY","STERLING PKWY",0.00,,Y,A,-,N,,,,,,,,,,N,3,0,1,2,A,-,12,21453,A,N,H,G,A,A,H,-,A,D,0,,Y,,,Y,,L,04,0,1,0,0,0,0,1,0,0,"- ","- ",38.872419999999998,-121.29514,PLACER,LINCOLN,-121.29509989,38.872389980000001
8387781,2017,2017-06-12,3100,2017-05-27,1247,124,,6,5,2,3106,0,0,0,,0,,"TAYLOR RD","WALNUT ST",51.00,W,N,A,-,N,,,,,,,,,,Y,3,0,1,3,A,-,08,22107,,N,G,E,E,A,H,-,A,D,0,Y,,,,Y,,A,01,0,1,0,0,1,0,0,0,0,"- ","- ",,,PLACER,LOOMIS,-121.19446556,38.820246900000001
8393350,2017,2017-06-30,3101,2017-06-07,1336,24,APD,3,5,3,3101,0,0,0,,0,002,"HIGH ST","LEWIS ST",75.00,S,N,B,-,N,,,,,,,,,,Y,4,0,1,2,A,-,03,22350,A,N,C,E,A,A,H,-,A,D,0,,,,,Y,,A,01,0,0,1,0,0,0,0,0,0,"- ","- ",,,PLACER,AUBURN,-121.07060826,38.898416009999998
8399907,2017,2017-07-10,3104,2017-06-18,1652,226,10,7,5,4,3104,0,0,0,,0,004,"SUNSET BL","BLUE OAKS BL",0.00,,Y,A,-,N,,,,,,,,,,Y,4,0,1,2,A,-,07,21658,A,N,D,C,A,A,H,-,A,A,0,,,,,Y,,A,01,0,0,1,0,0,0,0,0,0,"- ","- ",38.809280000000001,-121.27947,PLACER,ROCKLIN,-121.27993995,38.808499980000001
8403064,2017,2017-07-06,3104,2017-06-28,1535,288,44,3,5,4,3104,0,0,0,,0,001,"PACIFIC ST","PINE ST",196.00,S,N,A,-,N,,,,,,,,,,N,3,0,1,2,A,-,08,22107,,N,H,A,A,A,H,-,A,D,0,,,Y,,Y,,A,01,0,1,0,0,0,0,0,0,1,"- ","- ",38.791980000000002,-121.23515,PLACER,ROCKLIN,-121.23465557,38.792690210000004
8403072,2017,2017-07-06,3104,2017-06-23,0921,288,45,5,5,4,3104,0,0,0,,0,002,"PACIFIC ST","FARRON ST",701.00,S,N,A,-,N,,,,,,,,,,Y,3,0,2,2,A,-,09,21804,,N,D,C,A,A,H,-,A,D,0,,,,,Y,,A,01,0,1,1,0,0,0,0,0,0,"- ","- ",38.78349,-121.24160999999999,PLACER,ROCKLIN,-121.24084723,38.784036
8404757,2018,2020-05-22,3104,2018-04-13,1322,281,37,5,5,4,3104,0,0,0,,0,002,"SPRINGVIEW DR","W DRIFTWOOD CT",40.00,S,N,A,-,N,,,,,,,,,,Y,1,1,2,2,A,-,08,22107,,N,D,C,A,A,H,-,A,D,0,,,,,Y,,A,01,2,0,0,0,0,0,0,0,0,"- ","- ",38.778430938720703,-121.24918365478516,PLACER,ROCKLIN,-121.24916076660156,38.778759002685547
8409670,2017,2017-08-04,3104,2017-07-12,1953,275,17,3,5,4,3104,0,0,0,,0,004,"DUBLIN DR","WEST OAKS BL",0.00,,Y,A,-,N,,,,,,,,,,N,3,0,1,2,A,-,03,22350,,N,G,B,B,A,H,-,A,D,0,Y,,,,Y,,A,07,0,1,0,0,1,0,0,0,0,"- ","- ",38.790730000000003,-121.23578999999999,PLACER,ROCKLIN,-121.27494996999999,38.815879930000001
8409674,2017,2017-08-04,3104,2017-07-06,1601,267,38,4,5,4,3104,0,0,0,,0,003,"STANFORD RANCH RD","PLAZA DR",5.00,S,N,A,-,N,,,,,,,,,,N,3,0,1,2,A,-,05,21650,,N,D,G,A,A,H,-,A,A,0,,Y,,,Y,,L,04,0,1,0,0,0,0,1,0,0,"- ","- ",38.793849999999999,-121.26823,PLACER,ROCKLIN,-121.26826937,38.79386839
8422646,2017,2017-08-11,3103,2017-07-19,1011,TRAYB,L7,3,5,2,3103,0,0,0,,0,0L4,"LINCOLN BL","LINCOLN BL 57",99.00,S,N,A,-,N,,,,,,,,,,N,4,0,1,2,A,-,21,22106,,N,C,C,A,A,H,-,A,A,0,,,,,Y,,D,82,0,0,1,0,0,0,0,0,0,"- ","- ",38.871040000000001,-121.29874,PLACER,LINCOLN,,
8422717,2017,2017-08-08,3103,2017-07-23,1045,PFREN,L2,7,5,2,3103,0,0,0,,0,0L1,"3RD ST","JOINER PKWY",20.00,E,N,A,-,N,,,,,,,,,,N,3,0,3,2,A,-,12,21453,A,N,D,C,A,A,H,-,A,A,0,,,,,Y,,D,22,0,1,2,0,0,0,0,0,0,"- ","- ",38.889130000000002,-121.31339,PLACER,LINCOLN,-121.31332986,38.889123339999998
8422800,2017,2017-08-08,3103,2017-07-16,0900,CSOBE,L7,7,5,2,3103,0,0,0,,0,0L4,"CHUCK WING LN","CASTLEBERRY LN",31.00,N,N,A,-,N,,,,,,,,,,N,4,0,1,2,A,-,03,22350,,N,C,C,A,A,H,-,A,D,0,,,,,Y,,D,82,0,0,1,0,0,0,0,0,0,"- ","- ",38.86938,-121.28736000000001,PLACER,LINCOLN,-121.28735878000001,38.869454849999997
8422960,2017,2017-08-07,3104,2017-07-27,0904,288,38,4,5,4,3104,0,0,0,,0,003,"MARLEE WY",FAIRWAY,182.00,W,N,A,-,N,,,,,,,,,,N,4,0,1,2,A,-,08,22107,,N,C,E,A,A,H,-,A,D,0,,,,,Y,,A,07,0,0,1,0,0,0,0,0,0,"- ","- ",38.791269999999997,-121.26311,PLACER,ROCKLIN,-121.2637033,38.791483319999998
8422977,2017,2017-08-08,3104,2017-07-25,1015,234,43,2,5,4,3104,0,0,0,,0,001,"PACIFIC ST","AMERICANA DR",701.00,N,N,A,-,N,,,,,,,,,,N,4,0,1,2,A,-,03,22350,,N,C,C,A,A,H,-,A,A,0,,,,,Y,,A,01,0,0,1,0,0,0,0,0,0,"- ","- ",38.80415,-121.21885,PLACER,ROCKLIN,-121.22232801,38.802071349999999
8432407,2017,2017-08-24,3104,2017-07-31,1451,226,37,1,5,4,3104,0,0,0,,0,002,"SUNSET BL","WHITNEY BL",0.00,,Y,A,-,N,,,,,,,,,,Y,4,0,1,2,A,-,12,21453,A,N,D,C,A,A,H,-,A,A,0,,,,,Y,,A,01,0,0,1,0,0,0,0,0,0,"- ","- ",38.78687,-121.25261999999999,PLACER,ROCKLIN,-121.25278,38.786899990000002
8432472,2017,2017-08-23,3104,2017-08-11,2057,289,11,5,5,4,3104,0,0,0,,0,004,"LONE TREE BL","CITY LIGHT POLE #3453",78.00,S,N,A,-,N,,,,,,,,,,N,3,0,1,2,A,-,09,21804,,N,H,G,A,A,H,-,C,D,0,,Y,,,Y,,A,01,0,1,0,0,0,0,1,0,0,"- ","- ",38.795900000000003,-121.29159,PLACER,ROCKLIN,,
8435975,2017,2017-09-28,3103,2017-08-27,0916,MALVE,L5,7,5,2,3103,0,0,0,,0,0L3,"MCBEAN PARK DR","D ST",0.00,,Y,A,-,N,,,,,,,,,,Y,4,0,1,2,A,-,12,22450,,N,D,C,A,A,H,-,A,A,0,,,,Y,Y,,A,01,0,0,1,0,0,0,0,0,0,"- ","- ",38.890509999999999,-121.289,PLACER,LINCOLN,-121.28900989,38.890509969999997
8451924,2017,2018-05-17,3101,2017-09-05,1031,I18,3101,2,5,3,3101,0,0,0,,0,001,"RT 49","PALM AV",1056.00,S,N,A,-,Y,PLA,3,49,-,-,3.580,H,-,N,N,4,0,1,3,A,-,00,23123,,N,C,C,A,A,H,-,A,A,0,,,,,Y,,-,,0,0,1,0,0,0,0,0,0,"- ","- ",,,PLACER,AUBURN,-121.07651084,38.905535639999997
8451932,2017,2018-05-17,3101,2017-09-06,2049,21,3101,3,5,3,3101,0,0,0,,0,001,"RT 49","FULWEILER AV",117.00,N,N,A,-,Y,PLA,3,49,-,-,3.497,H,-,S,Y,2,0,1,2,A,-,11,21950,B,N,G,B,D,A,H,-,C,A,0,Y,,,,Y,,N,60,1,0,0,0,1,0,0,0,0,"- ","- ",,,PLACER,AUBURN,-121.07629047,38.904354060000003
8452336,2017,2018-07-06,3101,2017-08-21,1346,23,03101,1,5,3,3101,0,0,0,,0,001,"RT 49",SAWYER,45.00,N,N,A,-,Y,PLA,3,49,-,-,3.360,H,-,N,N,4,0,1,2,A,-,04,21703,,N,C,C,A,A,H,-,A,A,0,,,,,Y,,A,01,0,0,1,0,0,0,0,0,0,"- ","- ",,,PLACER,AUBURN,-121.07583153,38.902331599999997
8453117,2017,2017-09-25,3103,2017-09-02,0108,BSCHN,L4,6,5,2,3103,0,0,0,,0,0L2,"JOINER PKWY","STANMARK DR",528.00,E,N,A,-,N,,,,,,,,,,Y,3,0,2,2,A,-,03,22350,,N,B,C,A,A,H,-,C,D,0,,,Y,,Y,,C,02,0,2,0,0,0,0,0,0,2,"- ","- ",38.876480000000001,-121.30589999999999,PLACER,LINCOLN,-121.29919049,38.874712690000003
8465695,2018,2020-05-21,3105,2018-08-31,2055,178,,5,5,5,3105,0,0,0,,0,003,"RIVERSIDE AV","CIRBY WY",674.00,N,N,A,-,N,,,,,,,,,,Y,1,1,0,2,A,-,03,22350,,N,E,I,A,A,H,-,C,A,0,,,Y,,Y,,C,02,0,0,0,0,0,0,0,1,0,"- ","- ",,,PLACER,ROSEVILLE,-121.29049682617188,38.731201171875
8468765,2017,2017-10-10,3103,2017-09-25,1604,CSOBE,L7,1,5,2,3103,0,0,0,,0,0L4,"STERLING PKWY","PARKWAY POINT",0.00,,Y,A,-,N,,,,,,,,,,Y,4,0,2,2,A,-,09,21453,C,N,D,C,A,A,H,-,A,A,0,,,,,Y,,A,01,0,0,2,0,0,0,0,0,0,"- ","- ",38.869909999999997,-121.29942,PLACER,LINCOLN,-121.29651991,38.870639910000001
8468773,2017,2017-10-10,3103,2017-09-23,0108,JHENS,L3,6,5,2,3103,0,0,0,,0,0L1,"R ST","LAEHR DR",146.00,S,N,A,-,N,,,,,,,,,,N,3,0,1,4,A,-,01,23152,A,M,E,E,A,A,H,-,C,D,0,,,,,Y,Y,A,01,0,1,0,0,0,0,0,0,0,"- ","- ",38.886510000000001,-121.30754,PLACER,LINCOLN,-121.30767974,38.888209490000001
8468797,2017,2017-10-09,3103,2017-09-08,0648,JSHAW,2,5,5,2,3103,0,0,0,,0,,"JOINER PKWY","GROVELAND LN",0.00,,Y,A,-,N,,,,,,,,,,Y,4,0,2,2,A,-,12,21453,A,N,D,D,A,A,H,-,A,A,0,,,,,Y,,A,07,0,0,2,0,0,0,0,0,0,"- ","- ",38.876480000000001,-121.30589999999999,PLACER,LINCOLN,-121.30596992,38.876299979999999
8469112,2017,2017-10-11,3103,2017-09-15,1118,TPARS,L5,5,5,2,3103,0,0,0,,0,0L3,"LINCOLN BL","3RD ST",0.00,,Y,A,-,N,,,,,,,,,,N,3,0,1,2,A,-,21,22106,,N,C,C,A,A,H,-,A,A,0,,,,Y,Y,,F,26,0,1,0,0,0,0,0,0,0,"- ","- ",38.889180000000003,-121.29279,PLACER,LINCOLN,-121.29279987,38.889179970000001
8479501,2017,2017-11-17,3104,2017-10-20,0200,205,46,5,5,4,3104,0,0,0,,0,002,"PACIFIC ST","SUNSET BL",0.00,,Y,C,-,N,,,,,,,,,,Y,4,0,1,1,A,-,03,22350,,N,E,I,A,B,H,-,C,A,0,,,,,Y,,-,,0,0,1,0,0,0,0,0,0,"- ","- ",38.781379999999999,-121.2422,PLACER,ROCKLIN,-121.24220999000001,38.781389939999997
8484132,2017,2017-11-15,3104,2017-10-24,2200,289,71,2,5,4,3104,0,0,0,,0,001,"ROCKLIN RD","SIERRA COLLEGE BL",0.00,,Y,A,-,N,,,,,,,,,,Y,3,0,2,2,A,-,00,21543,,N,D,C,A,A,H,-,C,A,0,,,,,Y,,A,07,0,2,0,0,0,0,0,0,0,"- ","- ",38.788679999999999,-121.20614999999999,PLACER,ROCKLIN,-121.20607988,38.788619910000001
8487053,2017,2017-11-17,3100,2017-10-09,1057,149,135,1,5,2,3106,0,0,0,,0,12P,"BARTON RD","WELLS AV",0.00,,Y,A,-,N,,,,,,,,,,Y,3,0,1,2,A,-,04,21703,,N,B,C,A,A,H,-,A,A,0,,,,,Y,,-,,0,1,0,0,0,0,0,0,0,"- ","- ",,,PLACER,LOOMIS,-121.19201998,38.785019939999998
8488421,2017,2017-12-07,3104,2017-11-06,1559,292,43,1,5,4,3104,0,0,0,,0,001,"PACIFIC ST","CIRCUIT DR",30.00,S,N,A,-,N,,,,,,,,,,Y,3,0,1,2,A,-,03,22350,,N,C,C,A,A,H,-,A,D,0,,,,Y,Y,,A,07,0,1,0,0,0,0,0,0,0,"- ","- ",38.799930000000003,-121.22744,PLACER,ROCKLIN,-121.22633354,38.799619880000002
8489682,2017,2017-11-29,3103,2017-10-20,1710,TRAYB,L6,5,5,2,3103,0,0,0,,0,0L4,"LINCOLN BL","FERRARI RANCH RD",51.00,S,N,A,-,N,,,,,,,,,,N,3,0,1,2,A,-,03,22350,,N,C,C,A,A,H,-,A,A,0,,,,,Y,,D,22,0,1,0,0,0,0,0,0,0,"- ","- ",38.879629999999999,-121.29543,PLACER,LINCOLN,-121.29545958,38.879495419999998
8489702,2017,2017-11-21,3103,2017-10-16,1636,TPARS,L4,1,5,2,3103,0,0,0,,0,0L2,"JOINER PKWY","GROVELAND LN",0.00,,Y,A,-,N,,,,,,,,,,N,3,0,1,2,A,-,10,21950,A,N,B,G,A,A,H,-,A,A,0,,Y,,,Y,,D,22,0,1,0,0,0,0,1,0,0,"- ","- ",,,PLACER,LINCOLN,-121.30596992,38.876299979999999
8490915,2017,2017-11-27,3103,2017-09-27,0856,TRAYB,L6,3,5,2,3103,0,0,0,,0,0L4,"PERIWINKLE LN","SUN CITY BL",15.00,E,N,A,-,N,,,,,,,,,,N,3,0,1,2,A,-,10,21950,A,N,G,B,B,A,H,-,A,A,0,Y,,,,Y,,A,01,0,1,0,0,1,0,0,0,0,"- ","- ",38.878990000000002,-121.27489,PLACER,LINCOLN,-121.27486872,38.879025599999999
8500214,2017,2017-12-08,3104,2017-11-25,0025,283,5,6,5,4,3104,0,0,0,,0,004,"GOLDEN TRAIL ST","STAGE STOP LOOP",272.00,S,N,B,-,N,,,,,,,,,,Y,3,0,1,1,A,-,01,23152,A,F,F,A,A,A,H,-,C,D,0,,,Y,,Y,Y,C,06,0,1,0,0,0,0,0,0,1,"- ","- ",,,PLACER,ROCKLIN,-121.26596868,38.825583340000001
8506083,2017,2018-01-10,3104,2017-11-30,1737,257,42,4,5,4,3104,0,0,0,,0,001,"BASS PRO DR","SCHRIBER WY",0.00,,Y,A,-,N,,,,,,,,,,Y,4,0,1,2,A,-,12,22450,A,N,-,C,A,-,H,-,C,-,0,,,,,Y,,A,01,0,0,1,0,0,0,0,0,0,"- ","- ",38.799469999999999,-121.20358,PLACER,ROCKLIN,-121.20359996000001,38.799479920000003