CASE_ID,ACCIDENT_YEAR,PROC_DATE,JURIS,COLLISION_DATE,COLLISION_TIME,OFFICER_ID,REPORTING_DISTRICT,DAY_OF_WEEK,CHP_SHIFT,POPULATION,CNTY_CITY_LOC,SPECIAL_COND,BEAT_TYPE,CHP_BEAT_TYPE,CITY_DIVISION_LAPD,CHP_BEAT_CLASS,BEAT_NUMBER,PRIMARY_RD,SECONDARY_RD,DISTANCE,DIRECTION,INTERSECTION,WEATHER_1,WEATHER_2,STATE_HWY_IND,CALTRANS_COUNTY,CALTRANS_DISTRICT,STATE_ROUTE,ROUTE_SUFFIX,POSTMILE_PREFIX,POSTMILE,LOCATION_TYPE,RAMP_INTERSECTION,SIDE_OF_HWY,TOW_AWAY,COLLISION_SEVERITY,NUMBER_KILLED,NUMBER_INJURED,PARTY_COUNT,PRIMARY_COLL_FACTOR,PCF_CODE_OF_VIOL,PCF_VIOL_CATEGORY,PCF_VIOLATION,PCF_VIOL_SUBSECTION,HIT_AND_RUN,TYPE_OF_COLLISION,MVIW,PED_ACTION,ROAD_SURFACE,ROAD_COND_1,ROAD_COND_2,LIGHTING,CONTROL_DEVICE,CHP_ROAD_TYPE,PEDESTRIAN_ACCIDENT,BICYCLE_ACCIDENT,MOTORCYCLE_ACCIDENT,TRUCK_ACCIDENT,NOT_PRIVATE_PROPERTY,ALCOHOL_INVOLVED,STWD_VEHTYPE_AT_FAULT,CHP_VEHTYPE_AT_FAULT,COUNT_SEVERE_INJ,COUNT_VISIBLE_INJ,COUNT_COMPLAINT_PAIN,COUNT_PED_KILLED,COUNT_PED_INJURED,COUNT_BICYCLIST_KILLED,COUNT_BICYCLIST_INJURED,COUNT_MC_KILLED,COUNT_MC_INJURED,PRIMARY_RAMP,SECONDARY_RAMP,LATITUDE,LONGITUDE,COUNTY,CITY,POINT_X,POINT_Y
8882225,2017,2019-07-03,3105,2017-02-24,1840,1028,,5,5,5,3105,0,0,0,,0,005,"MCANALLY DR","COUNTRY CLUB DR",0.00,,Y,A,-,N,,,,,,,,,,N,3,0,1,2,A,-,12,22450,A,N,D,C,A,A,H,-,C,A,0,,,Y,,Y,,C,02,0,1,0,0,0,0,0,0,1,"- ","- ",38.7637,-121.32262,PLACER,ROSEVILLE,-121.32263997,38.763709980000002
8882226,2017,2019-07-03,3105,2017-03-06,1527,1093,,1,5,5,3105,0,0,0,,0,005,"PLEASANT GROVE BL","ROSEVILLE PKWY",50.00,E,N,B,-,N,,,,,,,,,,Y,4,0,4,2,A,-,03,22350,,N,C,C,A,A,H,-,A,A,0,,,,,Y,,A,01,0,0,4,0,0,0,0,0,0,"- ","- ",38.778260000000003,-121.28825999999999,PLACER,ROSEVILLE,-121.28819314,38.778354469999996
8882229,2017,2019-07-03,3105,2017-02-03,0719,73,,5,5,5,3105,0,0,0,,0,001,"GIBSON DR","ROSEVILLE PKWY",0.00,,Y,B,C,N,,,,,,,,,,Y,4,0,1,2,A,-,09,21801,A,N,D,C,A,B,H,-,B,D,0,,,,,Y,,A,01,0,0,1,0,0,0,0,0,0,"- ","- ",38.777560000000001,-121.28480999999999,PLACER,ROSEVILLE,-121.28484991000001,38.777569939999999
8882230,2017,2019-07-03,3105,2017-03-07,1244,180,,2,5,5,3105,0,0,0,,0,002,"SUNRISE AV","SUN TREE DR",265.00,S,N,A,B,N,,,,,,,,,,Y,4,0,3,3,A,-,03,22350,,N,C,C,A,A,H,-,A,A,0,,,,,Y,,A,01,0,0,3,0,0,0,0,0,0,"- ","- ",38.729489999999998,-121.27207,PLACER,ROSEVILLE,-121.27205871,38.726432299999999
8882233,2017,2019-07-03,3105,2017-02-02,1504,369,,4,5,5,3105,0,0,0,,0,003,"HARDING BL","LEAD HILL BL",700.00,N,N,B,-,N,,,,,,,,,,Y,3,0,3,2,A,-,09,21804,A,N,A,C,A,A,H,-,A,A,0,,,,,Y,,A,07,0,2,1,0,0,0,0,0,0,"- ","- ",,,PLACER,ROSEVILLE,-121.26742099000001,38.754375539999998
8882234,2017,2019-07-03,3105,2017-03-08,1254,119,,3,5,5,3105,0,0,0,,0,005,"W PLEASANT GROVE BL","FOOTHILLS BL",200.00,E,N,A,-,N,,,,,,,,,,Y,4,0,1,2,A,-,03,22350,,N,C,C,A,-,H,-,-,D,0,,,,,Y,,A,01,0,0,1,0,0,0,0,0,0,"- ","- ",38.77261,-121.31286,PLACER,ROSEVILLE,-121.31217846,38.772605069999997
8882238,2017,2019-07-03,3105,2017-03-01,0917,369,,3,5,5,3105,0,0,0,,0,002,"CIRBY WY","SUNRISE AV",415.00,W,N,A,-,N,,,,,,,,,,Y,4,0,2,2,A,-,09,21804,A,N,A,C,A,A,D,E,A,A,0,,,,,Y,,A,01,0,0,2,0,0,0,0,0,0,"- ","- ",,,PLACER,ROSEVILLE,-121.27354482,38.729505799999998
8882287,2017,2019-07-03,3105,2017-03-12,1938,562,,7,5,5,3105,0,0,0,,0,001,"GALLERIA BL","ROSEVILLE PKWY",76.00,N,N,A,-,N,,,,,,,,,,N,4,0,1,2,A,-,03,22350,,N,C,C,A,A,H,-,C,A,0,,,,,Y,,A,01,0,0,1,0,0,0,0,0,0,"- ","- ",,,PLACER,ROSEVILLE,-121.2659,38.769078700000001
8883252,2019,2019-07-09,3105,2019-05-20,1412,1101,,1,5,5,3105,0,0,0,,0,006,"HORNCASTLE AV","WOODCREST OAKS BL",0.00,,Y,A,-,N,,,,,,,,,,N,4,0,1,2,A,-,05,21650,1,N,G,G,A,A,H,-,A,A,0,,Y,,,Y,,L,04,0,0,1,0,0,0,1,0,0,"- ","- ",38.784439086914062,-121.33322143554688,PLACER,ROSEVILLE,-121.33325000000001,38.784439999999996
8883260,2019,2019-07-16,3105,2019-05-27,1624,1098,,1,5,5,3105,0,0,0,,0,005,"E PLEASANT GROVE BL","RT 65",150.00,W,N,A,-,N,,,,,,,,,,Y,4,0,2,3,A,-,03,22350,,N,C,C,A,A,H,-,A,D,0,,,,,Y,,A,01,0,0,2,0,0,0,0,0,0,"- ",NO,38.785358428955078,-121.2813720703125,PLACER,ROSEVILLE,-121.28441619873047,38.786113739013672
8884993,2017,2019-07-03,3105,2017-01-13,1618,1091,,5,5,5,3105,0,0,0,,0,005,"INDUSTRIAL AV","FREEDOM WY",0.00,,Y,A,-,N,,,,,,,,,,Y,3,0,1,2,A,-,03,22350,,N,C,C,A,A,H,-,A,A,0,,,,,Y,,A,01,0,1,0,0,0,0,0,0,0,"- ","- ",,,PLACER,ROSEVILLE,-121.30787992,38.793709880000002
8884997,2017,2019-07-03,3105,2017-01-13,0806,369,,5,5,5,3105,0,0,0,,0,003,"CIRBY WY","NORTHRIDGE DR",110.00,W,N,E,-,N,,,,,,,,,,Y,4,0,3,4,A,-,03,22350,,F,C,C,A,A,H,-,A,A,0,,,,,Y,,-,99,0,0,3,0,0,0,0,0,0,"- ","- ",,,PLACER,ROSEVILLE,-121.29508548,38.729351800000003
8885017,2017,2019-07-03,3105,2017-02-09,1639,1092,,4,5,5,3105,0,0,0,,0,004,"FOOTHILLS BL","JUNCTION BL",56.00,S,N,B,C,N,,,,,,,,,,Y,4,0,1,2,A,-,03,22350,,N,D,C,A,B,H,-,A,A,0,,,,,Y,,D,22,0,0,1,0,0,0,0,0,0,"- ","- ",38.759169999999997,-121.30992999999999,PLACER,ROSEVILLE,-121.31001161,38.759031630000003
8885034,2017,2019-07-09,3105,2017-01-05,1655,197,,4,5,5,3105,0,0,0,,0,003,"RIVERSIDE AV","RT 80",0.00,,Y,A,-,Y,PLA,3,80,-,-,0.406,R,4,E,Y,4,0,1,2,A,-,09,21801,A,N,D,C,A,A,H,-,B,A,0,,,,,Y,,E,22,0,0,1,0,0,0,0,0,0,"- ",EO,38.725110000000001,-121.29046,PLACER,ROSEVILLE,-121.28860406,38.726207610000003
8885092,2019,2019-07-08,3104,2019-06-17,1130,236,43,1,5,4,3104,0,0,0,,0,001,"PACIFIC ST","AMERICANA WY",0.00,,Y,A,-,N,,,,,,,,,,N,4,0,1,2,A,-,12,21453,A,N,C,C,A,A,H,-,A,A,0,,,,,Y,,D,22,0,0,1,0,0,0,0,0,0,"- ","- ",38.800880432128906,-121.22427368164062,PLACER,ROCKLIN,-121.22425842285156,38.800880432128906
8886324,2017,2019-07-03,3105,2017-01-25,1800,121,,3,5,5,3105,0,0,0,,0,005,"BLUE OAK BL","FOOTHILLS BL",300.00,E,N,A,-,N,,,,,,,,,,N,3,0,1,2,A,-,11,21950,B,N,G,B,-,A,H,-,C,A,0,Y,,,,Y,,N,60,0,1,0,0,1,0,0,0,0,"- ","- ",38.795520000000003,-121.31386000000001,PLACER,ROSEVILLE,-121.31277731,38.795520000000003
8886364,2017,2019-07-03,3105,2017-02-27,1633,562,,1,5,5,3105,0,0,0,,0,003,"DOUGLAS BL","HARDING BL",1018.00,E,N,A,-,N,,,,,,,,,,Y,4,0,2,4,A,-,03,22350,,N,C,C,A,A,H,-,A,A,0,,,,Y,Y,,F,26,0,0,2,0,0,0,0,0,0,"- ","- ",,,PLACER,ROSEVILLE,-121.2707908,38.744042880000002
8886372,2017,2019-07-03,3105,2017-01-19,0925,369,,4,5,5,3105,0,0,0,,0,002,"SUNRISE AV","CIRBY WY",300.00,S,N,B,-,N,,,,,,,,,,Y,4,0,3,3,A,-,03,22350,,N,C,C,A,B,H,-,A,A,0,,,,,Y,,A,01,0,0,3,0,0,0,0,0,0,"- ","- ",,,PLACER,ROSEVILLE,-121.2720858,38.728686230000001
8886399,2017,2019-07-03,3105,2017-02-14,1120,1034,,2,5,5,3105,0,0,0,,0,002,"DOUGLAS BL","SIERRA GARDENS DR",800.00,E,N,A,-,N,,,,,,,,,,Y,4,0,1,2,A,-,03,22350,,N,C,C,A,A,H,-,A,A,0,,,,,Y,,A,01,0,0,1,0,0,0,0,0,0,"- ","- ",38.744329999999998,-121.25502,PLACER,ROSEVILLE,-121.25642666,38.74418
8886911,2019,2019-07-18,3104,2019-06-25,1459,277,17,2,5,4,3104,0,0,0,,0,004,"HARVEST RD","WEST OAKS BL",0.00,,Y,A,-,N,,,,,,,,,,N,4,0,1,2,A,-,21,22106,,N,H,G,A,A,H,-,A,A,0,,Y,,,Y,,A,01,0,0,1,0,0,0,1,0,0,"- ","- ",,,PLACER,ROCKLIN,-121.27481079101562,38.815830230712891
8891202,2017,2019-07-09,3105,2017-01-31,1105,369,,2,5,5,3105,0,0,0,,0,001,"NORTH SUNRISE AV","EUREKA RD",27.00,N,N,A,-,N,,,,,,,,,,N,4,0,1,2,A,-,03,22350,,N,C,C,A,A,H,-,A,A,0,,,,,Y,,A,01,0,0,1,0,0,0,0,0,0,"- ","- ",,,PLACER,ROSEVILLE,-121.2550777,38.75564181
8891217,2017,2019-07-09,3105,2017-01-07,2500,567,,6,5,5,3105,0,0,0,,0,005,"FAIRWAY DR","CENTRAL PARK DR",737.00,W,N,B,C,N,,,,,,,,,,Y,4,0,1,2,A,-,09,21804,A,N,D,C,A,B,H,-,A,A,0,,,,,Y,,A,01,0,0,1,0,0,0,0,0,0,"- ","- ",38.786239999999999,-121.28008,PLACER,ROSEVILLE,-121.27935033,38.788217979999999
8891226,2017,2019-07-09,3105,2017-02-21,0753,369,,2,5,5,3105,0,0,0,,0,003,"RIVERSIDE AV","RT 80",300.00,S,N,B,-,N,,,,,,,,,,Y,4,0,1,2,A,-,03,22350,,N,C,C,A,B,H,-,A,A,0,,,,,Y,,A,01,0,0,1,0,0,0,0,0,0,"- ",WF,,,PLACER,ROSEVILLE,-121.29037,38.724910000000001
8891229,2017,2019-07-09,3105,2017-03-08,1810,197,,3,5,5,3105,0,0,0,,0,002,"KENSINGTON DR","SUNRISE AV",0.00,,Y,A,-,N,,,,,,,,,,N,3,0,1,2,A,-,09,21804,A,N,D,G,A,A,H,-,B,A,0,,Y,,,Y,,A,01,0,1,0,0,0,0,1,0,0,"- ","- ",38.727159999999998,-121.27207,PLACER,ROSEVILLE,-121.2720599,38.727159980000003
8891230,2017,2019-07-09,3105,2017-02-12,2112,565,,7,5,5,3105,0,0,0,,0,006,"PLEASANT GROVE BL","FIDDYMENT RD",0.00,,Y,A,-,N,,,,,,,,,,Y,4,0,1,4,A,-,09,21453,C,N,D,C,A,A,H,-,C,A,0,,,,,Y,,A,01,0,0,1,0,0,0,0,0,0,"- ","- ",,,PLACER,ROSEVILLE,-121.35872990999999,38.766289950000001
8892522,2019,2019-07-22,3105,2019-06-19,0908,343,,3,5,5,3105,0,0,0,,0,006,"WOODCREEK OAKS BL","BASELINE RD",0.00,,Y,A,-,N,,,,,,,,,,Y,3,0,3,3,A,-,09,21453,C,N,D,C,A,A,H,-,A,A,0,,,,,Y,,A,01,0,2,1,0,0,0,0,0,0,"- ","- ",38.751850128173828,-121.33699798583984,PLACER,ROSEVILLE,-121.33701324462891,38.751869201660156
8892642,2019,2019-08-13,3105,2019-07-06,1249,1095,,6,5,5,3105,0,0,0,,0,005,"WASHINGTON BL","BLUE OAK BL",28.00,S,N,A,-,N,,,,,,,,,,N,4,0,2,2,A,-,21,22106,,N,C,C,A,A,H,-,A,A,0,,,,,Y,,A,07,0,0,2,0,0,0,0,0,0,"- ","- ",38.795238494873047,-121.30055999755859,PLACER,ROSEVILLE,-121.30046081542969,38.795124053955078
8892682,2019,2019-08-13,3101,2019-07-02,1615,A266,,2,5,3,3101,0,0,0,,0,,"NEVADA ST","RT 49",2390.00,S,N,A,-,N,,,,,,,,,,N,4,0,1,2,D,-,00,,,N,H,C,A,A,H,-,A,D,0,,,,,Y,,-,"- ",0,0,1,0,0,0,0,0,0,"- ","- ",,,PLACER,AUBURN,-121.08233642578125,38.918441772460938
8892748,2019,2019-07-24,3105,2019-06-20,0948,343,,4,5,5,3105,0,0,0,,0,001,"ROSEVILLE PKWY","RESERVE DR",431.00,E,N,A,-,N,,,,,,,,,,Y,3,0,1,2,A,-,09,21804,A,N,B,C,A,A,H,-,A,D,0,,,,,Y,,A,07,0,1,0,0,0,0,0,0,0,"- ","- ",38.768848419189453,-121.26580047607422,PLACER,ROSEVILLE,-121.26811981201172,38.769397735595703
8892797,2019,2019-08-16,3101,2019-07-04,1202,12,,4,5,3,3101,0,0,0,,0,,"AUBURN FOLSOM RD","RACETRACK ST",0.00,,Y,A,-,N,,,,,,,,,,Y,3,0,2,4,A,-,01,23153,,N,C,C,A,A,H,-,A,A,0,,,,,Y,Y,-,,0,1,1,0,0,0,0,0,0,"- ","- ",,,PLACER,AUBURN,-121.07627868652344,38.891128540039062
8892840,2019,2019-08-16,3104,2019-07-03,1815,277,10B,3,5,4,3104,0,0,0,,0,004,"PARK DR","SIGNAL LIGHT #C10610",60.00,N,N,A,-,N,,,,,,,,,,Y,4,0,2,3,A,-,12,21453,A,N,D,C,A,A,H,-,A,A,0,,,,,Y,,A,01,0,0,2,0,0,0,0,0,0,"- ","- ",,,PLACER,ROCKLIN,,
8894173,2019,2019-07-12,3101,2019-06-16,0445,14,5,7,5,3,3101,0,0,0,,0,002,"AUBURN FOLSOM RD","KIDDER CT",0.00,,Y,A,-,N,,,,,,,,,,Y,3,0,1,1,A,-,01,23152,A,N,A,I,A,A,H,-,C,D,0,,,,,Y,Y,-,,0,1,0,0,0,0,0,0,0,"- ","- ",,,PLACER,AUBURN,-121.083635,38.874555000000001
8894196,2019,2019-07-12,3103,2019-06-27,1407,AELLI,L8,4,5,2,3103,0,0,0,,0,0L4,"YERBA WY","YERBA WY 1856",0.00,,-,A,-,N,,,,,,,,,,N,3,0,1,2,A,-,08,22107,,N,G,B,E,A,H,-,A,D,0,Y,,,,Y,,A,07,0,1,0,0,1,0,0,0,0,"- ","- ",38.857860565185547,-121.24839019775391,PLACER,LINCOLN,-121.248102,38.858184000000001
8894200,2019,2019-07-11,3103,2019-06-12,1640,TRAYB,L5,3,5,2,3103,0,0,0,,0,0L3,"MCBEAN PARK DR","C ST",15.00,W,N,A,-,N,,,,,,,,,,N,3,0,1,2,A,-,05,21650,1,N,A,G,A,A,H,-,A,A,0,,Y,,,Y,,L,04,0,1,0,0,0,0,1,0,0,"- ","- ",38.890510559082031,-121.28771209716797,PLACER,LINCOLN,-121.28779602050781,38.890510559082031
8894406,2019,2019-07-18,3105,2019-06-04,1513,369,,2,5,5,3105,0,0,0,,0,001,"GALLERIA BL","BERRY ST",1070.00,N,N,A,-,N,,,,,,,,,,Y,4,0,1,2,A,-,09,21804,A,N,D,C,A,A,H,-,A,A,0,,,,,Y,,D,22,0,0,1,0,0,0,0,0,0,"- ","- ",,,PLACER,ROSEVILLE,-121.26587677001953,38.762317657470703
8894414,2019,2019-07-18,3105,2019-06-10,1607,369,,1,5,5,3105,0,0,0,,0,,"WASHINGTON BL","PLEASANT GROVE BL",720.00,N,N,A,-,N,,,,,,,,,,Y,3,0,1,3,A,-,09,21804,A,N,D,C,A,A,H,-,A,A,0,,,,,Y,,A,01,0,1,0,0,0,0,0,0,0,"- ","- ",,,PLACER,ROSEVILLE,-121.30397796630859,38.775867462158203
8894502,2019,2019-07-16,3105,2019-06-20,1921,1128,,4,5,5,3105,0,0,0,,0,006,"PLEASANT GROVE BL","AMINGTON DR",0.00,,Y,A,-,N,,,,,,,,,,Y,4,0,2,2,A,-,09,21804,A,N,D,C,A,A,H,-,A,D,0,,,,,Y,,A,01,0,0,2,0,0,0,0,0,0,"- ","- ",38.772941589355469,-121.37090301513672,PLACER,ROSEVILLE,-121.37101745605469,38.772628784179688
8894522,2019,2019-07-16,3105,2019-06-07,1440,78,,5,5,5,3105,0,0,0,,0,002,"STRAUCH DR","DOUGLAS BL",147.00,S,N,A,-,N,,,,,,,,,,N,3,0,1,2,A,-,09,21801,A,N,A,C,A,A,H,-,A,D,0,,,Y,,Y,,A,01,0,1,0,0,0,0,0,0,1,"- ","- ",,,PLACER,ROSEVILLE,-121.25501251220703,38.743946075439453
8894538,2019,2019-07-16,3105,2019-06-07,1832,1128,,5,5,5,3105,0,0,0,,0,005,"WOODCREEK OAKS BL","BIRKDALE DR",0.00,,Y,A,-,N,,,,,,,,,,Y,4,0,2,2,A,-,09,21801,A,N,D,C,A,A,H,-,A,D,0,,,,,Y,,A,01,0,0,2,0,0,0,0,0,0,"- ","- ",38.768741607666016,-121.33003234863281,PLACER,ROSEVILLE,,
8894722,2019,2019-08-14,3104,2019-07-04,1627,277,10B,4,5,4,3104,0,0,0,,0,004,"SUNSET BL","PARK DR",0.00,,Y,A,-,N,,,,,,,,,,Y,3,0,1,2,A,-,12,21453,A,N,D,C,A,A,H,-,A,A,0,,,Y,,Y,,A,01,0,1,0,0,0,0,0,0,1,"- ","- ",38.804740905761719,-121.27294158935547,PLACER,ROCKLIN,-121.27294921875,38.804740905761719
8896188,2019,2020-09-11,3105,2019-06-21,1239,1062,,5,5,5,3105,0,0,0,,0,003,"DOUGLAS BL","RT 80",100.00,E,N,A,-,Y,PLA,3,80,-,-,2.009,R,4,W,Y,4,0,1,2,A,-,03,22350,,N,C,C,A,A,H,-,A,A,0,,,,,Y,,A,01,0,0,1,0,0,0,0,0,0,"- ",WO,38.743991851806641,-121.27435302734375,PLACER,ROSEVILLE,-121.27056121826172,38.744533538818359
8896535,2019,2020-01-27,3101,2019-07-07,2355,A266,AUBUR,7,5,3,3101,0,0,0,,0,,"LINCOLN WY","RT 49",0.00,,Y,A,-,Y,PLA,3,49,-,-,2.393,I,5,S,Y,3,0,1,1,A,-,01,23152,,N,F,A,A,A,H,-,C,A,0,,,,,Y,Y,-,,0,1,0,0,0,0,0,0,0,"- ","- ",,,PLACER,AUBURN,-121.04048156738281,38.915451049804688
8896742,2017,2019-07-12,3105,2017-03-28,1629,1065,,2,5,5,3105,0,0,0,,0,003,"VERNON ST","LINCOLN ST",0.00,,Y,A,-,N,,,,,,,,,,N,4,0,1,2,A,-,09,21801,A,N,G,G,A,A,H,-,A,A,0,,Y,,,Y,,L,04,0,0,1,0,0,0,1,0,0,"- ","- ",,,PLACER,ROSEVILLE,-121.28282998,38.749879980000003
8896753,2017,2019-07-15,3105,2017-03-29,2229,1065,,3,5,5,3105,0,0,0,,0,004,"CIRCUIT DR","FIG ST",75.00,N,N,A,-,N,,,,,,,,,,N,2,0,1,2,A,-,03,22350,,N,C,E,A,A,H,-,C,D,0,,,Y,,Y,,C,02,1,0,0,0,0,0,0,0,1,"- ","- ",,,PLACER,ROSEVILLE,-121.29805216,38.748524119999999
8896756,2017,2019-07-15,3105,2017-03-26,2016,1079,,7,5,5,3105,0,0,0,,0,006,"FIDDYMENT RD","PLEASANT GROVE BL",0.00,,Y,C,-,N,,,,,,,,,,Y,3,0,2,2,A,-,12,21453,A,N,D,C,A,B,H,-,C,A,0,,,,,Y,,A,01,0,1,1,0,0,0,0,0,0,"- ","- ",38.766289999999998,-121.35869,PLACER,ROSEVILLE,-121.35872990999999,38.766289950000001
8896759,2017,2019-07-15,3105,2017-03-27,0647,1044,,1,5,5,3105,0,0,0,,0,006,"WESTHILLS DR","FIDDYMENT RD",0.00,,Y,C,-,N,,,,,,,,,,Y,4,0,1,2,A,-,09,21801,A,N,D,C,A,A,H,-,A,C,0,,,,,Y,,A,01,0,0,1,0,0,0,0,0,0,"- ","- ",38.761519999999997,-121.35842,PLACER,ROSEVILLE,-121.35850988,38.76148997
8896760,2017,2019-07-15,3105,2017-03-28,2500,1081,,2,5,5,3105,0,0,0,,0,003,"CIRBY WY","RIVERSIDE AV",0.00,,Y,A,-,N,,,,,,,,,,Y,4,0,1,1,A,-,08,22107,,N,E,I,A,A,H,-,C,A,0,,,Y,,Y,,C,02,0,0,1,0,0,0,0,0,1,"- ","- ",38.729340000000001,-121.29048,PLACER,ROSEVILLE,-121.29045993,38.729349939999999
8896762,2017,2019-07-15,3105,2017-03-29,1730,165,,3,5,5,3105,0,0,0,,0,006,"E BASELINE RD","FIDDYMENT RD",1480.00,W,N,A,-,N,,,,,,,,,,Y,4,0,1,3,A,-,03,22350,,N,C,C,A,A,H,-,A,A,0,,,,,Y,,A,01,0,0,1,0,0,0,0,0,0,"- ","- ",,,PLACER,ROSEVILLE,-121.36064,38.75177
8896769,2017,2019-07-15,3105,2017-03-31,1728,46,,5,5,5,3105,0,0,0,,0,006,"WOODCREEK OAKS BL","BLANCHARD DR",0.00,,Y,A,-,N,,,,,,,,,,Y,3,0,2,2,A,-,09,21802,A,N,D,C,A,A,H,-,A,A,0,,,,,Y,,D,22,0,1,1,0,0,0,0,0,0,"- ","- ",38.751849999999997,-121.33702,PLACER,ROSEVILLE,-121.33709992,38.753859919999996
8896770,2017,2019-07-15,3105,2017-03-28,2139,1084,,2,5,5,3105,0,0,0,,0,005,"HIGHLAND PARK DR","MONTROSE DR",390.00,W,N,A,-,N,,,,,,,,,,Y,4,0,1,1,A,-,01,23152,B,N,E,I,A,A,H,-,C,D,0,,,,,Y,Y,A,01,0,0,1,0,0,0,0,0,0,"- ","- ",,,PLACER,ROSEVILLE,-121.28497,38.792743110000004
8896774,2017,2019-07-15,3105,2017-03-29,1032,369,,3,5,5,3105,0,0,0,,0,002,"ROCKY RIDGE DR","DOUGLAS BL",350.00,S,N,A,-,N,,,,,,,,,,N,4,0,1,2,A,-,11,21954,A,N,G,B,D,A,D,E,A,A,0,Y,,,,Y,,N,60,0,0,1,0,1,0,0,0,0,"- ","- ",,,PLACER,ROSEVILLE,-121.25311026,38.743383829999999
8896777,2017,2019-07-16,3105,2017-03-21,1253,172,,2,5,5,3105,0,0,0,,0,003,"DOUGLAS BL","HARDING BL",60.00,E,N,B,-,N,,,,,,,,,,Y,4,0,1,3,A,-,03,22350,,N,C,C,A,A,H,-,A,A,0,,,,,Y,,D,22,0,0,1,0,0,0,0,0,0,"- ","- ",38.743989999999997,-121.27435,PLACER,ROSEVILLE,-121.27414962,38.744019999999999
8896805,2017,2019-07-12,3105,2017-04-11,1830,1079,,2,5,5,3105,0,0,0,,0,005,"BLUE OAKS BL","WASHINGTON BL",39.00,W,N,A,-,Y,,,,,,,,,,N,4,0,1,2,A,-,03,22350,,F,C,C,A,-,H,-,A,A,0,,,,,Y,Y,-,,0,0,1,0,0,0,0,0,0,"- ","- ",38.79524,-121.30056,PLACER,ROSEVILLE,-121.30059683,38.795201669999997
8896837,2017,2019-07-12,3105,2017-04-10,2030,46,,1,5,5,3105,0,0,0,,0,001,"ROSEVILLE PKWY","WEST DR",0.00,,Y,A,-,N,,,,,,,,,,Y,4,0,2,2,A,-,12,21453,A,N,A,C,A,A,H,-,C,A,0,,,,,Y,,A,07,0,0,2,0,0,0,0,0,0,"- ","- ",38.772370000000002,-121.27305,PLACER,ROSEVILLE,-121.27301992,38.772349929999997
8896881,2019,2019-08-06,3105,2019-06-27,1508,1062,,4,5,5,3105,0,0,0,,0,005,"PLEASANT GROVE3 BL","CHAMBOARD WY",0.00,,Y,A,-,N,,,,,,,,,,N,3,0,1,2,A,-,08,22107,,N,D,C,A,A,H,-,A,D,0,,,,,Y,,A,01,0,1,0,0,0,0,0,0,0,"- ","- ",38.781639099121094,-121.28719329833984,PLACER,ROSEVILLE,-121.2872,38.781649999999999
8897262,2019,2019-07-19,3104,2019-06-28,2121,297,11,5,5,4,3104,0,0,0,,0,004,"LONETREE BL","GRAND CANYON",66.00,S,N,A,-,N,,,,,,,,,,Y,3,0,1,2,A,-,05,21650,,N,A,C,A,A,H,-,C,A,0,,,,,Y,,A,01,0,1,0,0,0,0,0,0,0,"- ","- ",38.797080993652344,-121.29366302490234,PLACER,ROCKLIN,-121.29250335693359,38.798313140869141
8901108,2019,2019-07-30,3105,2019-06-27,0055,1100,,4,5,5,3105,0,0,0,,0,002,"EUREKA RD",DOUGLAS,1200.00,N,N,A,-,N,,,,,,,,,,Y,4,0,1,2,A,-,03,22350,,N,C,C,A,A,H,-,C,D,0,,,,,Y,,A,01,0,0,1,0,0,0,0,0,0,"- ","- ",38.744350433349609,-121.24710083007812,PLACER,ROSEVILLE,-121.2474365234375,38.747653961181641
8901372,2019,2019-07-29,3105,2019-07-10,1426,1121,,3,5,5,3105,0,0,0,,0,006,"FIDDYMENT RD","BASELINE RD",436.00,N,N,A,-,N,,,,,,,,,,N,4,0,1,3,A,-,03,22350,,N,C,C,A,A,H,-,A,A,0,,,,,Y,,A,01,0,0,1,0,0,0,0,0,0,"- ","- ",38.751781463623047,-121.35852813720703,PLACER,ROSEVILLE,-121.35852813720703,38.752967834472656
8901380,2019,2019-07-29,3105,2019-07-11,1228,343,,4,5,5,3105,0,0,0,,0,005,"FOOTHILLS BL","SWITCHMAN DR",154.00,N,N,A,-,N,,,,,,,,,,Y,4,0,1,2,A,-,08,22107,,N,B,C,A,A,H,-,A,D,0,,,,,Y,,A,01,0,0,1,0,0,0,0,0,0,"- ","- ",,,PLACER,ROSEVILLE,-121.30940246582031,38.750381469726562
8901384,2019,2019-07-29,3105,2019-07-05,1453,1062,,5,5,5,3105,0,0,0,,0,003,"DOUGLAS BL","BULJAN DR",20.00,W,N,A,-,N,,,,,,,,,,N,4,0,1,2,A,-,03,22350,,N,C,C,A,A,H,-,A,A,0,,,,,Y,,A,01,0,0,1,0,0,0,0,0,0,"- ","- ",38.745159149169922,-121.28227996826172,PLACER,ROSEVILLE,-121.28250122070312,38.743938446044922
8901396,2019,2019-07-29,3105,2019-07-09,1328,343,,2,5,5,3105,0,0,0,,0,001,"FAIRWAY DR","FIVE STAR BL",0.00,,Y,A,-,N,,,,,,,,,,Y,4,0,1,2,A,-,09,21453,C,N,D,C,A,A,H,-,A,A,0,,,,,Y,,A,01,0,0,1,0,0,0,0,0,0,"- ","- ",38.783401489257812,-121.27159881591797,PLACER,ROSEVILLE,-121.27104187011719,38.783618927001953
8901404,2019,2019-07-29,3105,2019-07-17,1013,343,,3,5,5,3105,0,0,0,,0,002,"SUNRISE AV","COLOMA WY",636.00,S,N,A,-,N,,,,,,,,,,Y,3,0,2,3,A,-,03,22350,,N,C,C,A,A,H,-,A,A,0,,,,,Y,,A,01,0,1,1,0,0,0,0,0,0,"- ","- ",,,PLACER,ROSEVILLE,-121.27201843261719,38.735023498535156
8904016,2019,2019-09-11,3105,2019-06-18,1358,1071,,2,5,5,3105,0,0,0,,0,002,"DOUGLAS BL","PROFESSIONAL DR",0.00,,Y,A,-,N,,,,,,,,,,Y,4,0,1,2,A,-,08,22101,D,N,D,C,A,A,H,-,A,D,0,,,,,Y,,A,01,0,0,1,0,0,0,0,0,0,"- ","- ",38.744300842285156,-121.24038696289062,PLACER,ROSEVILLE,-121.24037170410156,38.744300842285156