CASE_ID,ACCIDENT_YEAR,PROC_DATE,JURIS,COLLISION_DATE,COLLISION_TIME,OFFICER_ID,REPORTING_DISTRICT,DAY_OF_WEEK,CHP_SHIFT,POPULATION,CNTY_CITY_LOC,SPECIAL_COND,BEAT_TYPE,CHP_BEAT_TYPE,CITY_DIVISION_LAPD,CHP_BEAT_CLASS,BEAT_NUMBER,PRIMARY_RD,SECONDARY_RD,DISTANCE,DIRECTION,INTERSECTION,WEATHER_1,WEATHER_2,STATE_HWY_IND,CALTRANS_COUNTY,CALTRANS_DISTRICT,STATE_ROUTE,ROUTE_SUFFIX,POSTMILE_PREFIX,POSTMILE,LOCATION_TYPE,RAMP_INTERSECTION,SIDE_OF_HWY,TOW_AWAY,COLLISION_SEVERITY,NUMBER_KILLED,NUMBER_INJURED,PARTY_COUNT,PRIMARY_COLL_FACTOR,PCF_CODE_OF_VIOL,PCF_VIOL_CATEGORY,PCF_VIOLATION,PCF_VIOL_SUBSECTION,HIT_AND_RUN,TYPE_OF_COLLISION,MVIW,PED_ACTION,ROAD_SURFACE,ROAD_COND_1,ROAD_COND_2,LIGHTING,CONTROL_DEVICE,CHP_ROAD_TYPE,PEDESTRIAN_ACCIDENT,BICYCLE_ACCIDENT,MOTORCYCLE_ACCIDENT,TRUCK_ACCIDENT,NOT_PRIVATE_PROPERTY,ALCOHOL_INVOLVED,STWD_VEHTYPE_AT_FAULT,CHP_VEHTYPE_AT_FAULT,COUNT_SEVERE_INJ,COUNT_VISIBLE_INJ,COUNT_COMPLAINT_PAIN,COUNT_PED_KILLED,COUNT_PED_INJURED,COUNT_BICYCLIST_KILLED,COUNT_BICYCLIST_INJURED,COUNT_MC_KILLED,COUNT_MC_INJURED,PRIMARY_RAMP,SECONDARY_RAMP,LATITUDE,LONGITUDE,COUNTY,CITY,POINT_X,POINT_Y
8932224,2019,2019-09-18,3105,2019-08-24,0046,1082,,6,5,5,3105,0,0,0,,0,006,"MT TAMALPAIS DR","MAMMOTH WY",43.00,W,N,A,-,N,,,,,,,,,,Y,2,0,1,2,A,-,08,22107,,N,D,E,A,A,H,-,C,A,0,,,,,Y,,A,01,1,0,0,0,0,0,0,0,0,"- ","- ",38.806880950927734,-121.33879852294922,PLACER,ROSEVILLE,-121.33872222900391,38.807109832763672
8932232,2019,2019-09-18,3105,2019-08-20,2500,1120,,2,5,5,3105,0,0,0,,0,003,"CIRBY WY","RIVERSIDE AV",916.00,S,N,A,-,N,,,,,,,,,,Y,4,0,1,2,A,-,12,21453,A,F,B,C,A,A,H,-,C,A,0,,,,,Y,,A,01,0,0,1,0,0,0,0,0,0,"- ","- ",38.729339599609375,-121.29048156738281,PLACER,ROSEVILLE,-121.29045867919922,38.729351043701172
8932347,2019,2019-09-18,3105,2019-08-19,0730,1113,,1,5,5,3105,0,0,0,,0,002,"DOUGLAS BL","ROCKY RIDGE DR",0.00,,Y,A,-,N,,,,,,,,,,N,3,0,1,2,A,-,17,21208,A,N,G,G,A,A,H,-,B,A,0,,Y,,,Y,,L,04,0,1,0,0,0,0,1,0,0,"- ","- ",,,PLACER,ROSEVILLE,-121.25302124023438,38.744338989257812
8932367,2019,2019-09-18,3105,2019-08-11,1034,1056,,7,5,5,3105,0,0,0,,0,002,"PARKHILL DR","E ROSEVILLE PKWY E",0.00,,Y,A,-,N,,,,,,,,,,N,3,0,1,2,A,-,09,21802,A,N,F,A,A,A,H,-,A,A,0,,,Y,,Y,,A,01,0,1,0,0,0,0,0,0,1,"- ","- ",,,PLACER,ROSEVILLE,-121.23539733886719,38.735038757324219
8932383,2019,2019-09-18,3105,2019-08-26,1740,1105,,1,5,5,3105,0,0,0,,0,003,"VERNON ST","SOUTH GRANT ST",0.00,,Y,A,-,N,,,,,,,,,,N,4,0,1,2,A,-,09,21801,A,N,G,B,B,A,H,-,-,A,0,Y,,,,Y,,A,01,0,0,1,0,1,0,0,0,0,"- ","- ",38.748081207275391,-121.28520202636719,PLACER,ROSEVILLE,-121.28520965576172,38.748081207275391
8932532,2019,2019-09-13,3103,2019-08-23,1030,TRAYB,L7,5,5,2,3103,0,0,0,,0,0L4,"DEL WEBB BL","STONERIDGE BL",27.00,N,N,A,-,N,,,,,,,,,,N,3,0,1,2,A,-,09,21802,A,N,D,C,A,A,H,-,A,A,0,,,,,Y,,M,97,0,1,0,0,0,0,0,0,0,"- ","- ",38.867778778076172,-121.27159118652344,PLACER,LINCOLN,-121.27168273925781,38.867961883544922
8932725,2019,2019-09-20,3104,2019-08-26,2044,277,36,1,5,4,3104,0,0,0,,0,002,SUNSET,"3RD ST",0.00,,Y,A,-,N,,,,,,,,,,N,4,0,1,2,A,-,12,21453,A,N,D,C,A,A,H,-,C,A,0,,,,,Y,,A,07,0,0,1,0,0,0,0,0,0,"- ","- ",,,PLACER,ROCKLIN,-121.24775695800781,38.784870147705078
8932868,2019,2019-09-18,3105,2019-08-17,1500,1119,,6,5,5,3105,0,0,0,,0,002,"SUNRISE AV","COLOMA WY",528.00,S,N,A,-,N,,,,,,,,,,Y,4,0,2,3,A,-,03,22350,,N,C,C,A,A,H,-,A,D,0,,,,,Y,,A,01,0,0,2,0,0,0,0,0,0,"- ","- ",,,PLACER,ROSEVILLE,-121.27201843261719,38.735321044921875
8933253,2019,2019-09-25,3104,2019-08-29,0955,617,42,4,5,4,3104,0,0,0,,0,001,"BASS PRO DR","SCHRIBER WY",0.00,,Y,A,-,N,,,,,,,,,,Y,3,0,1,2,A,-,09,21802,A,N,D,C,A,A,H,-,A,A,0,,,,,Y,,A,01,0,1,0,0,0,0,0,0,0,"- ","- ",38.799468994140625,-121.20358276367188,PLACER,ROCKLIN,-121.20359802246094,38.799480438232422
8933265,2019,2019-10-23,3104,2019-09-08,1955,242,17,7,5,4,3104,0,0,0,,0,004,"STANFORD RANCH RD","BREEN DR",0.00,,Y,A,-,N,,,,,,,,,,Y,3,0,3,3,A,-,08,22107,,N,D,C,A,A,H,-,C,D,0,,,,,Y,,A,07,0,1,2,0,0,0,0,0,0,"- ","- ",38.814540863037109,-121.26010894775391,PLACER,ROCKLIN,-121.26010894775391,38.814659118652344
8934628,2018,2019-09-09,3105,2018-01-21,1244,143,,7,5,5,3105,0,0,0,,0,002,"SUNRISE AV","SANDRINGHAM WY",0.00,,Y,B,-,N,,,,,,,,,,Y,4,0,1,1,A,-,08,22107,,N,E,J,A,A,H,-,A,D,0,,,,,Y,,A,01,0,0,1,0,0,0,0,0,0,"- ","- ",38.722591400146484,-121.27204895019531,PLACER,ROSEVILLE,-121.27203369140625,38.722599029541016
8934636,2018,2019-09-09,3105,2018-01-08,1840,1098,,1,5,5,3105,0,0,0,,0,004,"VINEYARD RD","FOOTHILLS BL",0.00,,Y,C,-,N,,,,,,,,,,N,4,0,1,2,B,-,22,,,M,C,C,A,B,H,-,C,A,0,,,,,Y,,A,01,0,0,1,0,0,0,0,0,0,"- ","- ",38.743808746337891,-121.30918121337891,PLACER,ROSEVILLE,-121.30919647216797,38.743789672851562
8934640,2018,2019-09-10,3105,2018-01-22,1247,343,,1,5,5,3105,0,0,0,,0,002,"DOUGLAS BL","EAST ROSEVILLE PKWY",81.00,E,N,B,-,N,,,,,,,,,,Y,4,0,1,2,A,-,02,22400,A,N,C,C,A,A,H,-,A,A,0,,,,,Y,,A,01,0,0,1,0,0,0,0,0,0,"- ","- ",,,PLACER,ROSEVILLE,-121.23567962646484,38.744037628173828
8934721,2018,2019-09-09,3105,2018-01-02,1703,3034,,2,5,5,3105,0,0,0,,0,005,"PLEASANT GROVE BL","HIGHLAND POINTE DR",108.00,W,N,A,-,N,,,,,,,,,,N,4,0,1,2,A,-,08,22107,,N,B,C,A,A,H,-,C,A,0,,,,,Y,,A,01,0,0,1,0,0,0,0,0,0,"- ","- ",38.783218383789062,-121.2864990234375,PLACER,ROSEVILLE,-121.286865234375,38.783000946044922
8938448,2019,2019-09-30,3105,2019-08-15,1213,369,,4,5,5,3105,0,0,0,,0,006,"SUN CITY BL","HOMEWOOD WY",300.00,S,N,A,-,N,,,,,,,,,,Y,3,0,1,1,C,-,18,,,N,E,I,A,A,A,H,A,D,0,,,,,Y,,-,"- ",0,1,0,0,0,0,0,0,0,"- ","- ",,,PLACER,ROSEVILLE,-121.35169219970703,38.769500732421875
8939092,2019,2019-10-17,3100,2019-06-03,0105,124,,1,5,2,3106,0,0,0,,0,"LO P","SIERRA COLLEGE BL","KING RD",2348.00,S,N,A,-,N,,,,,,,,,,Y,1,1,0,1,A,-,03,22350,,N,E,I,A,A,H,-,D,D,0,,,,,Y,,A,01,0,0,0,0,0,0,0,0,0,"- ","- ",,,PLACER,LOOMIS,-121.21681213378906,38.818531036376953
8939708,2023,2024-01-17,3105,2023-09-05,1639,1099,,2,5,5,3105,0,0,0,,0,002,"SUNRISE AV","COLOMA WY",845.00,S,N,A,-,N,,,,,,,,,,Y,1,1,2,3,A,-,01,23152,F,N,D,C,A,A,H,-,A,D,0,,,Y,,Y,,C,02,0,2,0,0,0,0,0,1,1,"- ","- ",,,PLACER,ROSEVILLE,-121.27202606201172,38.734451293945312
8940605,2019,2019-10-09,3104,2019-09-05,1120,617,12,4,5,4,3104,0,0,0,,0,004,"SUNSET BL","CITY LIGHT POLE #C2792",27.00,E,N,A,-,N,,,,,,,,,,Y,3,0,2,2,A,-,03,22350,,N,H,C,A,A,H,-,A,A,0,,,,,Y,,A,01,0,1,1,0,0,0,0,0,0,"- ","- ",38.814891815185547,-121.28663635253906,PLACER,ROCKLIN,,
8940933,2019,2019-09-25,3105,2019-08-14,1820,1114,,3,5,5,3105,0,0,0,,0,002,"S ROCKY RIDGE DR","LEAD HILL BL",379.00,S,N,A,-,N,,,,,,,,,,Y,3,0,1,2,A,-,08,22105,,N,D,C,A,A,H,-,A,A,0,,,,,Y,,A,01,0,1,0,0,0,0,0,0,0,"- ","- ",38.748279571533203,-121.25306701660156,PLACER,ROSEVILLE,-121.25305938720703,38.747219085693359
8941374,2019,2019-10-01,3105,2019-07-19,1902,1121,,5,5,5,3105,0,0,0,,0,003,"WILLS RD","ATLANTIC ST",16.00,S,N,A,-,N,,,,,,,,,,N,4,0,1,2,A,-,03,22350,,F,C,C,A,A,H,-,B,A,0,,,,,Y,,A,01,0,0,1,0,0,0,0,0,0,"- ","- ",38.766590118408203,-121.25556945800781,PLACER,ROSEVILLE,-121.26790618896484,38.758106231689453
8941519,2019,2019-10-08,3104,2019-09-14,2335,306,22,6,5,4,3104,0,0,0,,0,003,"WHITNEY OAKS DR","PARK DR",0.00,,Y,A,-,N,,,,,,,,,,N,3,0,1,2,A,-,03,22350,,M,C,C,A,A,H,-,C,D,0,,,,,Y,,D,82,0,1,0,0,0,0,0,0,0,"- ","- ",38.838729858398438,-121.24153900146484,PLACER,ROCKLIN,-121.24333190917969,38.820728302001953
8941891,2019,2019-10-02,3104,2019-09-18,1702,277,71,3,5,4,3104,0,0,0,,0,001,"ROCKLIN RD","AGUILAR RD",220.00,E,N,A,-,N,,,,,,,,,,Y,4,0,2,3,A,-,03,22350,,N,C,C,A,A,H,-,A,D,0,,,,,Y,,A,01,0,0,2,0,0,0,0,0,0,"- ","- ",38.788490295410156,-121.21970367431641,PLACER,ROCKLIN,-121.21892547607422,38.7884521484375
8942248,2019,2019-10-15,3101,2019-09-20,1405,23,5,5,5,3,3101,0,0,0,,0,002,"AUBURN FOLSOM","RACETRACK ST",0.00,,Y,A,-,N,,,,,,,,,,N,4,0,2,2,A,-,03,22350,A,N,C,C,A,A,H,-,A,A,0,,,,,Y,,-,,0,0,2,0,0,0,0,0,0,"- ","- ",,,PLACER,AUBURN,-121.07627868652344,38.891128540039062
8946083,2019,2019-10-07,3105,2019-09-18,1215,369,,3,5,5,3105,0,0,0,,0,002,"DOUGLAS BL","ROCKY RIDGE DR",600.00,E,N,B,-,N,,,,,,,,,,Y,4,0,2,3,A,-,03,22350,,N,C,C,A,A,H,-,A,A,0,,,,,Y,,A,08,0,0,2,0,0,0,0,0,0,"- ","- ",,,PLACER,ROSEVILLE,-121.25091552734375,38.744327545166016
8946091,2019,2019-10-04,3105,2019-08-29,0834,369,,4,5,5,3105,0,0,0,,0,005,"FAIRWAY DR","CENTRAL PARK DR",0.00,,Y,A,-,N,,,,,,,,,,Y,4,0,1,2,A,-,12,21453,A,N,D,C,A,A,H,-,A,A,0,,,,,Y,,D,22,0,0,1,0,0,0,0,0,0,"- ","- ",,,PLACER,ROSEVILLE,-121.27778625488281,38.786609649658203
8946146,2019,2019-10-07,3105,2019-09-05,1756,1117,,4,5,5,3105,0,0,0,,0,003,"SUNRISE AV","SUNDOWN WY",50.00,N,N,A,-,N,,,,,,,,,,N,4,0,2,3,A,-,03,22350,,N,C,C,A,A,H,-,A,D,0,,,,Y,Y,,F,26,0,0,2,0,0,0,0,0,0,"- ","- ",38.733551025390625,-121.27378845214844,PLACER,ROSEVILLE,-121.27204895019531,38.73333740234375
8947915,2019,2019-11-07,3103,2019-09-21,1820,CSOBE,L4,6,5,2,3103,0,0,0,,0,0L2,"RAWLINGS LN","RAWLINGS  LN  1414",0.00,,Y,A,-,N,,,,,,,,,,N,3,0,1,2,A,-,03,22350,,N,G,B,E,A,H,-,A,D,0,Y,,,,Y,,A,08,0,1,0,0,1,0,0,0,0,"- ","- ",38.867050170898438,-121.30946350097656,PLACER,LINCOLN,-121.30935599999999,38.866849000000002
8947919,2019,2019-11-07,3103,2019-09-02,1402,SGOIN,L8,1,5,2,3103,0,0,0,,0,0L4,"TWELVE BRIDGES DR","E JOINER PKWY",0.00,,Y,A,-,N,,,,,,,,,,N,3,0,1,2,A,-,12,21453,A,F,B,C,A,A,H,-,A,A,0,,,,,Y,,A,01,0,1,0,0,0,0,0,0,0,"- ","- ",38.851318359375,-121.28463745117188,PLACER,LINCOLN,-121.28462219238281,38.851318359375
8949602,2019,2019-10-03,3105,2019-08-28,1500,185,,3,5,5,3105,0,0,0,,0,005,"PLEASANT GROVE BL","FOOTHILLS BL",0.00,,Y,A,-,N,,,,,,,,,,Y,3,0,3,2,A,-,12,21453,A,N,D,C,A,A,H,-,A,A,0,,,,,Y,,A,01,0,1,2,0,0,0,0,0,0,"- ","- ",38.772609710693359,-121.31285858154297,PLACER,ROSEVILLE,-121.31288146972656,38.772609710693359
8949607,2019,2019-10-04,3105,2019-09-08,1615,1128,,7,5,5,3105,0,0,0,,0,006,"WOODCREEK OAKS BL","BLUE OAKS BL",372.00,S,N,A,-,N,,,,,,,,,,Y,4,0,2,2,A,-,09,21804,A,N,D,D,A,A,H,-,A,D,0,,,Y,,Y,,A,01,0,0,2,0,0,0,0,0,2,"- ","- ",38.795478820800781,-121.32868957519531,PLACER,ROSEVILLE,-121.32872009277344,38.794486999511719
8949610,2019,2019-10-03,3105,2019-08-31,1030,197,,6,5,5,3105,0,0,0,,0,001,"ORVIETTO DR","EAST ROSEVILLE PKWY",0.00,,Y,A,-,N,,,,,,,,,,Y,4,0,2,2,A,-,12,21453,A,N,D,C,A,A,H,-,A,A,0,,,,,Y,,A,08,0,0,2,0,0,0,0,0,0,"- ","- ",38.750011444091797,-121.24208831787109,PLACER,ROSEVILLE,-121.24208831787109,38.749969482421875
8949615,2019,2019-10-04,3105,2019-09-07,2300,1094,,6,5,5,3105,0,0,0,,0,004,"CHURCH ST","IVY ST",0.00,,Y,A,-,N,,,,,,,,,,Y,4,0,1,3,A,-,08,22107,,N,C,E,A,A,H,-,C,D,0,,,,,Y,,A,01,0,0,1,0,0,0,0,0,0,"- ","- ",,,PLACER,ROSEVILLE,-121.29630279541016,38.744121551513672
8949618,2019,2019-10-03,3105,2019-08-27,0834,1062,,2,5,5,3105,0,0,0,,0,006,"JUNCTION BL","BASELINE RD",0.00,,Y,A,-,N,,,,,,,,,,N,3,0,1,2,A,-,10,21950,,N,G,B,B,A,H,-,A,A,0,Y,,,,Y,,A,01,0,1,0,0,1,0,0,0,0,"- ","- ",38.751800537109375,-121.35230255126953,PLACER,ROSEVILLE,-121.35250091552734,38.751808166503906
8949623,2019,2019-10-04,3105,2019-09-11,1920,1102,,3,5,5,3105,0,0,0,,0,001,"SIERRA COLLEGE BL","DOUGLAS BL",588.00,N,N,A,-,N,,,,,,,,,,N,4,0,1,2,A,-,05,21650,1,N,G,G,A,A,H,-,B,D,0,,Y,,,Y,,L,04,0,0,1,0,0,0,1,0,0,"- ","- ",38.745830535888672,-121.22688293457031,PLACER,ROSEVILLE,-121.22602081298828,38.742485046386719
8949635,2019,2019-10-04,3105,2019-09-18,1135,184,,3,5,5,3105,0,0,0,,0,003,"SUNRISE AV","CONROY LN",0.00,,Y,B,-,N,,,,,,,,,,N,4,0,2,2,A,-,04,21703,,N,C,C,A,A,H,-,A,D,0,,,,,Y,,A,07,0,0,2,0,0,0,0,0,0,"- ","- ",38.737449645996094,-121.27239990234375,PLACER,ROSEVILLE,-121.27201843261719,38.737918853759766
8951364,2018,2019-10-31,3105,2018-04-24,1429,1040,,2,5,5,3105,0,0,0,,0,003,"CIRBY WY","SAN SIMEON DR",0.00,,Y,A,-,N,,,,,,,,,,Y,3,0,2,2,A,-,12,21453,A,N,A,C,A,A,H,-,A,A,0,,,,,Y,,A,01,0,1,1,0,0,0,0,0,0,"- ","- ",38.729461669921875,-121.27906036376953,PLACER,ROSEVILLE,-121.279052734375,38.729480743408203
8951376,2018,2019-10-29,3105,2018-03-17,2159,1096,,6,5,5,3105,0,0,0,,0,006,"BASELINE RD","FIDDYMENT RD",1.00,W,N,A,-,N,,,,,,,,,,Y,3,0,1,2,A,-,09,21801,A,N,D,C,A,A,H,-,D,D,0,,,,,Y,,D,22,0,1,0,0,0,0,0,0,0,"- ","- ",38.751750946044922,-121.39267730712891,PLACER,ROSEVILLE,-121.35858154296875,38.75177001953125
8951380,2018,2019-10-28,3105,2018-03-26,1712,3032,,1,5,5,3105,0,0,0,,0,002,"TAYLOR RD","EUREKA RD",330.00,N,N,A,-,N,,,,,,,,,,N,4,0,1,3,A,-,09,21804,A,N,D,C,A,A,H,-,A,D,0,,,,,Y,,A,07,0,0,1,0,0,0,0,0,0,"- ","- ",38.757469177246094,-121.2596435546875,PLACER,ROSEVILLE,-121.25898742675781,38.758174896240234
8951384,2018,2019-11-06,3105,2018-03-29,1522,369,,4,5,5,3105,0,0,0,,0,003,"FOLSOM RD","DOUGLAS BL",80.00,N,N,A,-,N,,,,,,,,,,N,4,0,1,2,A,-,03,22350,,N,C,C,A,A,H,-,A,A,0,,,Y,,Y,,C,02,0,0,1,0,0,0,0,0,1,"- ","- ",,,PLACER,ROSEVILLE,-121.27668762207031,38.744220733642578
8951387,2018,2020-03-05,3105,2018-08-16,1735,1076,,4,5,5,3105,0,0,0,,0,004,"RAND WY","TAGGERT CT",50.00,W,N,A,-,N,,,,,,,,,,Y,4,0,1,2,A,-,09,21801,A,N,A,C,A,A,H,-,A,D,0,,,,,Y,,A,01,0,0,1,0,0,0,0,0,0,"- ","- ",38.7547607421875,-121.30606079101562,PLACER,ROSEVILLE,-121.30577850341797,38.754787445068359
8951392,2018,2019-10-31,3105,2018-04-03,1525,343,,2,5,5,3105,0,0,0,,0,002,"DOUGLAS BL","ROCKY RIDGE DR",535.00,E,N,A,-,N,,,,,,,,,,Y,4,0,2,3,A,-,03,22350,,N,C,C,A,A,H,-,A,A,0,,,,,Y,,A,07,0,0,2,0,0,0,0,0,0,"- ","- ",,,PLACER,ROSEVILLE,-121.25114440917969,38.74432373046875
8951412,2018,2019-10-29,3105,2018-03-07,0836,369,,3,5,5,3105,0,0,0,,0,003,"CIRBY WY","VERNON ST",340.00,E,N,B,-,N,,,,,,,,,,N,4,0,4,4,A,-,03,22350,,N,C,C,A,A,H,-,A,A,0,,,,,Y,,D,22,0,0,4,0,0,0,0,0,0,"- ","- ",,,PLACER,ROSEVILLE,-121.29851531982422,38.729320526123047
8951683,2018,2019-10-30,3105,2018-03-09,1657,78,,5,5,5,3105,0,0,0,,0,001,"ROSEVILLE PKWY","WEST DR",336.00,E,N,B,-,N,,,,,,,,,,N,3,0,1,3,A,-,00,22348,A,N,C,C,A,A,H,-,A,A,0,,,,,Y,,A,01,0,1,0,0,0,0,0,0,0,"- ","- ",,,PLACER,ROSEVILLE,-121.27214813232422,38.771728515625
8951687,2018,2019-10-30,3105,2018-03-09,1838,183,,5,5,5,3105,0,0,0,,0,004,"TAHOE AV","SEQUOIA ST",134.00,E,N,A,-,N,,,,,,,,,,Y,3,0,1,3,A,-,08,22107,,N,C,E,A,A,H,-,C,D,0,,,,,Y,,A,01,0,1,0,0,0,0,0,0,0,"- ","- ",38.755390167236328,-121.27880096435547,PLACER,ROSEVILLE,-121.27867889404297,38.755172729492188
8951688,2018,2020-03-05,3105,2018-03-06,0714,369,,2,5,5,3105,0,0,0,,0,002,"E ROSEVILLE PK","OLD AUBURN RD",0.00,,Y,A,-,N,,,,,,,,,,Y,3,0,1,1,A,-,03,22350,,N,E,I,A,A,H,-,A,A,0,,,,,Y,,A,07,0,1,0,0,0,0,0,0,0,"- ","- ",,,PLACER,ROSEVILLE,-121.21923828125,38.729511260986328
8951695,2018,2019-10-30,3105,2018-03-11,1806,1077,,7,5,5,3105,0,0,0,,0,002,"DOUGLAS BL","ROCKY RIDGE DR",0.00,,Y,A,-,N,,,,,,,,,,Y,4,0,1,2,A,-,12,21453,A,N,D,C,A,A,H,-,A,A,0,,,,,Y,,D,22,0,0,1,0,0,0,0,0,0,"- ","- ",38.744338989257812,-121.2530517578125,PLACER,ROSEVILLE,-121.25302124023438,38.744338989257812
8951703,2018,2019-10-30,3105,2018-03-04,1035,1031,,7,5,5,3105,0,0,0,,0,005,"FAIRWAY DR","PLEASANT GROVE BL",692.00,E,N,A,-,N,,,,,,,,,,Y,3,0,1,2,A,-,09,21804,A,N,A,C,A,A,H,-,A,D,0,,,,,Y,,A,01,0,1,0,0,0,0,0,0,0,"- ","- ",38.786239624023438,-121.28008270263672,PLACER,ROSEVILLE,-121.27977752685547,38.788524627685547
8951712,2018,2020-03-05,3105,2018-03-22,1649,3032,,4,5,5,3105,0,0,0,,0,006,"CHANDLER AV","PAYSON AV",59.00,S,N,A,-,N,,,,,,,,,,N,4,0,1,2,A,-,21,22106,,N,G,B,F,A,H,-,A,D,0,Y,,,,Y,,A,07,0,0,1,0,1,0,0,0,0,"- ","- ",38.776538848876953,-121.37940979003906,PLACER,ROSEVILLE,-121.37920379638672,38.776527404785156
8951715,2018,2019-10-30,3105,2018-03-03,0542,565,,6,5,5,3105,0,0,0,,0,005,"WASHINGTON BL","CAMELOT DR",459.00,S,N,A,-,N,,,,,,,,,,Y,4,0,1,1,A,-,01,23152,F,N,E,I,A,B,H,-,C,A,0,,,,,Y,,A,01,0,0,1,0,0,0,0,0,0,"- ","- ",,,PLACER,ROSEVILLE,-121.30146026611328,38.782264709472656
8951723,2018,2019-10-30,3105,2018-03-01,0734,343,,4,5,5,3105,0,0,0,,0,001,"GALLERIA BL","ROSEVILLE PKWY",35.00,N,N,C,-,N,,,,,,,,,,N,4,0,1,2,A,-,03,22350,,N,C,C,A,B,H,-,A,A,0,,,,,Y,,A,01,0,0,1,0,0,0,0,0,0,"- ","- ",,,PLACER,ROSEVILLE,-121.26589965820312,38.768966674804688
8951724,2018,2020-03-05,3105,2018-03-21,1055,343,,3,5,5,3105,0,0,0,,0,002,"SUNRISE BL","DOUGLAS BL",75.00,S,N,C,-,N,,,,,,,,,,Y,4,0,1,2,A,-,03,22350,,N,C,C,A,B,H,-,A,A,0,,,,,Y,,A,01,0,0,1,0,0,0,0,0,0,"- ","- ",,,PLACER,ROSEVILLE,-121.26619720458984,38.743892669677734
8951735,2018,2019-10-30,3105,2018-03-13,2131,1090,,2,5,5,3105,0,0,0,,0,001,"EAST ROSEVILLE PKWY","NORTH SUNRISE AV",0.00,,Y,B,-,N,,,,,,,,,,Y,3,0,4,2,A,-,12,21453,A,N,D,C,A,B,H,-,C,A,0,,,,,Y,,A,01,0,3,1,0,0,0,0,0,0,"- ","- ",,,PLACER,ROSEVILLE,-121.25147247314453,38.762020111083984
8951739,2018,2019-10-30,3105,2018-03-13,1852,1103,,2,5,5,3105,0,0,0,,0,001,"GALLERIA BL","ROSEVILLE PKWY",133.00,S,N,B,C,N,,,,,,,,,,Y,4,0,1,1,A,-,03,22350,,N,E,I,A,B,H,-,B,B,0,,,,,Y,,A,07,0,0,1,0,0,0,0,0,0,"- ","- ",,,PLACER,ROSEVILLE,-121.26589965820312,38.768505096435547
8951743,2018,2019-10-30,3105,2018-03-13,1638,1098,,2,5,5,3105,0,0,0,,0,004,"MAIN ST","DURANTA ST",0.00,,Y,B,C,N,,,,,,,,,,,4,0,1,2,A,-,09,21801,A,N,D,C,A,B,H,-,A,D,0,,,,,Y,,-,99,0,0,1,0,0,0,0,0,0,"- ","- ",38.751590728759766,-121.29640960693359,PLACER,ROSEVILLE,-121.29615783691406,38.751880645751953
8951748,2018,2020-03-05,3105,2018-03-29,1033,1105,,4,5,5,3105,0,0,0,,0,002,"NORTH SUNRISE AV","SUNDOWN WY",5.00,S,N,A,-,N,,,,,,,,,,N,4,0,1,2,A,-,10,21950,A,N,G,B,C,A,H,-,A,A,0,Y,,,,Y,,A,01,0,0,1,0,1,0,0,0,0,"- ","- ",38.733528137207031,-121.27158355712891,PLACER,ROSEVILLE,-121.27204895019531,38.733184814453125
8951751,2018,2019-10-30,3105,2018-03-13,1530,3032,,2,5,5,3105,0,0,0,,0,003,"ROSEVILLE PKWY","GALLERIA BL",0.00,,Y,C,-,N,,,,,,,,,,Y,4,0,1,2,A,-,08,22107,,N,D,C,A,B,H,-,A,A,0,,,,,Y,,A,01,0,0,1,0,0,0,0,0,0,"- ","- ",38.76885986328125,-121.26589965820312,PLACER,ROSEVILLE,-121.26589965820312,38.768871307373047
8951762,2018,2019-10-28,3105,2018-02-21,1937,183,,3,5,5,3105,0,0,0,,0,005,"PLEASANT GROVE BL","ROSEVILLE PKWY",3.00,N,N,A,-,N,,,,,,,,,,Y,2,0,4,5,A,-,03,22350,,N,D,C,A,A,H,-,C,A,0,,,,,Y,Y,D,22,1,2,1,0,0,0,0,0,0,"- ","- ",38.77825927734375,-121.28826141357422,PLACER,ROSEVILLE,-121.28828430175781,38.778247833251953
8951765,2018,2020-03-05,3105,2018-03-23,1622,1108,,5,5,5,3105,0,0,0,,0,002,"DOUGLAS BL","EUREKA RD",711.00,W,N,A,-,N,,,,,,,,,,N,4,0,2,3,A,-,03,22350,,N,C,C,A,A,H,-,A,D,0,,,,,Y,,A,07,0,0,2,0,0,0,0,0,0,"- ","- ",,,PLACER,ROSEVILLE,-121.24959564208984,38.744350433349609
8951769,2018,2019-11-05,3105,2018-04-01,2124,1103,,7,5,5,3105,0,0,0,,0,005,"PLEASANT GROVE BL","WASHINGTON BL",0.00,,Y,A,-,N,,,,,,,,,,Y,3,0,2,3,A,-,09,21453,C,N,A,C,A,A,H,-,C,A,0,,,,,Y,,A,07,0,1,1,0,0,0,0,0,0,"- ","- ",,,PLACER,ROSEVILLE,-121.30375671386719,38.773899078369141
8951773,2018,2019-10-29,3105,2018-04-25,1207,369,,3,5,5,3105,0,0,0,,0,001,"EAST ROSEVILLE PKWY","NORTH SUNRISE AV",90.00,E,N,A,-,N,,,,,,,,,,N,4,0,1,2,A,-,03,22350,,N,C,C,A,A,H,-,A,A,0,,,,,Y,,A,08,0,0,1,0,0,0,0,0,0,"- ","- ",,,PLACER,ROSEVILLE,-121.25115203857422,38.762020111083984
8951775,2018,2019-10-31,3105,2018-05-01,1602,3034,,2,5,5,3105,0,0,0,,0,001,"ROSEVILLE PKWY","GALLERIA BL",466.00,E,N,A,-,N,,,,,,,,,,Y,4,0,1,2,A,-,07,21658,A,N,B,C,A,A,H,-,A,A,0,,,,,Y,,D,22,0,0,1,0,0,0,0,0,0,"- ","- ",38.76885986328125,-121.26589965820312,PLACER,ROSEVILLE,-121.26445770263672,38.768276214599609