CASE_ID,ACCIDENT_YEAR,PROC_DATE,JURIS,COLLISION_DATE,COLLISION_TIME,OFFICER_ID,REPORTING_DISTRICT,DAY_OF_WEEK,CHP_SHIFT,POPULATION,CNTY_CITY_LOC,SPECIAL_COND,BEAT_TYPE,CHP_BEAT_TYPE,CITY_DIVISION_LAPD,CHP_BEAT_CLASS,BEAT_NUMBER,PRIMARY_RD,SECONDARY_RD,DISTANCE,DIRECTION,INTERSECTION,WEATHER_1,WEATHER_2,STATE_HWY_IND,CALTRANS_COUNTY,CALTRANS_DISTRICT,STATE_ROUTE,ROUTE_SUFFIX,POSTMILE_PREFIX,POSTMILE,LOCATION_TYPE,RAMP_INTERSECTION,SIDE_OF_HWY,TOW_AWAY,COLLISION_SEVERITY,NUMBER_KILLED,NUMBER_INJURED,PARTY_COUNT,PRIMARY_COLL_FACTOR,PCF_CODE_OF_VIOL,PCF_VIOL_CATEGORY,PCF_VIOLATION,PCF_VIOL_SUBSECTION,HIT_AND_RUN,TYPE_OF_COLLISION,MVIW,PED_ACTION,ROAD_SURFACE,ROAD_COND_1,ROAD_COND_2,LIGHTING,CONTROL_DEVICE,CHP_ROAD_TYPE,PEDESTRIAN_ACCIDENT,BICYCLE_ACCIDENT,MOTORCYCLE_ACCIDENT,TRUCK_ACCIDENT,NOT_PRIVATE_PROPERTY,ALCOHOL_INVOLVED,STWD_VEHTYPE_AT_FAULT,CHP_VEHTYPE_AT_FAULT,COUNT_SEVERE_INJ,COUNT_VISIBLE_INJ,COUNT_COMPLAINT_PAIN,COUNT_PED_KILLED,COUNT_PED_INJURED,COUNT_BICYCLIST_KILLED,COUNT_BICYCLIST_INJURED,COUNT_MC_KILLED,COUNT_MC_INJURED,PRIMARY_RAMP,SECONDARY_RAMP,LATITUDE,LONGITUDE,COUNTY,CITY,POINT_X,POINT_Y
90116223,2016,2016-02-16,9220,2016-02-02,1350,016031,,2,1,9,3100,0,2,4,,1,013,"WALERGA RD","PFE RD",40.00,N,N,A,-,N,,,,,,,,,,Y,4,0,1,2,A,-,03,22350,,N,C,C,A,A,H,-,A,D,0,,,,,Y,,A,08,0,0,1,0,0,0,0,0,0,"- ","- ",,,PLACER,UNINCORPORATED,-121.36464099,38.728919840000003
90116631,2016,2016-02-17,9220,2016-02-08,1259,016031,,1,1,9,3100,0,1,3,,1,249,"SR-49 N/B","NEW AIRPORT RD",60.00,S,N,A,-,Y,,,,,,,,,,N,4,0,1,2,A,-,03,22350,,N,C,C,A,A,H,-,A,D,0,,,,,Y,,A,07,0,0,1,0,0,0,0,0,0,"- ","- ",,,PLACER,UNINCORPORATED,-121.09070427,38.93222239
90118272,2016,2016-02-18,9220,2016-02-12,1820,15060,,5,2,5,3105,0,1,1,,2,281,"I-80 E/B","TAYLOR RD.",200.00,E,N,A,-,Y,,,,,,,,,,Y,3,0,1,3,A,-,03,22350,,N,C,C,A,A,H,-,C,D,0,,,,Y,Y,,A,01,0,1,0,0,0,0,0,0,0,"- ","- ",,,PLACER,ROSEVILLE,-121.25536210999999,38.765622929999999
90118736,2016,2016-02-18,9220,2016-02-04,1810,013676,,4,2,9,3100,0,1,3,,1,249,"SR-49 S/B","ATWOOD ROAD",186.00,S,N,A,-,Y,,,49,,,,,,S,N,2,0,1,2,A,-,03,22350,,N,G,B,D,A,H,-,C,D,0,Y,,,,Y,,A,07,1,0,0,0,1,0,0,0,0,"- ","- ",38.934339999999999,-121.09278,PLACER,UNINCORPORATED,-121.09265588,38.934453449999999
90119039,2016,2016-02-18,9220,2016-02-01,0900,015239,,1,1,9,3100,0,1,1,,2,283,"I-80 EASTBOUND","HEATHER GLENN DR",2112.00,E,N,A,-,Y,,,,,,,,,,Y,4,0,1,2,A,-,03,22350,,N,C,C,A,A,H,-,A,D,0,,,,Y,Y,,A,01,0,0,1,0,0,0,0,0,0,"- ","- ",38.02411,-121.97803,PLACER,UNINCORPORATED,,
90119121,2016,2016-02-18,9220,2016-01-28,2010,014611,,4,2,9,3100,0,1,1,,2,282,"I-80 E/B","NEVADA ST.",200.00,W,N,B,-,Y,,,,,,,,,,N,4,0,1,2,A,-,03,22350,,N,C,C,A,B,H,-,D,D,0,,,,,Y,,A,01,0,0,1,0,0,0,0,0,0,"- ","- ",,,PLACER,UNINCORPORATED,,
9012069,2019,2020-06-11,3105,2019-12-12,1952,1114,,4,5,5,3105,0,0,0,,0,003,"N RIVERSIDE AV","E CIRBY WY",0.00,,Y,A,-,Y,PLA,3,80,-,-,0.565,R,4,W,N,4,0,1,2,A,-,08,22107,,N,D,C,A,A,H,-,C,A,0,,Y,,,Y,Y,L,04,0,0,1,0,0,0,1,0,0,"- ","- ",38.729339599609375,-121.29048156738281,PLACER,ROSEVILLE,-121.28702545166016,38.727981567382812
90121599,2016,2016-02-23,9220,2016-02-13,1355,15060,,6,1,4,3104,0,1,1,,2,281,"I-80 W/B",SR-65,2112.00,E,N,A,-,Y,,,,,,,,,,Y,2,0,2,5,A,-,03,22350,,N,C,C,A,A,H,-,A,D,0,,,,,Y,,A,07,2,0,0,0,0,0,0,0,0,"- ","- ",,,PLACER,ROCKLIN,,
90121644,2016,2016-02-23,9221,2016-02-21,1355,015950,,7,1,1,3102,0,1,1,,2,384,"I-80 WESTBOUND","SR-174 O/C",2640.00,W,N,A,-,Y,,,80,,,,,,W,N,4,0,2,2,A,-,03,22350,,N,C,C,A,A,H,-,A,D,0,,,,,Y,,A,01,0,0,2,0,0,0,0,0,0,"- ","- ",39.087600000000002,-120.95504,PLACER,COLFAX,-120.95501899999999,39.087582380000001
90121661,2016,2016-02-23,9220,2016-02-10,1757,014282,,3,2,9,3100,0,2,4,,2,024,"EUREKA ROAD","BARTON ROAD",50.00,E,N,B,-,N,,,,,,,,,,N,4,0,1,2,A,-,03,22350,,F,C,C,A,A,H,-,D,D,0,,,,,Y,,A,01,0,0,1,0,0,0,0,0,0,"- ","- ",38.736460000000001,-121.18892,PLACER,UNINCORPORATED,-121.18880470000001,38.736229420000001
90124530,2016,2016-02-26,9222,2016-02-22,1300,017515,,1,1,9,3100,0,3,5,,2,010,"WATSON LAKE","STATE ROUTE 267",34320.00,W,N,A,-,N,,,,,,,,,,N,4,0,3,3,B,-,22,,,N,C,E,A,C,H,-,A,D,0,,,,,Y,,M,96,0,0,3,0,0,0,0,0,0,"- ","- ",39.22551,-120.13764,PLACER,UNINCORPORATED,,
9012475,2019,2019-12-28,3105,2019-04-24,0708,119,,3,5,5,3105,0,0,0,,0,005,"STANFORD RANCH RD","FIVE STAR BL",0.00,,Y,A,-,N,,,,,,,,,,Y,4,0,1,2,A,-,09,21453,C,N,A,C,A,A,H,-,A,A,0,,,,,Y,,A,01,0,0,1,0,0,0,0,0,0,"- ","- ",38.781810760498047,-121.26583862304688,PLACER,ROSEVILLE,-121.26571655273438,38.78179931640625
9012476,2019,2019-12-28,3105,2019-04-29,1327,369,,1,5,5,3105,0,0,0,,0,001,"TAYLOR RD","EUREKA RD",110.00,N,N,A,-,N,,,,,,,,,,N,4,0,2,2,A,-,07,21658,A,N,B,C,A,A,H,-,A,A,0,,,,,Y,,A,01,0,0,2,0,0,0,0,0,0,"- ","- ",,,PLACER,ROSEVILLE,-121.25943756103516,38.757686614990234
9012478,2019,2019-12-28,3105,2019-02-08,1430,343,,5,5,5,3105,0,0,0,,0,002,"NORTH SUNRISE AV","DOUGLAS BL",509.00,N,N,B,-,N,,,,,,,,,,Y,4,0,1,2,A,-,09,21801,A,N,D,C,A,A,H,-,A,D,0,,,,,Y,,A,01,0,0,1,0,0,0,0,0,0,"- ","- ",38.744121551513672,-121.26619720458984,PLACER,ROSEVILLE,-121.26631164550781,38.745494842529297
90125662,2016,2016-02-29,9220,2016-02-25,1850,013676,,4,2,9,3100,0,1,3,,1,249,"SR-49 S/B","QUARTZ DRIVE",125.00,N,N,B,-,Y,,,49,,,,,,S,Y,4,0,1,2,A,-,03,22350,,N,C,C,A,A,H,-,C,D,0,,,,,Y,,A,01,0,0,1,0,0,0,0,0,0,"- ","- ",38.947679999999998,-121.09905000000001,PLACER,UNINCORPORATED,-121.09894815,38.947719210000002
90125671,2016,2016-02-29,9220,2016-02-09,1305,016668,,2,1,3,3101,0,1,3,,1,249,"SR-49 N/B","SHALE RIDGE RD",79.00,S,N,A,-,Y,,,,,,,,,,Y,4,0,1,2,A,-,03,22350,,N,B,C,A,A,H,-,A,D,0,,,,,Y,,A,01,0,0,1,0,0,0,0,0,0,"- ","- ",,,PLACER,AUBURN,-121.10060024000001,38.952765319999997
9012570,2019,2020-02-19,3105,2019-12-05,0054,1085,,4,5,5,3105,0,0,0,,0,001,"SIERRA COLLEGE BL","MINORS RAVINE",472.00,N,N,B,-,N,,,,,,,,,,Y,3,0,5,1,A,-,03,22350,,N,F,I,A,B,H,-,-,D,0,,,,,Y,,A,01,0,1,4,0,0,0,0,0,0,"- ","- ",38.754169464111328,-121.22566986083984,PLACER,ROSEVILLE,-121.22502899169922,38.755359649658203
90125720,2016,2016-02-29,9220,2016-02-22,0610,016031,,1,1,9,3100,0,2,4,,2,042,"FRONTIER RD","BALD HILL RD",170.00,S,N,A,-,N,,,,,,,,,,Y,3,0,1,1,A,-,08,22107,,N,E,I,A,A,H,-,D,D,0,,,,,Y,,D,22,0,1,0,0,0,0,0,0,0,"- ","- ",,,PLACER,UNINCORPORATED,-121.11678000000001,38.91901
90125765,2016,2016-02-29,9220,2016-02-01,1359,015239,,1,1,9,3100,0,3,5,,2,040,"PARK DRIVE","QUARTZ DRIVE",6.00,N,N,A,-,N,,,,,,,,,,N,3,0,1,2,A,-,05,21650,,N,D,G,A,A,H,-,A,A,0,,Y,,,Y,,L,04,0,1,0,0,0,0,1,0,0,"- ","- ",38.947560000000003,-121.10066,PLACER,UNINCORPORATED,-121.10061485999999,38.947566029999997
90126048,2016,2016-02-29,9220,2016-02-24,1320,014466,,3,1,9,3100,0,2,4,,2,075,"TAYLOR ROAD","OLD STATE HIGHWAY",0.00,,Y,A,-,N,,,,,,,,,,Y,4,0,1,2,A,-,03,22350,,N,C,C,A,A,H,-,A,D,0,,,Y,,Y,,A,01,0,0,1,0,0,0,0,0,1,"- ","- ",38.874479999999998,-121.13800999999999,PLACER,UNINCORPORATED,-121.13787000000001,38.874729899999998
90126795,2016,2016-03-01,9221,2016-02-23,1600,018530,,2,2,9,3100,0,1,1,,2,386,"I-80 E/B","LAING RD",2640.00,E,N,A,-,Y,,,80,,,,,,E,Y,3,0,2,1,A,-,08,22107,,N,E,I,A,A,H,-,A,D,0,,,,,Y,,A,07,0,1,1,0,0,0,0,0,0,"- ","- ",39.309649999999998,-120.63773,PLACER,UNINCORPORATED,-120.63771868000001,39.30956664
90126943,2016,2016-03-01,9220,2016-02-08,0015,014438,,1,3,4,3104,0,1,1,,2,281,"I-80 EASTBOUND","ROCKLIN ROAD",3445.00,W,N,A,-,Y,,,80,,,,,,E,Y,1,1,0,2,A,-,11,21954,A,N,G,B,E,A,H,-,D,D,0,Y,,,,Y,,N,60,0,0,0,1,0,0,0,0,0,"- ","- ",38.781320000000001,-121.23093,PLACER,ROCKLIN,-121.23097552999999,38.781371730000004
9012834,2019,2019-12-28,3105,2019-02-14,1536,192,,4,5,5,3105,0,0,0,,0,005,"BLUE OAKS BL","NIBLICK DR",357.00,E,N,B,-,N,,,,,,,,,,Y,4,0,2,2,A,-,03,22350,I,N,C,C,A,A,H,-,A,D,0,,,,,Y,,A,01,0,0,2,0,0,0,0,0,0,"- ","- ",38.795520782470703,-121.31385803222656,PLACER,ROSEVILLE,-121.3106689453125,38.795284271240234
9012836,2019,2019-12-28,3105,2019-02-09,1436,1107,,6,5,5,3105,0,0,0,,0,006,"JUNCTION BL","PARK REGENCY DR",20.00,S,N,C,-,N,,,,,,,,,,Y,4,0,2,2,A,-,09,21801,A,N,D,C,A,B,H,-,A,D,0,,,,,Y,,A,07,0,0,2,0,0,0,0,0,0,"- ","- ",38.759471893310547,-121.34696960449219,PLACER,ROSEVILLE,-121.34706878662109,38.759510040283203
90128566,2016,2016-03-03,9220,2016-02-16,0845,013466,,2,1,5,3105,0,1,1,,2,281,"I-80 W/B","ATLANTIC ST.",1217.00,W,N,A,-,Y,,,,,,,,,,Y,3,0,3,2,A,-,03,22350,,N,C,C,A,A,H,-,A,A,0,,,,,Y,,E,22,0,1,2,0,0,0,0,0,0,"- ","- ",,,PLACER,ROSEVILLE,,
90128595,2016,2016-03-03,9220,2016-02-21,1335,013466,,7,1,9,3100,0,1,1,,2,282,"I-80 W/B","NEWCASTLE RD.",2112.00,W,N,A,-,Y,,,,,,,,,,Y,4,0,3,3,A,-,03,22350,,N,C,C,A,A,H,-,A,A,0,,,,,Y,,A,07,0,0,3,0,0,0,0,0,0,"- ","- ",,,PLACER,UNINCORPORATED,-121.13257323000001,38.867476940000003
90128807,2016,2016-03-03,9220,2016-02-27,1325,015197,,6,1,5,3105,0,1,1,,2,281,"I-80 E/B",SR-65,1056.00,W,N,B,-,Y,,,80,,,,,,E,Y,4,0,1,4,A,-,08,22107,,N,B,C,A,A,H,-,A,D,0,,,,,Y,,A,07,0,0,1,0,0,0,0,0,0,"- ","- ",38.769820000000003,-121.24861,PLACER,ROSEVILLE,-121.2486299,38.769852499999999
9012950,2019,2020-02-10,3105,2019-02-06,1819,1121,,3,5,5,3105,0,0,0,,0,006,"W BLUE OAKS BL","DEL WEBB BL",426.00,E,N,A,-,N,,,,,,,,,,Y,4,0,1,2,A,-,01,23153,G,F,B,C,A,A,H,-,C,D,0,,,,,Y,Y,A,01,0,0,1,0,0,0,0,0,0,"- ","- ",,,PLACER,ROSEVILLE,-121.34601593017578,38.793834686279297
90130921,2016,2016-03-07,9220,2016-03-06,1825,014282,,7,2,5,3105,0,1,1,,2,281,"I-80 E/B TO SR-65 N/B","I-80 E/B O/C",528.00,S,N,B,C,Y,,,80,,,,R,,E,Y,4,0,1,2,A,-,03,22350,,N,D,C,A,B,H,-,D,D,0,,,,,Y,,D,22,0,0,1,0,0,0,0,0,0,"- ","- ",38.7699,-121.24639000000001,PLACER,ROSEVILLE,-121.24639000000001,38.7699
90130966,2016,2016-03-07,9220,2016-03-03,1500,012546,9220,4,2,5,3105,0,1,3,,1,265,"STATE ROUTE 65","PLEASANT GROVE BLVD",330.00,N,N,B,-,Y,,,65,,,,,,,N,4,0,1,2,A,-,03,22350,,N,C,C,A,A,H,-,A,A,0,,,,,Y,,A,01,0,0,1,0,0,0,0,0,0,"- ","- ",38.787179999999999,-121.28576,PLACER,ROSEVILLE,-121.28572862999999,38.787242929999998
90132041,2016,2016-03-08,9220,2016-02-17,1220,013257,,3,1,4,3104,0,1,3,,1,265,"SR-65 S/B","PLEASANT GROVE BLVD",932.00,S,N,B,-,Y,,,,,,,,,,N,4,0,1,2,A,-,07,21658,A,N,B,C,A,A,H,-,A,D,0,,,,,Y,,A,01,0,0,1,0,0,0,0,0,0,"- ","- ",,,PLACER,ROCKLIN,,
90132534,2016,2016-03-09,9220,2016-02-29,0805,013466,,1,1,5,3105,0,1,1,,2,281,"I-80 E/B","TAYLOR RD.",400.00,E,N,A,-,Y,,,,,,,,,,Y,4,0,1,2,A,-,07,21658,A,N,C,C,A,A,H,-,A,A,0,,,,,Y,,A,07,0,0,1,0,0,0,0,0,0,"- ","- ",,,PLACER,ROSEVILLE,-121.25481653,38.765968100000002
90132592,2016,2016-03-09,9220,2016-03-02,1950,012412,,3,2,9,3100,0,3,5,,2,040,"DRY CREEK ROAD","JOEGER RD",14.00,W,N,A,-,N,,,,,,,,,,Y,3,0,1,1,A,-,01,23152,A,N,E,I,A,A,H,-,D,A,0,,,,,Y,Y,A,01,0,1,0,0,0,0,0,0,0,"- ","- ",,,PLACER,UNINCORPORATED,-121.11939,38.956330000000001
90133430,2016,2016-03-10,9220,2016-03-05,1255,014438,,6,1,5,3105,0,1,1,,2,281,"I-80 EASTBOUND","LEAD HILL BLVD",20.00,E,N,B,C,Y,,,80,,,,,,E,Y,4,0,1,2,A,-,03,22350,,N,C,C,A,B,H,-,A,D,0,,,,,Y,,D,22,0,0,1,0,0,0,0,0,0,"- ","- ",38.751440000000002,-121.26566,PLACER,ROSEVILLE,-121.26578928000001,38.751521539999999
90133464,2016,2016-03-10,9220,2016-03-07,0840,013676,,1,1,9,3100,0,1,1,,2,282,"I-80 W/B","OPHIR ROAD U/C",700.00,E,N,B,C,Y,,,80,,,,,,W,Y,4,0,1,2,A,-,07,21658,A,F,E,I,A,B,H,-,A,D,0,,,,,Y,,D,22,0,0,1,0,0,0,0,0,0,"- ","- ",38.87847,-121.12353,PLACER,UNINCORPORATED,-121.12352808999999,38.87840327
90134155,2016,2016-03-10,9221,2016-03-07,0539,017979,,1,3,9,3100,0,1,1,,2,386,"I-80 W/B","YUBA GAP O/C",2640.00,W,N,D,-,Y,,,80,,,,,,W,Y,4,0,1,1,A,-,03,22350,,N,E,I,A,C,H,-,D,D,0,,,,,Y,,A,07,0,0,1,0,0,0,0,0,0,"- ","- ",39.315800000000003,-120.62297,PLACER,UNINCORPORATED,-120.62297040999999,39.315803809999998
9013466,2019,2020-01-17,3105,2019-01-11,1923,1041,,5,5,5,3105,0,0,0,,0,005,"INDUSTRIAL AV","FREEDOM WY",0.00,,Y,A,-,N,,,,,,,,,,Y,4,0,1,2,A,-,09,21803,A,N,A,C,A,A,H,-,C,A,0,,,,Y,Y,,A,07,0,0,1,0,0,0,0,0,0,"- ","- ",38.793708801269531,-121.30789184570312,PLACER,ROSEVILLE,-121.30787658691406,38.793708801269531
9013474,2019,2020-01-21,3105,2019-02-01,1634,1120,,5,5,5,3105,0,0,0,,0,005,"WASHINGTON BL","PLEASANT GROVE BL",89.00,S,N,B,-,N,,,,,,,,,,N,4,0,1,2,A,-,03,22350,,N,C,C,A,A,H,-,A,A,0,,,,Y,Y,,F,26,0,0,1,0,0,0,0,0,0,"- ","- ",38.774490356445312,-121.30079650878906,PLACER,ROSEVILLE,-121.30369567871094,38.773662567138672
90137497,2016,2016-03-16,9220,2016-03-08,2305,016668,,2,3,9,3100,0,1,3,,1,249,"SR-49 S/B","BELL RD.",0.00,,Y,B,-,Y,,,,,,,,,,N,2,0,1,2,A,-,11,21950,B,N,G,B,B,A,H,-,C,A,0,Y,,,,Y,Y,N,60,1,0,0,0,1,0,0,0,0,"- ","- ",,,PLACER,UNINCORPORATED,,
9013939,2019,2020-01-14,3105,2019-01-29,1336,1117,,2,5,5,3105,0,0,0,,0,005,"FOOTHILLS BL","BASELINE RD",0.00,,Y,A,-,N,,,,,,,,,,Y,4,0,1,2,A,-,12,21453,A,N,A,C,A,A,H,-,A,A,0,,,,,Y,,A,01,0,0,1,0,0,0,0,0,0,"- ","- ",38.7518310546875,-121.30934906005859,PLACER,ROSEVILLE,-121.30938720703125,38.7518310546875
9013947,2019,2020-01-14,3105,2019-01-28,1209,1123,,1,5,5,3105,0,0,0,,0,005,"FREEMAN WY","INDUSTRIAL AV",0.00,,Y,B,-,N,,,,,,,,,,Y,4,0,1,2,A,-,09,21803,A,N,A,C,A,A,H,-,A,A,0,,,,,Y,,A,01,0,0,1,0,0,0,0,0,0,"- ","- ",,,PLACER,ROSEVILLE,-121.307886,38.793722000000002
9013955,2019,2020-01-14,3105,2019-02-02,2130,1115,,6,5,5,3105,0,0,0,,0,001,"ROSEVILLE PKWY","GIBSON DR",112.00,E,N,C,-,N,,,,,,,,,,Y,3,0,1,2,A,-,03,22350,1,N,C,C,A,B,H,-,C,A,0,,,,,Y,,A,08,0,1,0,0,0,0,0,0,0,"- ","- ",38.777561187744141,-121.28481292724609,PLACER,ROSEVILLE,-121.28445434570312,38.777549743652344
9013959,2019,2020-01-14,3105,2019-02-03,1353,1107,,7,5,5,3105,0,0,0,,0,005,"S PLEASANT GROVE BL","HIGHLAND PARK DR",37.00,N,N,B,-,N,,,,,,,,,,N,3,0,1,2,A,-,03,22350,1,N,C,C,A,B,H,-,A,A,0,,,,,Y,,A,01,0,1,0,0,0,0,0,0,0,"- ","- ",38.783298492431641,-121.28671264648438,PLACER,ROSEVILLE,-121.27902221679688,38.792457580566406
9013963,2019,2020-01-14,3105,2019-02-28,1539,343,,4,5,5,3105,0,0,0,,0,001,"ROSEVILLE PKWY","CHASE DR",380.00,W,N,B,-,N,,,,,,,,,,N,4,0,1,2,A,-,03,22350,1,N,C,C,A,A,H,-,A,A,0,,,,,Y,,A,01,0,0,1,0,0,0,0,0,0,"- ","- ",38.77642822265625,-121.27880096435547,PLACER,ROSEVILLE,-121.28000640869141,38.776969909667969
9013971,2019,2020-01-14,3105,2019-02-02,1200,1075,,6,5,5,3105,0,0,0,,0,002,"SUNRISE AV","SUN TREE DR",30.00,S,N,C,-,N,,,,,,,,,,N,4,0,1,2,A,-,03,22350,1,N,C,C,A,B,H,-,A,A,0,,,,,Y,,A,07,0,0,1,0,0,0,0,0,0,"- ","- ",38.727161407470703,-121.27207183837891,PLACER,ROSEVILLE,-121.27205657958984,38.727077484130859
9013975,2019,2020-01-14,3105,2019-02-01,1703,1059,,5,5,5,3105,0,0,0,,0,001,"RESERVE DR","LILLY CROSS DR",378.00,S,N,B,-,N,,,,,,,,,,Y,4,0,1,2,A,-,09,21801,A,N,A,C,A,A,H,-,B,D,0,,,,,Y,,A,01,0,0,1,0,0,0,0,0,0,"- ","- ",38.763851165771484,-121.26973724365234,PLACER,ROSEVILLE,-121.27045440673828,38.763782501220703
90140530,2016,2016-03-21,9222,2016-03-17,0855,018056,,4,1,9,3100,0,1,3,,1,015,"STATE ROUTE 28 (NORTH LAKE BOULEVARD)","COON STREET",100.00,W,N,A,-,Y,,,28,,,,,,,Y,4,0,1,1,A,-,03,22350,,N,E,I,A,A,H,-,A,D,0,,,,,Y,,A,01,0,0,1,0,0,0,0,0,0,"- ","- ",39.236069999999998,-120.02266,PLACER,UNINCORPORATED,-120.02266410999999,39.236055919999998
90141673,2016,2016-03-23,9220,2016-03-06,1648,013997,,7,2,9,3100,0,3,5,,2,010,"NICOLAUS RD","MAVERICK LN",528.00,E,N,B,C,N,,,,,,,,,,Y,3,0,1,1,A,-,03,22350,,N,F,A,A,B,H,-,A,D,0,,,,,Y,,A,01,0,1,0,0,0,0,0,0,0,"- ","- ",,,PLACER,UNINCORPORATED,-121.39853483,38.897283760000001
90142083,2016,2016-03-23,9220,2016-03-09,1615,014282,,3,2,5,3105,0,1,3,,1,265,"SR-65 S/B FROM PLEASANT GROVE W/B","PLEASANT GROVE BLVD",195.00,S,N,B,-,Y,,,65,,,,R,,S,Y,4,0,1,2,A,-,03,22350,,N,C,C,A,A,H,-,A,A,0,,,,,Y,,A,07,0,0,1,0,0,0,0,0,0,"- ","- ",38.7866,-121.285,PLACER,ROSEVILLE,-121.285,38.7866
90142155,2016,2016-03-23,9220,2016-03-06,0145,013794,,7,3,9,3100,0,3,5,,2,010,"NICOLAUS ROAD","CRITTER CREEK ROAD",4224.00,W,N,B,C,N,,,,,,,,,,Y,4,0,1,1,A,-,08,22107,,N,E,I,A,B,F,-,D,D,0,,,,,Y,,A,01,0,0,1,0,0,0,0,0,0,"- ","- ",,,PLACER,UNINCORPORATED,-121.44789116,38.896997319999997
90142301,2016,2016-03-23,9220,2016-03-09,1300,013676,,3,1,9,3100,0,3,5,,2,050,"QUARTZ DRIVE","BELL ROAD",50.00,N,N,B,-,N,,,,,,,,,,Y,4,0,3,2,A,-,01,23152,A,F,C,C,A,A,H,-,A,A,0,,,,,Y,,A,01,0,0,3,0,0,0,0,0,0,"- ","- ",38.9422,-121.09446,PLACER,UNINCORPORATED,-121.09433790999999,38.942526569999998
90142321,2016,2016-03-23,9220,2016-03-10,2145,013794,,4,2,5,3105,0,1,3,,1,265,"SR-65 (N/B) TO BLUE OAKS BLVD OFF RAMP","BLUE OAKS BOULEVARD",1056.00,S,N,B,C,Y,,,,,,,,,,Y,4,0,2,3,A,-,03,22350,,N,C,C,A,B,H,-,C,D,0,,,,,Y,,A,01,0,0,2,0,0,0,0,0,0,"- ","- ",,,PLACER,ROSEVILLE,-121.29539380999999,38.793173809999999
90142999,2016,2016-03-24,9220,2016-01-21,1455,014611,,4,2,9,3100,0,3,5,,2,030,"VIRGINIATOWN RD","DANIEL DR.",0.00,,Y,A,-,N,,,,,,,,,,Y,2,0,4,3,A,-,01,23152,F,N,D,C,A,A,H,-,A,D,0,,,,,Y,Y,D,22,1,1,2,0,0,0,0,0,0,"- ","- ",,,PLACER,UNINCORPORATED,-121.24247987,38.897469919999999
90143049,2016,2016-03-24,9220,2016-03-17,2005,013060,,4,2,9,3100,0,1,3,,1,249,SR-49,"NEW AIRPORT RD",0.00,,N,A,-,Y,,,,,,,,,,N,3,0,1,2,A,-,01,23152,A,N,C,C,A,A,H,-,C,D,0,,,Y,,Y,Y,C,02,0,1,0,0,0,0,0,0,1,"- ","- ",,,PLACER,UNINCORPORATED,-121.09081990999999,38.932359920000003
90145795,2016,2016-03-28,9220,2016-03-09,1705,014611,,3,2,9,3100,0,2,4,,2,021,"SIERRA COLLEGE BLVD","OLYMPUS DR",100.00,S,N,B,-,N,,,,,,,,,,Y,4,0,1,2,A,-,03,22350,,N,C,C,A,A,H,-,A,A,0,,,,,Y,,D,22,0,0,1,0,0,0,0,0,0,"- ","- ",,,PLACER,UNINCORPORATED,-121.22652856000001,38.750105550000001
90145862,2016,2016-03-28,9220,2016-03-17,1550,15060,,4,2,4,3104,0,1,1,,2,281,"I-80 W/B",SR-65,2112.00,E,N,A,-,Y,,,,,,,,,,Y,4,0,2,2,A,-,03,22350,,N,C,C,A,A,H,-,A,D,0,,,,,Y,,A,01,0,0,2,0,0,0,0,0,0,"- ","- ",,,PLACER,ROCKLIN,,
90146229,2016,2016-03-28,9220,2016-03-14,1650,012412,,1,2,9,3100,0,1,3,,1,249,"SR-49  GRASS VALLEY HWY","DRY CREEK",720.00,N,N,A,-,Y,,,49,,,,,,,Y,3,0,2,2,A,-,09,21804,A,N,D,C,A,A,H,-,A,D,0,,,,,Y,,A,01,0,1,1,0,0,0,0,0,0,"- ","- ",38.958750000000002,-121.10208,PLACER,UNINCORPORATED,-121.10197425,38.958800259999997
90147595,2016,2016-03-30,9220,2016-03-10,2120,012546,9220,4,2,9,3100,0,2,4,,1,013,"WALERGA RD","DRY CREEK",200.00,N,N,B,-,N,,,,,,,,,,Y,4,0,2,3,A,-,05,21650,,N,B,C,A,B,H,-,D,A,0,,,,,Y,,A,01,0,0,2,0,0,0,0,0,0,"- ","- ",38.737560000000002,-121.3647,PLACER,UNINCORPORATED,-121.3646847,38.737414719999997
90147678,2016,2016-03-30,9220,2016-03-14,0740,013257,,1,1,2,3103,0,1,3,,1,265,"SR-65 S/B","TWELVE BRIDGES DR",20.00,S,N,B,-,Y,,,,,,,,,,Y,4,0,1,2,A,-,03,22350,,N,A,C,A,A,H,-,A,D,0,,,,,Y,,A,01,0,0,1,0,0,0,0,0,0,"- ","- ",,,PLACER,LINCOLN,-121.29995,38.851075080000001
90147755,2016,2016-03-30,9220,2016-03-17,1100,014438,,4,1,4,3104,0,1,1,,2,281,"I-80 EASTBOUND",SR-65,780.00,E,N,A,-,Y,,,80,,,,,,E,Y,4,0,2,4,A,-,03,22350,,N,C,C,A,A,D,-,A,D,0,,,,,Y,,A,07,0,0,2,0,0,0,0,0,0,"- ","- ",38.771299999999997,-121.24638,PLACER,ROCKLIN,-121.24636331000001,38.77127334
90147756,2016,2016-03-30,9220,2016-03-19,1310,014438,,6,1,4,3104,0,1,1,,2,281,"I-80 EASTBOUND",SR-65,2500.00,E,N,A,-,Y,,,80,,,,,,E,Y,4,0,1,3,A,-,03,22350,,N,C,C,A,A,H,-,A,D,0,,,,,Y,,A,07,0,0,1,0,0,0,0,0,0,"- ","- ",38.77487,-121.24115,PLACER,ROCKLIN,-121.24099878,38.774632930000003
90147852,2016,2016-03-30,9220,2016-03-07,0550,015197,,1,3,9,3100,0,3,5,,2,010,"ATHENS AVE","FIDDYMENT RD",1584.00,E,N,C,-,N,,,,,,,,,,N,2,0,1,2,A,-,11,21956,A,N,B,B,E,B,H,-,D,D,0,Y,,,Y,Y,,N,60,1,0,0,0,1,0,0,0,0,"- ","- ",38.838810000000002,-121.34578999999999,PLACER,UNINCORPORATED,-121.34383844,38.838900619999997