CASE_ID,ACCIDENT_YEAR,PROC_DATE,JURIS,COLLISION_DATE,COLLISION_TIME,OFFICER_ID,REPORTING_DISTRICT,DAY_OF_WEEK,CHP_SHIFT,POPULATION,CNTY_CITY_LOC,SPECIAL_COND,BEAT_TYPE,CHP_BEAT_TYPE,CITY_DIVISION_LAPD,CHP_BEAT_CLASS,BEAT_NUMBER,PRIMARY_RD,SECONDARY_RD,DISTANCE,DIRECTION,INTERSECTION,WEATHER_1,WEATHER_2,STATE_HWY_IND,CALTRANS_COUNTY,CALTRANS_DISTRICT,STATE_ROUTE,ROUTE_SUFFIX,POSTMILE_PREFIX,POSTMILE,LOCATION_TYPE,RAMP_INTERSECTION,SIDE_OF_HWY,TOW_AWAY,COLLISION_SEVERITY,NUMBER_KILLED,NUMBER_INJURED,PARTY_COUNT,PRIMARY_COLL_FACTOR,PCF_CODE_OF_VIOL,PCF_VIOL_CATEGORY,PCF_VIOLATION,PCF_VIOL_SUBSECTION,HIT_AND_RUN,TYPE_OF_COLLISION,MVIW,PED_ACTION,ROAD_SURFACE,ROAD_COND_1,ROAD_COND_2,LIGHTING,CONTROL_DEVICE,CHP_ROAD_TYPE,PEDESTRIAN_ACCIDENT,BICYCLE_ACCIDENT,MOTORCYCLE_ACCIDENT,TRUCK_ACCIDENT,NOT_PRIVATE_PROPERTY,ALCOHOL_INVOLVED,STWD_VEHTYPE_AT_FAULT,CHP_VEHTYPE_AT_FAULT,COUNT_SEVERE_INJ,COUNT_VISIBLE_INJ,COUNT_COMPLAINT_PAIN,COUNT_PED_KILLED,COUNT_PED_INJURED,COUNT_BICYCLIST_KILLED,COUNT_BICYCLIST_INJURED,COUNT_MC_KILLED,COUNT_MC_INJURED,PRIMARY_RAMP,SECONDARY_RAMP,LATITUDE,LONGITUDE,COUNTY,CITY,POINT_X,POINT_Y
90400631,2017,2017-02-27,9220,2017-02-17,0510,013466,,5,3,9,3100,0,1,3,,2,293,"SR-193 W/B","MAIN ST.",400.00,W,N,B,C,Y,,,,,,,,,,Y,4,0,2,2,A,-,05,21460,A,N,A,C,A,B,H,-,D,A,0,,,,,Y,,A,07,0,0,2,0,0,0,0,0,0,"- ","- ",,,PLACER,UNINCORPORATED,-121.1343139,38.876374769999998
90401605,2017,2017-02-28,9222,2017-02-18,1235,019294,,6,1,9,3100,0,3,5,,2,010,"MT. WATSON ROAD","SR 267",26400.00,W,N,D,-,N,,,,,,,,,,N,4,0,2,1,A,-,08,38314,,N,E,I,A,C,H,-,A,D,0,,,,,Y,,M,96,0,0,2,0,0,0,0,0,0,"- ","- ",39.252740000000003,-120.08367,PLACER,UNINCORPORATED,-120.13199686999999,39.230959470000002
90401641,2017,2017-02-28,9220,2017-02-20,0730,016668,,1,1,5,3105,0,1,1,,2,281,"I-80 EB TO DOUGLAS BOULEVARD","SUNRISE AVE",218.00,W,N,C,-,Y,,,80,,,,R,,E,Y,4,0,1,1,A,-,03,22350,,N,E,I,A,B,H,-,A,D,0,,,,,Y,,D,22,0,0,1,0,0,0,0,0,0,"- ","- ",38.743850000000002,-121.26933,PLACER,ROSEVILLE,-121.26933,38.743850000000002
90401786,2017,2017-02-28,9221,2017-02-23,1305,018740,,4,1,9,3100,0,1,1,,2,386,"I-80 W/B","BLUE CANYON RD",8448.00,W,N,B,D,Y,,,80,,,,,,W,Y,3,0,1,4,A,-,03,22350,,N,C,C,A,C,H,-,A,D,0,,,,Y,Y,,G,27,0,1,0,0,0,0,0,0,0,"- ","- ",39.268709999999999,-120.72478,PLACER,UNINCORPORATED,-120.72457208,39.268164220000003
90402023,2017,2017-02-28,9220,2017-02-22,1700,014466,,3,2,9,3100,0,3,5,,2,030,"NICOLAUS ROAD","BREWER RD",40.00,W,N,A,-,N,,,,,,,,,,N,3,0,1,1,C,-,18,,,N,E,J,A,A,C,-,B,A,0,,,,,Y,,-,"- ",0,1,0,0,0,0,0,0,0,"- ","- ",38.896970000000003,-121.45202999999999,PLACER,UNINCORPORATED,-121.45195056,38.896950009999998
90403562,2017,2017-03-01,9222,2017-02-23,2214,017907,,4,3,9,3100,0,2,4,,2,017,"SQUAW VALLEY ROAD","ERIC ROAD",500.00,W,N,A,-,N,,,,,,,,,,N,4,0,2,3,A,-,03,22350,,N,G,B,E,C,H,-,D,D,0,Y,,,,Y,,A,01,0,0,2,0,2,0,0,0,0,"- ","- ",39.199440000000003,-120.22847,PLACER,UNINCORPORATED,-120.22447643,39.201202369999997
9040457,2020,2020-02-28,3105,2020-01-18,1827,1095,1827,6,5,5,3105,0,0,0,,0,3105,"FOOTHILLS BL","MISTY WOOD DR",225.00,S,N,A,-,N,,,,,,,,,,Y,4,0,1,2,A,-,03,22350,,N,E,I,A,A,H,-,C,D,0,,,,,Y,,A,01,0,0,1,0,0,0,0,0,0,"- ","- ",38.774250030517578,-121.31285858154297,PLACER,ROSEVILLE,-121.31369781494141,38.777538299560547
9040461,2020,2020-02-28,3105,2020-01-14,0830,150,,2,5,5,3105,0,0,0,,0,,"N LOS VEGAS AV","GUAVA AL",0.00,,Y,A,-,N,,,,,,,,,,N,4,0,1,2,A,-,05,21650,1,N,D,G,A,A,H,-,A,D,0,,Y,,,Y,,L,04,0,0,1,0,0,0,1,0,0,"- ","- ",38.752410888671875,-121.29202270507812,PLACER,ROSEVILLE,-121.292023,38.752411000000002
90404885,2017,2017-03-02,9220,2017-02-19,1840,016481,,7,2,9,3100,0,2,4,,2,072,"WISE ROAD","FICKETT RD",0.00,,Y,B,-,N,,,,,,,,,,Y,4,0,1,1,A,-,03,22350,,N,E,J,A,B,H,-,D,D,0,,,,,Y,,A,01,0,0,1,0,0,0,0,0,0,"- ","- ",,,PLACER,UNINCORPORATED,-121.20957991,38.930639909999996
90405123,2017,2017-03-03,9220,2017-02-17,1945,016682,,5,2,9,3100,0,3,5,,2,010,"SUNSET BLVD. WEST","AMORUSO WAY",5280.00,S,N,C,-,N,,,,,,,,,,Y,4,0,1,1,A,-,08,22107,,N,F,J,A,B,H,-,D,D,0,,,,,Y,,A,01,0,0,1,0,0,0,0,0,0,"- ","- ",38.824379999999998,-121.41142000000001,PLACER,UNINCORPORATED,-121.39091999999999,38.824370000000002
90405369,2017,2017-03-03,9221,2017-03-01,1320,018940,,3,1,9,3100,0,1,1,,2,384,"I-80 W/B","ROLLINS LAKE RD",1056.00,W,N,A,-,Y,,,,,,,,,,Y,3,0,1,2,A,-,03,22350,,N,C,C,A,A,D,-,A,D,0,,,,Y,Y,,A,01,0,1,0,0,0,0,0,0,0,"- ","- ",34.14134,-120.91454,PLACER,UNINCORPORATED,,
90406999,2017,2017-03-07,9221,2017-02-24,0945,018530,,5,1,9,3100,0,3,5,,2,070,"FORDYCE LAKE RD","HAMPSHIRE ROCKS RD",75.00,N,N,B,-,N,,,,,,,,,,Y,4,0,1,2,A,-,03,22350,,N,D,C,A,C,H,-,A,D,0,,,,,Y,,M,96,0,0,1,0,0,0,0,0,0,"- ","- ",39.312159999999999,-120.54416000000001,PLACER,UNINCORPORATED,-120.54637209000001,39.312835749999998
90408144,2017,2017-03-08,9220,2017-02-17,0600,016031,,5,1,4,3104,0,1,1,,2,281,"I-80 E/B","ROCKLIN RD",10.00,E,N,B,C,Y,,,,,,,,,,Y,4,0,1,1,A,-,08,22107,,N,E,I,A,B,H,-,D,D,0,,,,,Y,,A,01,0,0,1,0,0,0,0,0,0,"- ","- ",,,PLACER,ROCKLIN,-121.22251639,38.788510309999999
90408486,2017,2017-03-08,9220,2017-02-28,1425,013794,,2,2,5,3105,0,1,1,,2,281,"I-80 (W/B)","ROSEVILLE  PARKWAY O/C",300.00,W,N,A,-,Y,,,,,,,,,,N,4,0,2,3,A,-,03,22350,,N,C,C,A,A,H,-,A,D,0,,,,,Y,,A,01,0,0,2,0,0,0,0,0,0,"- ","- ",,,PLACER,ROSEVILLE,-121.2591424,38.762086400000001
90409013,2017,2017-03-09,9222,2017-03-05,1640,017091,,7,2,9,3100,0,3,5,,2,010,"BIG SPRINGS DRIVE","MILL SITE ROAD",110.00,W,N,B,D,N,,,,,,,,,,N,4,0,1,2,A,-,03,22350,,N,A,C,A,C,E,-,A,D,0,,,,,Y,,A,01,0,0,1,0,0,0,0,0,0,"- ","- ",39.282299999999999,-120.12872,PLACER,UNINCORPORATED,-120.12871013,39.282068600000002
90410256,2017,2017-03-10,9220,2017-03-03,1205,013466,,5,1,4,3104,0,1,1,,2,281,"I-80 E/B","ROCKLIN RD.",2640.00,W,N,A,-,Y,,,,,,,,,,N,4,0,1,2,A,-,07,21658,A,F,B,C,A,A,H,-,A,A,0,,,,,Y,,A,07,0,0,1,0,0,0,0,0,0,"- ","- ",,,PLACER,ROCKLIN,-121.22882860999999,38.78316787
90410940,2017,2017-03-13,9220,2017-03-04,1400,016685,,6,2,9,3100,0,2,4,,2,051,"PLACER HILLS RD","CROTHER ROAD",0.00,,Y,B,-,N,,,,,,,,,,Y,4,0,2,2,A,-,12,22450,A,N,D,C,A,A,H,-,A,A,0,,,,,Y,,A,01,0,0,2,0,0,0,0,0,0,"- ","- ",39.0152,-121.0039,PLACER,UNINCORPORATED,-121.00402996,39.015159930000003
90411004,2017,2017-03-13,9220,2017-03-04,0555,013997,,6,3,9,3100,0,1,1,,2,283,"I-80 E/B","RUSSELL RD O/C",1056.00,E,N,A,-,Y,,,,,,,,,,Y,2,0,1,2,A,-,03,22350,,N,C,C,A,A,H,-,D,D,0,,,,Y,Y,,F,26,1,0,0,0,0,0,0,0,0,"- ","- ",,,PLACER,UNINCORPORATED,-121.06036507,38.918392269999998
90411015,2017,2017-03-13,9220,2017-03-04,1235,013466,,6,1,5,3105,0,1,3,,1,265,"SR-65 N/B",I-80,300.00,N,N,B,-,Y,,,,,,,,,,N,4,0,1,2,A,-,03,22350,,N,C,C,A,A,H,-,A,A,0,,,,,Y,,A,01,0,0,1,0,0,0,0,0,0,"- ","- ",,,PLACER,ROSEVILLE,,
90412762,2017,2017-03-15,9220,2017-03-09,2120,016685,,4,2,9,3100,0,2,4,,2,058,"DRY CREEK ROAD","TOM AND JERRY LANE",650.00,E,N,A,-,N,,,,,,,,,,Y,3,0,1,1,A,-,08,22107,,N,E,I,A,A,H,-,D,D,0,,,,,Y,Y,A,01,0,1,0,0,0,0,0,0,0,"- ","- ",38.96067,-121.0959,PLACER,UNINCORPORATED,-121.09589887,38.960707190000001
90414098,2017,2017-03-16,9221,2017-03-11,0140,017669,,6,3,9,3100,0,1,1,,2,386,"I-80 W/B","5000' ELEVATION MARKER",500.00,E,N,A,-,Y,,,80,,,,,,W,Y,4,0,1,1,A,-,08,22107,,N,E,I,A,A,H,-,D,D,0,,,,,Y,,A,07,0,0,1,0,0,0,0,0,0,"- ","- ",39.268749999999997,-120.72248,PLACER,UNINCORPORATED,-120.72250054,39.268816870000002
90414370,2017,2017-03-17,9220,2017-03-10,0708,013856,,5,1,5,3105,0,1,1,,2,281,"I-80 E/B TO SR-65 N/B",SR-65,75.00,E,N,B,-,Y,,,,,,,,,,Y,4,0,1,1,A,-,08,22107,,N,F,A,A,A,H,-,A,D,0,,,Y,,Y,,C,02,0,0,1,0,0,0,0,0,1,"- ","- ",,,PLACER,ROSEVILLE,,
90414734,2017,2017-03-17,9220,2017-02-21,1720,013465,,2,2,5,3105,0,1,1,,2,281,"I-80 E/B TO SR-65 N/B",SR-65,75.00,E,N,B,-,Y,,,,,,,,,,N,4,0,1,2,A,-,03,22350,,F,C,C,A,A,H,-,A,D,0,,,,,Y,,A,07,0,0,1,0,0,0,0,0,0,"- ","- ",38.461280000000002,-121.1444,PLACER,ROSEVILLE,,
90418444,2017,2017-03-23,9221,2017-03-22,0835,016862,,3,1,9,3100,0,1,1,,2,388,"I-80 W/B","RAINBOW U/C",10032.00,W,N,B,D,Y,,,80,,,,,,W,Y,2,0,2,2,A,-,03,22350,,N,C,C,A,C,H,-,A,A,0,,,,Y,Y,,A,01,1,0,1,0,0,0,0,0,0,"- ","- ",39.306669999999997,-120.5278,PLACER,UNINCORPORATED,-120.52783185,39.30648497
90420090,2017,2017-03-24,9220,2017-03-11,1206,013856,,6,1,9,3100,0,1,3,,1,267,SR-65,"W. WISE RD.",0.00,,Y,A,-,Y,,,,,,,,,,Y,4,0,1,2,A,-,17,21451,A,N,D,C,A,A,H,-,A,A,0,,,,Y,Y,,F,27,0,0,1,0,0,0,0,0,0,"- ","- ",,,PLACER,UNINCORPORATED,-121.36859989,38.926449900000001
90420125,2017,2017-03-24,9220,2017-03-15,1920,15060,,3,2,4,3104,0,1,1,,2,281,"I-80 E/B",SR-65,2112.00,E,N,B,-,Y,,,80,,,,,,E,Y,2,0,1,1,A,-,01,23152,A,N,E,I,A,A,H,-,B,D,0,,,,,Y,Y,A,01,1,0,0,0,0,0,0,0,0,"- ","- ",38.773989999999998,-121.24191999999999,PLACER,ROCKLIN,-121.24195161999999,38.774041779999997
90421070,2017,2017-03-27,9220,2017-03-17,1655,016685,,5,2,9,3100,0,1,3,,1,249,"SR-49 S/B","EDGEWOOD ROAD",300.00,N,N,A,-,Y,,,49,,,,,,S,N,4,0,1,3,A,-,03,22350,,N,C,C,A,A,H,-,A,D,0,,,,,Y,,D,22,0,0,1,0,0,0,0,0,0,"- ","- ",38.921120000000002,-121.08275,PLACER,UNINCORPORATED,-121.08250082000001,38.921238680000002
90421076,2017,2017-03-27,9220,2017-03-13,1535,014438,,1,2,5,3105,0,1,1,,2,281,"I-80 WESTBOUND","CIRBY WAY",2112.00,E,N,A,-,Y,,,80,,,,,,W,Y,4,0,1,2,A,-,04,21703,,N,C,C,A,A,H,-,A,D,0,,,,,Y,,A,01,0,0,1,0,0,0,0,0,0,"- ","- ",38.733800000000002,-121.2807,PLACER,ROSEVILLE,-121.28069035,38.733789729999998
90421442,2017,2017-03-27,9220,2017-03-21,1645,014438,,2,2,5,3105,0,1,1,,2,281,"I-80 EASTBOUND","DOUGLAS BLVD",3168.00,W,N,B,-,Y,,,80,,,,,,E,Y,4,0,1,2,A,-,07,21658,A,N,C,C,A,A,H,-,A,D,0,,,,,Y,,A,01,0,0,1,0,0,0,0,0,0,"- ","- ",38.737099999999998,-121.2765,PLACER,ROSEVILLE,-121.27660405,38.737213250000003
90423702,2017,2017-03-29,9220,2017-03-22,0805,013605,,3,1,2,3106,0,1,1,,2,282,"I-80 E/B","BRACE RD",375.00,W,N,C,-,Y,,,,,,,,,,Y,4,0,1,1,A,-,08,22107,,N,E,I,A,B,H,-,A,D,0,,,,,Y,,A,01,0,0,1,0,0,0,0,0,0,"- ","- ",,,PLACER,LOOMIS,-121.19734914999999,38.809665459999998
90423799,2017,2017-05-08,9220,2017-03-11,1240,013299,,6,1,5,3105,0,1,1,,2,281,"I-80 EASTBOUND","EAST ROSEVILLE PKY",100.00,W,N,A,-,Y,,,,,,,,,,N,4,0,1,3,A,-,03,22350,,N,C,C,A,A,H,-,A,D,0,,,,,Y,,A,01,0,0,1,0,0,0,0,0,0,"- ","- ",,,PLACER,ROSEVILLE,-121.25854572,38.762447989999998
90423820,2017,2017-03-29,9220,2017-03-29,0707,016654,,3,1,5,3105,0,1,1,,2,281,"I-80 W/B FROM DOUGLAS BLVD.","DOUGLAS BLVD",250.00,W,N,A,-,Y,,,,,,,,,,Y,4,0,1,2,A,-,03,22350,,N,C,C,A,A,H,-,A,D,0,,,,,Y,,D,22,0,0,1,0,0,0,0,0,0,"- ","- ",,,PLACER,ROSEVILLE,-121.27125657000001,38.743427820000001
90425930,2017,2017-04-03,9222,2017-03-18,1734,017658,,6,2,9,3100,0,1,3,,1,015,"STATE ROUTE 28","ONYX ST.",10.00,E,N,A,-,Y,,,28,,,,,,,N,1,1,1,3,A,-,10,21950,A,N,G,B,B,A,H,-,A,D,0,Y,,,,Y,,A,07,0,1,0,1,1,0,0,0,0,"- ","- ",39.226819999999996,-120.07908999999999,PLACER,UNINCORPORATED,-120.07909178,39.22687457
90426689,2017,2017-04-04,9221,2017-03-25,0850,018940,,6,1,9,3100,0,1,1,,2,384,"I-80 W/B","ROLLINS LAKE RD",3960.00,W,N,A,-,Y,,,80,,,,,,W,Y,3,0,2,1,A,-,03,22350,,N,E,I,A,B,H,-,A,D,0,,,,,Y,,A,01,0,2,0,0,0,0,0,0,0,"- ","- ",39.138860000000001,-120.92774,PLACER,UNINCORPORATED,-120.92773608,39.138850239999996
90426834,2017,2017-04-04,9220,2017-03-22,1745,15060,,3,2,9,3100,0,2,4,,2,022,"DOUGLAS BLVD.","BERG ST",200.00,W,N,B,-,N,,,,,,,,,,Y,3,0,4,4,A,-,03,22350,,N,C,C,A,A,H,-,A,D,0,,,,,Y,,A,07,0,1,3,0,0,0,0,0,0,"- ","- ",38.743879999999997,-121.19970000000001,PLACER,UNINCORPORATED,-121.19933107,38.744282990000002
90426908,2017,2017-04-04,9222,2017-04-03,1605,017091,,1,2,9,3100,0,1,3,,1,016,"STATE ROUTE 267","TRUCKEE-TAHOE AIRPORT ROAD",60.00,N,N,A,-,Y,,,267,,,,,,,N,4,0,1,2,A,-,21,22106,,N,C,C,A,A,H,-,A,A,0,,,,,Y,,A,01,0,0,1,0,0,0,0,0,0,"- ","- ",39.314729999999997,-120.14897999999999,PLACER,UNINCORPORATED,-120.14895989,39.314776209999998
90426969,2017,2017-04-04,9220,2017-03-23,1252,013856,,4,1,9,3100,0,3,5,,2,010,"WALERGA RD.","WATERSTONE DR.",0.00,,N,A,-,N,,,,,,,,,,Y,4,0,1,2,A,-,08,22100,B,N,H,G,A,A,H,-,A,D,0,,Y,,,Y,,L,04,0,0,1,0,0,0,1,0,0,"- ","- ",,,PLACER,UNINCORPORATED,-121.36447991,38.740319990000003
90427463,2017,2017-04-04,9221,2017-03-30,0655,018940,,4,1,9,3100,0,1,1,,2,387,"I-80 E/B","EAGLE LAKES RD",1000.00,E,N,D,-,Y,,,,,,,,,,Y,4,0,2,2,A,-,03,22350,,N,C,C,A,C,H,-,B,D,0,,,,,Y,,D,22,0,0,2,0,0,0,0,0,0,"- ","- ",39.3187,-120.56213,PLACER,UNINCORPORATED,,
90428419,2017,2017-04-05,9220,2017-03-25,0240,015168,,6,3,9,3100,0,2,4,,2,051,"PLACER HILLS ROAD","MILL ROAD",385.00,S,N,B,-,N,,,,,,,,,,Y,2,0,1,1,A,-,08,22107,,N,E,I,A,B,H,-,C,D,0,,,,,Y,,D,22,1,0,0,0,0,0,0,0,0,"- ","- ",38.991520000000001,-121.02423,PLACER,UNINCORPORATED,-121.02409489999999,38.991674279999998
9042859,2020,2020-02-20,3105,2020-01-31,1944,1132,,5,5,5,3105,0,0,0,,0,003,"CIRBY WY","VERNON ST",185.00,E,N,A,-,N,,,,,,,,,,N,4,0,2,2,A,-,07,21658,A,N,C,C,A,A,H,-,C,A,0,,,,,Y,,A,07,0,0,2,0,0,0,0,0,0,"- ","- ",,,PLACER,ROSEVILLE,-121.29906463623047,38.72930908203125
90429002,2017,2017-04-06,9220,2017-04-03,1810,013605,,1,2,9,3100,0,2,4,,2,075,"TAYLOR RD","KENTUCKY GREENS WAY",1056.00,W,N,A,-,N,,,,,,,,,,Y,4,0,1,2,A,-,03,22350,,N,C,C,A,A,H,-,A,D,0,,,,,Y,,A,01,0,0,1,0,0,0,0,0,0,"- ","- ",,,PLACER,UNINCORPORATED,-121.14301218999999,38.871829869999999
90429335,2017,2017-04-06,9221,2017-03-29,0755,018940,,3,1,9,3100,0,1,1,,2,384,"I-80 W/B","CAPE HORN RD",125.00,E,N,A,-,Y,,,,,,,,,,Y,4,0,1,2,A,-,07,21658,A,N,B,C,A,A,H,-,A,D,0,,,,Y,Y,,F,25,0,0,1,0,0,0,0,0,0,"- ","- ",,,PLACER,UNINCORPORATED,-120.91917745000001,39.138794609999998
90429510,2017,2017-04-07,9221,2017-03-30,0625,019671,,4,1,9,3100,0,1,1,,2,388,"I-80 E/B","CISCO RD OC",2640.00,E,N,D,-,Y,,,80,,,,,,E,Y,3,0,1,1,A,-,03,22350,,N,F,A,A,C,H,-,B,D,0,,,,,Y,,D,22,0,1,0,0,0,0,0,0,0,"- ","- ",39.305100000000003,-120.53605,PLACER,UNINCORPORATED,-120.53603562000001,39.305156580000002
90430553,2017,2017-04-10,9220,2017-04-03,0806,016654,,1,1,5,3105,0,1,1,,2,281,"I-80 E/B TO SR-65 N/B","SR-65 O/C",40.00,E,N,A,-,Y,,,80,,,,R,,E,N,4,0,1,3,A,-,03,22350,,N,C,C,A,A,H,-,A,D,0,,,,,Y,,A,01,0,0,1,0,0,0,0,0,0,"- ","- ",38.769979999999997,-121.24809,PLACER,ROSEVILLE,-121.24809,38.769979999999997
90431753,2017,2017-04-11,9220,2017-04-05,1111,016654,,3,1,9,3100,0,1,3,,1,249,"SR-49 N/B","MARGUERITE MINE RD",40.00,S,N,A,-,Y,,,49,,,,,,N,Y,4,0,1,2,A,-,03,22350,,N,C,C,A,A,H,-,A,D,0,,,,,Y,,D,22,0,0,1,0,0,0,0,0,0,"- ","- ",38.919159999999998,-121.08113,PLACER,UNINCORPORATED,-121.08136463,38.919027419999999
90432711,2017,2017-04-12,9221,2017-04-05,2345,017818,,3,3,9,3100,0,1,1,,2,384,"CANYON WAY OFF RAMP FROM I-80 W/B","I-80 W/B",100.00,N,N,A,-,Y,,,,,,,,,,Y,3,0,1,1,A,-,03,22350,,N,E,I,A,A,H,-,D,D,0,,,,,Y,,A,07,0,1,0,0,0,0,0,0,0,"- ","- ",39.077959999999997,-120.96075,PLACER,UNINCORPORATED,,
90433715,2017,2017-04-13,9220,2017-04-08,2045,017375,,6,2,9,3100,0,2,4,,2,042,"MOUNT VERNON RD","HASTINGS LN",528.00,E,N,A,-,N,,,,,,,,,,Y,3,0,1,1,A,-,08,22107,,N,E,I,A,A,H,-,E,D,0,,,,,Y,,A,01,0,1,0,0,0,0,0,0,0,"- ","- ",38.945120000000003,-121.15385000000001,PLACER,UNINCORPORATED,-121.15373,38.946210000000001
90434336,2017,2017-04-14,9221,2017-04-07,2100,019671,,5,2,9,3100,0,1,1,,2,388,"I-80 W/B","CISCO RD OC",3168.00,E,N,D,-,Y,,,80,,,,,,W,Y,2,0,2,2,A,-,03,22350,,N,E,I,A,C,H,-,D,A,0,,,,,Y,,A,01,1,0,1,0,0,0,0,0,0,"- ","- ",39.305480000000003,-120.53492,PLACER,UNINCORPORATED,-120.53492095999999,39.305453819999997
90434847,2017,2017-04-17,9220,2017-04-10,0750,013676,,1,1,9,3100,0,1,1,,2,282,"I-80 E/B","SR-193 U/C",10.00,E,N,A,-,Y,,,,,,,,,,Y,4,0,1,2,A,-,01,23152,A,F,C,C,A,A,H,-,A,D,0,,,,,Y,Y,A,01,0,0,1,0,0,0,0,0,0,"- ","- ",,,PLACER,UNINCORPORATED,-121.125815,38.878142390000001
90437009,2017,2017-04-18,9220,2017-04-16,0740,013676,,7,1,9,3100,0,2,4,,2,062,"FORESTHILL ROAD","PONDEROSA WAY",15.00,W,N,B,-,N,,,,,,,,,,Y,3,0,1,1,A,-,01,23152,A,N,E,I,A,A,H,-,A,D,0,,,,,Y,,D,22,0,1,0,0,0,0,0,0,0,"- ","- ",,,PLACER,UNINCORPORATED,-120.92016569,38.997674029999999
90440463,2017,2017-04-24,9220,2017-04-08,2245,017375,,6,3,9,3100,0,3,5,,2,040,"DRY CREEK RD","GRASS VALLEY HWY",570.00,W,N,A,-,N,,,,,,,,,,N,3,0,1,2,A,-,11,21954,A,N,G,B,D,A,H,-,D,D,0,Y,,,,Y,,N,60,0,1,0,0,1,0,0,0,0,"- ","- ",38.956580000000002,-121.10344000000001,PLACER,UNINCORPORATED,-121.1033839,38.956584749999998
90440492,2017,2017-04-24,9220,2017-04-03,1710,013299,,1,2,9,3100,0,2,4,,2,062,"FORESTHILL ROAD","OLD AUBURN FORESTHILL RD",5280.00,E,N,A,-,N,,,,,,,,,,N,3,0,1,2,A,-,05,21650,,N,B,C,A,A,H,-,A,D,0,,,Y,,Y,,C,02,0,1,0,0,0,0,0,0,1,"- ","- ",,,PLACER,UNINCORPORATED,-120.99031445999999,38.941768670000002
90440939,2017,2017-04-24,9220,2017-04-14,1805,014438,,5,2,5,3105,0,1,1,,2,281,"I-80 E/B FROM EUREKA RD W/B","EUREKA RD",16.00,E,N,A,-,Y,,,80,,,,R,,E,Y,2,0,1,1,A,-,08,22107,,N,E,I,A,A,H,-,A,D,0,,,,,Y,,A,07,1,0,0,0,0,0,0,0,0,"- ","- ",38.758000000000003,-121.2604,PLACER,ROSEVILLE,-121.2604,38.758000000000003
90441817,2017,2017-04-25,9220,2017-04-20,0810,013466,,4,1,5,3105,0,2,4,,2,022,"DOUGLAS BL.","CHRISTY LN.",300.00,E,N,B,-,N,,,,,,,,,,Y,3,0,2,3,A,-,03,22350,,N,C,C,A,B,H,-,A,A,0,,,,,Y,,A,07,0,1,1,0,0,0,0,0,0,"- ","- ",,,PLACER,ROSEVILLE,-121.17373863,38.743484469999999
90441856,2017,2017-04-25,9221,2017-04-08,1335,013442,,6,1,9,3100,0,1,1,,2,386,"I-80 E/B","DRUM FOREBAY RD",3696.00,E,N,D,-,Y,,,80,,,,,,E,Y,2,0,8,1,A,-,03,22350,,N,E,I,A,C,H,-,A,D,0,,,,,Y,,A,08,5,1,2,0,0,0,0,0,0,"- ","- ",39.246229999999997,-120.74420000000001,PLACER,UNINCORPORATED,-120.74412864999999,39.246151820000001
90442613,2017,2017-04-26,9220,2017-04-23,1230,016654,,7,1,9,3100,0,3,5,,2,030,"MCCOURTNEY ROAD","RIDGEVIEW PLACE",0.00,,Y,A,-,Y,,,,,,,,,,Y,3,0,1,2,A,-,05,21460,A,N,D,C,A,A,H,-,A,D,0,,,Y,,Y,,C,02,0,1,0,0,0,0,0,0,1,"- ","- ",39.015030000000003,-121.2855,PLACER,UNINCORPORATED,-121.28531993,39.015049920000003
90443756,2017,2017-04-27,9220,2017-04-21,1410,014611,,5,2,9,3100,0,1,1,,2,281,"SR-65 N/B","GALLERIA BLVD",1000.00,S,N,A,-,Y,,,,,,,,,,N,4,0,1,2,A,-,03,22350,,M,C,C,A,A,H,-,A,D,0,,,,,Y,,-,99,0,0,1,0,0,0,0,0,0,"- ","- ",,,PLACER,UNINCORPORATED,-121.26282716999999,38.776035550000003
90447061,2017,2017-05-02,9220,2017-04-26,0145,016682,,3,3,9,3100,0,3,5,,2,010,"SUNSET BLVD",SR-65,91.00,E,N,A,-,Y,,,,,,,,,,Y,4,0,1,2,A,-,01,23152,A,N,C,E,A,A,H,-,C,D,0,,,,,Y,Y,A,07,0,0,1,0,0,0,0,0,0,"- ","- ",38.817189999999997,-121.29730000000001,PLACER,UNINCORPORATED,-121.30001059,38.817360000000001
90447218,2017,2017-05-02,9220,2017-04-19,1330,013856,,3,1,9,3100,0,2,4,,2,042,"MT. VERNON RD.","SAILORS RAVINE RD",1584.00,E,N,A,-,N,,,,,,,,,,Y,4,0,1,2,A,-,08,22107,,N,F,A,A,A,H,-,A,D,0,,,Y,,Y,,C,02,0,0,1,0,0,0,0,0,1,"- ","- ",,,PLACER,UNINCORPORATED,-121.16198146000001,38.946471299999999
9044945,2020,2020-10-27,3105,2020-02-03,0904,369,,1,5,5,3105,0,0,0,,0,005,"PLEASANT GROVE BL","RT 65",26.00,N,N,A,-,Y,PLA,3,65,-,R,6.851,R,4,N,Y,3,0,1,2,A,-,09,21453,B,N,B,C,A,A,H,-,A,A,0,,,,,Y,,A,07,0,1,0,0,0,0,0,0,0,"- ","- ",,,PLACER,ROSEVILLE,-121.27992248535156,38.784568786621094
90449749,2017,2017-05-05,9220,2017-04-30,1354,016654,,7,1,2,3106,0,1,1,,2,282,"I-80 E/B TO HORSESHOE BAR ROAD","HORSESHOE BAR RD",200.00,E,N,A,-,Y,,,,,,,,,,N,4,0,1,1,A,-,08,22107,,F,F,A,A,A,H,-,A,D,0,,,Y,,Y,,C,02,0,0,1,0,0,0,0,0,1,"- ","- ",,,PLACER,LOOMIS,-121.18854546,38.81705461