CASE_ID,ACCIDENT_YEAR,PROC_DATE,JURIS,COLLISION_DATE,COLLISION_TIME,OFFICER_ID,REPORTING_DISTRICT,DAY_OF_WEEK,CHP_SHIFT,POPULATION,CNTY_CITY_LOC,SPECIAL_COND,BEAT_TYPE,CHP_BEAT_TYPE,CITY_DIVISION_LAPD,CHP_BEAT_CLASS,BEAT_NUMBER,PRIMARY_RD,SECONDARY_RD,DISTANCE,DIRECTION,INTERSECTION,WEATHER_1,WEATHER_2,STATE_HWY_IND,CALTRANS_COUNTY,CALTRANS_DISTRICT,STATE_ROUTE,ROUTE_SUFFIX,POSTMILE_PREFIX,POSTMILE,LOCATION_TYPE,RAMP_INTERSECTION,SIDE_OF_HWY,TOW_AWAY,COLLISION_SEVERITY,NUMBER_KILLED,NUMBER_INJURED,PARTY_COUNT,PRIMARY_COLL_FACTOR,PCF_CODE_OF_VIOL,PCF_VIOL_CATEGORY,PCF_VIOLATION,PCF_VIOL_SUBSECTION,HIT_AND_RUN,TYPE_OF_COLLISION,MVIW,PED_ACTION,ROAD_SURFACE,ROAD_COND_1,ROAD_COND_2,LIGHTING,CONTROL_DEVICE,CHP_ROAD_TYPE,PEDESTRIAN_ACCIDENT,BICYCLE_ACCIDENT,MOTORCYCLE_ACCIDENT,TRUCK_ACCIDENT,NOT_PRIVATE_PROPERTY,ALCOHOL_INVOLVED,STWD_VEHTYPE_AT_FAULT,CHP_VEHTYPE_AT_FAULT,COUNT_SEVERE_INJ,COUNT_VISIBLE_INJ,COUNT_COMPLAINT_PAIN,COUNT_PED_KILLED,COUNT_PED_INJURED,COUNT_BICYCLIST_KILLED,COUNT_BICYCLIST_INJURED,COUNT_MC_KILLED,COUNT_MC_INJURED,PRIMARY_RAMP,SECONDARY_RAMP,LATITUDE,LONGITUDE,COUNTY,CITY,POINT_X,POINT_Y
91455448,2021,2021-04-21,9220,2021-04-12,1245,013794,,1,1,9,3100,0,3,5,,2,050,"PONDEROSA WAY","AURORA NOVA COURT",186.00,E,N,A,-,N,,,,,,,,,,Y,3,0,1,1,A,-,01,23152,A,N,E,I,A,A,H,-,A,D,0,,,,,Y,Y,D,22,0,1,0,0,0,0,0,0,0,"- ","- ",39.031509399414062,-120.96795654296875,PLACER,UNINCORPORATED,-120.96849822998047,39.031322479248047
91455891,2021,2021-04-22,9220,2021-04-17,0932,015272,,6,1,9,3100,0,3,5,,2,010,"N. FOOTHILLS BLVD S/B","SUNSET BLVD",2640.00,N,N,A,-,N,,,,,,,,,,Y,4,0,1,1,A,-,01,23152,A,N,E,I,A,A,H,-,A,D,0,,,,,Y,Y,A,01,0,0,1,0,0,0,0,0,0,"- ","- ",38.123451232910156,-121.12345123291016,PLACER,UNINCORPORATED,-121.32344818115234,38.824504852294922
9145598,2020,2021-02-20,3105,2020-12-03,1743,1123,,4,5,5,3105,0,0,0,,0,002,"COLOMA WY","SUNRISE AV",275.00,E,N,A,-,N,,,,,,,,,,N,2,0,1,2,A,-,11,21954,A,N,G,B,D,A,A,H,C,A,0,Y,,,,Y,Y,N,60,1,0,0,0,1,0,0,0,0,"- ","- ",,,PLACER,ROSEVILLE,-121.27104949951172,38.736774444580078
91456084,2021,2021-04-22,9220,2021-04-19,1258,014370,,1,1,9,3100,0,2,4,,2,042,"MOUNT VERNON RD","LITTLE HILL RD",310.00,N,N,A,-,N,,,,,,,,,,N,2,0,1,1,A,-,08,22107,,N,E,I,A,A,H,-,A,D,0,,Y,,,Y,,L,04,1,0,0,0,0,0,1,0,0,"- ","- ",38.946170806884766,-121.16311645507812,PLACER,UNINCORPORATED,-121.16310882568359,38.946037292480469
91456452,2021,2021-04-22,9222,2021-04-11,1408,017288,,7,2,9,3100,0,1,3,,1,016,SR-267,"DOLLY VARDEN AVENUE",0.00,,Y,A,-,Y,,,267,,,,,,,Y,2,0,2,2,A,-,09,21802,A,N,D,C,A,A,H,-,A,A,0,,,Y,,Y,,A,07,2,0,0,0,0,0,0,0,2,"- ","- ",39.24163818359375,-120.03058624267578,PLACER,UNINCORPORATED,-120.03069305419922,39.241657257080078
91458350,2021,2021-04-26,9220,2021-04-15,1733,016682,,4,2,9,3100,0,3,5,,2,020,"DOUGLAS BLVD","CHRISTY LN",0.00,,Y,A,-,N,,,,,,,,,,N,4,0,1,3,A,-,09,21802,A,N,D,C,A,A,H,-,A,A,0,,,,,Y,,A,01,0,0,1,0,0,0,0,0,0,"- ","- ",38.743488311767578,-121.17479705810547,PLACER,UNINCORPORATED,-121.17478942871094,38.743488311767578
91458403,2021,2021-04-26,9220,2021-04-19,1835,013997,,1,2,9,3100,0,2,4,,2,056,"BELL ROAD","QUARTZ DRIVE",0.00,,Y,A,-,N,,,,,,,,,,Y,3,0,1,2,A,-,12,21453,A,N,D,C,A,A,H,-,A,A,0,,,,,Y,,A,01,0,1,0,0,0,0,0,0,0,"- ","- ",38.942508697509766,-121.09423065185547,PLACER,UNINCORPORATED,-121.09429168701172,38.942386627197266
91459391,2021,2021-05-27,9220,2021-04-22,1610,017383,,4,2,9,3100,0,2,4,,2,064,"FORESTHILL ROAD","HAPPY PINES DRIVE",0.00,,Y,A,-,N,,,,,,,,,,Y,4,0,1,2,A,-,09,21802,A,N,D,C,A,A,H,-,A,A,0,,,,,Y,,A,01,0,0,1,0,0,0,0,0,0,"- ","- ",39.001510620117188,-120.89057922363281,PLACER,UNINCORPORATED,-120.89056396484375,39.001499176025391
91460275,2021,2021-04-28,9221,2021-04-23,0650,018213,,5,1,9,3100,0,1,1,,2,386,"I-80 W/B","BLUE CANYON RD",3168.00,W,N,A,-,Y,,,80,,,,,,W,Y,3,0,1,2,A,-,03,22350,,F,C,C,A,A,H,-,B,D,0,,,,,Y,,A,01,0,1,0,0,0,0,0,0,0,"- ","- ",39.289211273193359,-120.69355010986328,PLACER,UNINCORPORATED,-120.69351196289062,39.28912353515625
91460697,2021,2021-04-28,9220,2021-04-19,1349,015917,,1,1,5,3105,0,1,1,,2,281,"I-80 EASTBOUND","ROSEVILLE PARKWAY",200.00,E,N,A,-,Y,,,80,,,,,,E,Y,4,0,1,3,A,-,03,22350,,N,C,C,A,A,H,-,A,D,0,,,,,Y,,D,22,0,0,1,0,0,0,0,0,0,"- ","- ",38.763359069824219,-121.25787353515625,PLACER,ROSEVILLE,-121.2579345703125,38.763408660888672
91461408,2021,2021-04-29,9220,2021-04-22,2115,15060,,4,2,4,3104,0,1,1,,2,281,"I-80 W/B",SR-65,200.00,W,N,A,-,Y,,,80,,,,,,W,Y,3,0,1,1,A,-,01,23152,A,N,E,I,A,A,H,-,C,D,0,,,,,Y,Y,A,01,0,1,0,0,0,0,0,0,0,"- ","- ",38.7694091796875,-121.24954986572266,PLACER,ROCKLIN,-121.24958801269531,38.769466400146484
91463246,2021,2021-04-30,9220,2021-04-20,1530,016682,,2,2,9,3100,0,2,4,,2,046,"BELL RD","QUARTZ DR",425.00,E,N,A,-,N,,,,,,,,,,N,4,0,2,2,A,-,09,21801,A,N,D,C,A,A,H,-,A,D,0,,,,,Y,,D,22,0,0,2,0,0,0,0,0,0,"- ","- ",38.942539215087891,-121.09264373779297,PLACER,UNINCORPORATED,-121.09279632568359,38.942428588867188
91463401,2021,2021-04-30,9220,2021-04-28,1158,014370,,3,1,9,3100,0,1,3,,1,249,"SR-49 (GRASS VALLEY HWY)","EDUCATION ST",0.00,,Y,A,-,Y,,,49,,,,,,,N,4,0,1,3,A,-,03,22350,,N,C,C,A,A,H,-,A,A,0,,,,,Y,,D,22,0,0,1,0,0,0,0,0,0,"- ","- ",38.944381713867188,-121.09783935546875,PLACER,UNINCORPORATED,-121.09784698486328,38.944377899169922
91464381,2021,2021-05-03,9220,2021-04-29,2152,016031,,4,2,9,3100,0,1,1,,2,282,"I-80 E/B","PENRYN RD",3168.00,E,N,A,-,Y,,,80,,,,,,E,Y,3,0,1,2,A,-,03,22350,,N,C,C,A,A,H,-,D,D,0,,,,,Y,,A,01,0,1,0,0,0,0,0,0,0,"- ","- ",38.840488433837891,-121.16066741943359,PLACER,UNINCORPORATED,-121.16064453125,38.840457916259766
91465401,2021,2021-05-04,9220,2021-04-24,1105,015272,,6,1,9,3100,0,2,4,,1,011,"WATT AVE","PFE RD",107.00,N,N,A,-,N,,,,,,,,,,Y,4,0,1,4,A,-,03,22350,,N,C,C,A,A,H,-,A,D,0,,,,,Y,,A,07,0,0,1,0,0,0,0,0,0,"- ","- ",38.123451232910156,-121.12345123291016,PLACER,UNINCORPORATED,-121.39248657226562,38.729175567626953
91467940,2021,2021-05-07,9220,2021-05-02,2030,017027,,7,2,9,3100,0,1,3,,1,249,SR-49,"EDUCATION ST",200.00,N,N,A,-,Y,,,49,,,,,,,Y,2,0,1,3,A,-,01,23152,A,M,C,C,A,A,H,-,C,D,0,,,,,Y,Y,A,01,1,0,0,0,0,0,0,0,0,"- ","- ",38.944938659667969,-121.09812164306641,PLACER,UNINCORPORATED,-121.09803771972656,38.944965362548828
91468850,2021,2021-05-10,9220,2021-04-30,2000,019040,,5,2,9,3100,0,2,4,,2,064,"FORESTHILL RD","SPRING GARDEN RD",100.00,W,N,A,-,N,,,,,,,,,,N,3,0,1,1,A,-,08,22107,,N,F,A,A,A,H,-,D,D,0,,,Y,,Y,,C,02,0,1,0,0,0,0,0,0,1,"- ","- ",39.001399993896484,-120.97064208984375,PLACER,UNINCORPORATED,-120.90764617919922,39.001346588134766
91468889,2021,2021-05-10,9220,2021-05-03,1445,017027,,1,2,9,3100,0,2,4,,2,056,"BELL ROAD","QUARTZ DR",0.00,,Y,A,-,N,,,,,,,,,,Y,2,0,3,4,A,-,08,22107,,N,B,C,A,A,H,-,A,A,0,,,,,Y,,A,01,1,1,1,0,0,0,0,0,0,"- ","- ",38.942401885986328,-121.09427642822266,PLACER,UNINCORPORATED,-121.09429168701172,38.942386627197266
91469041,2021,2021-05-10,9220,2021-04-27,0610,015917,,2,1,5,3105,0,1,1,,2,281,"I-80 WESTBOUND",SR-65,800.00,E,N,B,-,Y,,,80,,,,,,W,Y,4,0,1,1,A,-,01,23152,A,N,E,I,A,A,H,-,A,D,0,,,,,Y,Y,A,01,0,0,1,0,0,0,0,0,0,"- ","- ",38.77178955078125,-121.24568176269531,PLACER,ROSEVILLE,-121.2457275390625,38.771869659423828
91470034,2021,2021-05-11,9220,2021-05-05,1650,15060,,3,2,9,3100,0,2,4,,2,022,"DOUGLAS BLVD","CHRISTY LN.",40.00,E,N,A,-,N,,,,,,,,,,Y,4,0,1,2,A,-,03,22350,,N,C,C,A,A,H,-,A,D,0,,,,,Y,,D,22,0,0,1,0,0,0,0,0,0,"- ","- ",38.743450164794922,-121.1744384765625,PLACER,UNINCORPORATED,-121.17465209960938,38.743488311767578
91470471,2021,2021-05-27,9220,2021-05-10,1410,017027,,1,2,9,3100,0,1,3,,1,249,SR-49,"EDUCATION STREET",40.00,S,N,A,-,Y,,,49,,,,,,,Y,3,0,3,2,A,-,03,22350,,N,C,C,A,A,D,-,A,A,0,,,,,Y,,A,01,0,3,0,0,0,0,0,0,0,"- ","- ",38.944179534912109,-121.09774017333984,PLACER,UNINCORPORATED,-121.09778594970703,38.944168090820312
91470994,2021,2021-05-12,9220,2021-05-06,0855,016581,,4,1,5,3105,0,1,1,,2,281,"I-80 E/B","DOUGLAS BLVD",1320.00,W,N,A,-,Y,,,80,,,,,,E,Y,3,0,2,2,A,-,07,21658,A,N,D,C,A,A,H,-,A,D,0,,,,,Y,,A,01,0,2,0,0,0,0,0,0,0,"- ","- ",38.741539001464844,-121.27243041992188,PLACER,ROSEVILLE,-121.27235412597656,38.741481781005859
91471036,2021,2021-05-12,9220,2021-05-08,1901,017863,,6,2,9,3100,0,2,4,,2,072,"WISE RD.","DOTY CREEK",630.00,W,N,A,-,N,,,,,,,,,,Y,2,0,3,2,A,-,01,23152,A,N,D,C,A,A,H,-,A,A,0,,,,,Y,Y,D,22,1,2,0,0,0,0,0,0,0,"- ","- ",38.930381774902344,-121.21877288818359,PLACER,UNINCORPORATED,,
91474833,2021,2021-05-27,9220,2021-05-08,1750,015060,,6,2,5,3105,0,1,3,,1,265,SR-65,I-80,500.00,N,N,A,-,Y,,,65,,,,,,,Y,2,0,1,2,A,-,17,23114,A,N,E,J,A,A,H,-,A,D,0,,,Y,,Y,,D,22,1,0,0,0,0,0,0,0,1,"- ","- ",38.771671295166016,-121.25113677978516,PLACER,ROSEVILLE,-121.25113677978516,38.771675109863281
91476660,2020,2021-05-19,9220,2020-12-26,1741,017375,,6,2,9,3100,0,2,4,,1,014,"PFE ROAD","VIKING PLACE",556.00,W,N,A,-,N,,,,,,,,,,N,1,1,0,2,A,-,11,21956,A,F,G,B,E,A,H,-,D,D,0,Y,,,,Y,,N,60,0,0,0,1,0,0,0,0,0,"- ","- ",38.729198455810547,-121.32308959960938,PLACER,UNINCORPORATED,-121.32305145263672,38.729225158691406
91476837,2021,2021-05-19,9220,2021-02-14,1603,017027,,7,2,9,3100,0,2,4,,2,064,"FORESTHILL ROAD","HAPPY PINES DR",520.00,W,N,B,C,N,,,,,,,,,,Y,1,1,0,2,C,-,18,,,N,H,A,A,B,H,-,A,D,0,,,,,Y,,-,"- ",0,0,0,0,0,0,0,0,0,"- ","- ",39.001411437988281,-120.89246368408203,PLACER,UNINCORPORATED,-120.89238739013672,39.001449584960938
91477861,2021,2021-05-27,9221,2021-05-05,2325,018624,,3,3,9,3100,0,1,1,,2,385,"EASTBOUND I-80","ALTA BONNYNOOK RD",1500.00,E,N,A,-,Y,,,80,,,,,,,Y,2,0,1,2,A,-,01,23152,A,M,D,C,A,A,H,-,D,D,0,,,,Y,Y,Y,A,01,1,0,0,0,0,0,0,0,0,"- ","- ",39.203029632568359,-120.80172729492188,PLACER,UNINCORPORATED,-120.80173492431641,39.203014373779297
91477866,2021,2021-05-20,9220,2021-05-19,1640,015917,,3,2,9,3100,0,2,4,,2,022,"DOUGLAS BLVD EASTBOUND","CHRISTY LN",202.00,E,N,A,-,N,,,,,,,,,,Y,3,0,1,2,A,-,03,22350,,N,C,C,A,A,H,-,A,D,0,,,,,Y,,A,07,0,1,0,0,0,0,0,0,0,"- ","- ",38.743480682373047,-121.17395782470703,PLACER,UNINCORPORATED,-121.17407989501953,38.743473052978516
91477875,2021,2021-05-27,9221,2021-05-18,1215,017125,,2,1,9,3100,0,1,3,,1,374,SR-174,"WHITE OAK DRIVE",400.00,N,N,A,-,Y,,,174,,,,,,,Y,3,0,4,2,A,-,08,22107,,N,D,C,A,A,H,-,A,D,0,,,,,Y,,A,01,0,1,3,0,0,0,0,0,0,"- ","- ",39.125091552734375,-120.95752716064453,PLACER,UNINCORPORATED,-120.95751953125,39.125072479248047
91478899,2021,2021-05-27,9221,2021-05-19,1445,017881,,3,2,9,3100,0,3,5,,2,070,"BEN TAYLOR RD","SUNRAY LN",194.00,N,N,A,-,N,,,,,,,,,,Y,4,0,2,2,A,-,05,21651,A,N,A,C,A,A,H,-,A,D,0,,,,,Y,,A,07,0,0,2,0,0,0,0,0,0,"- ","- ",39.107719421386719,-120.96498870849609,PLACER,UNINCORPORATED,-120.96347808837891,39.108642578125
91479800,2021,2021-05-27,9221,2021-05-14,1825,017979,,5,2,9,3100,0,1,1,,2,385,"I-80 W/B","CRYSTAL SPRINGS RD. O/C",300.00,E,N,A,-,Y,,,80,,,,,,W,Y,3,0,1,1,A,-,08,22107,,N,E,I,A,A,D,-,A,A,0,,,,,Y,,A,08,0,1,0,0,0,0,0,0,0,"- ","- ",39.209911346435547,-120.78514862060547,PLACER,UNINCORPORATED,-120.78517913818359,39.2099609375
91480832,2021,2021-05-27,9221,2021-05-22,1450,021216,,6,2,9,3100,0,1,1,,2,386,"I-80 W/B","BLUE CANYON ROAD U/C",7392.00,W,N,B,C,Y,,,80,,,,,,W,Y,4,0,2,1,A,-,03,22350,,N,F,A,A,B,H,-,A,D,0,,,,Y,Y,,F,25,0,0,2,0,0,0,0,0,0,"- ","- ",39.269088745117188,-120.72148895263672,PLACER,UNINCORPORATED,-120.72150421142578,39.269126892089844
91480881,2021,2021-05-25,9220,2021-05-15,0041,017863,,6,3,9,3100,0,1,1,,2,282,"I-80 W/B","BRACE RD. OVERCROSSING",225.00,E,N,A,-,Y,,,,,,,,,,Y,3,0,1,1,A,-,01,23152,A,N,E,I,A,A,H,-,D,D,0,,,,,Y,Y,A,01,0,1,0,0,0,0,0,0,0,"- ","- ",38.810081481933594,-121.19647216796875,PLACER,UNINCORPORATED,-121.19618225097656,38.810863494873047
91480965,2021,2021-05-27,9220,2021-05-14,1655,015060,,5,2,5,3105,0,1,1,,2,281,I-80,"DOUGLAS BLVD.",1500.00,E,N,A,-,Y,,,80,,,,,,,Y,4,0,2,3,A,-,03,22350,,N,C,C,A,A,H,-,A,D,0,,,Y,,Y,Y,A,08,0,0,2,0,0,0,0,0,1,"- ","- ",38.747768402099609,-121.26850128173828,PLACER,ROSEVILLE,-121.26846313476562,38.74774169921875
91481898,2021,2021-05-27,9220,2021-05-16,0122,019148,,7,3,2,3103,0,1,3,,1,265,"SR-65 N/B TO LINCOLN BLVD.","LINCOLN BLVD.",375.00,S,N,B,C,Y,,,65,,,,R,,N,Y,2,0,1,1,A,-,01,23152,A,N,E,I,A,A,H,-,D,D,0,,,Y,,Y,Y,C,02,1,0,0,0,0,0,0,0,1,"- ","- ",38.864841461181641,-121.29991912841797,PLACER,LINCOLN,-121.29991912841797,38.864841461181641
91481969,2021,2021-05-27,9220,2021-05-18,1000,015197,,2,1,9,3100,0,3,5,,2,020,"CAVITT STALLMAN RD","BARTON RD",1720.64,E,N,A,-,N,,,,,,,,,,Y,3,0,1,2,A,-,05,21460,A,N,A,C,A,A,H,-,A,D,0,,,,Y,Y,,A,01,0,1,0,0,0,0,0,0,0,"- ","- ",38.766891479492188,-121.18563842773438,PLACER,UNINCORPORATED,-121.18588256835938,38.766891479492188
91482050,2021,2021-05-27,9220,2021-05-20,1400,017863,,4,2,9,3100,0,2,4,,2,057,"BOWMAN RD.","LUTHER RD.",0.00,,Y,A,-,N,,,,,,,,,,Y,3,0,2,2,A,-,09,21801,A,N,A,C,A,A,H,-,A,A,0,,,,,Y,,A,01,0,2,0,0,0,0,0,0,0,"- ","- ",38.927951812744141,-121.05654144287109,PLACER,UNINCORPORATED,-121.05651092529297,38.927951812744141
91482915,2021,2021-05-27,9221,2021-05-21,2010,018530,,5,2,9,3100,0,1,1,,2,387,"EB I80","CISCO ROAD",2640.00,W,N,C,-,Y,,,,,,,,,,Y,3,0,2,1,A,-,03,22350,,N,E,I,A,B,H,-,D,D,0,,,,,Y,,A,01,0,1,1,0,0,0,0,0,0,"- ","- ",39.316539764404297,-120.55799865722656,PLACER,UNINCORPORATED,-120.55002593994141,39.312984466552734
91485197,2021,2021-05-28,9220,2021-05-22,1320,015961,,6,1,9,3100,0,1,3,,2,293,SR-193,"WHITTINGTON DR",730.00,E,N,A,-,Y,,,193,,,,,,,Y,2,0,1,1,C,-,18,,,N,H,H,A,A,H,-,A,D,0,,,Y,,Y,,-,"- ",1,0,0,0,0,0,0,0,1,"- ","- ",38.886501312255859,-121.17600250244141,PLACER,UNINCORPORATED,-121.17597198486328,38.886528015136719
91486508,2021,2021-06-01,9220,2021-05-18,0430,019040,,2,3,9,3100,0,3,5,,2,010,"ATHENS AVE","FIDDYMENT RD",0.00,,Y,A,-,N,,,,,,,,,,Y,4,0,1,1,A,-,03,22350,,N,E,I,A,A,H,-,D,A,0,,,,,Y,,A,01,0,0,1,0,0,0,0,0,0,"- ","- ",38.838939666748047,-121.34928894042969,PLACER,UNINCORPORATED,-121.34939575195312,38.838886260986328
91489532,2021,2021-06-04,9220,2021-05-16,1100,015272,,7,1,9,3100,0,3,5,,2,030,"MCCOURTNEY RD","TODD RD",1176.00,N,N,A,-,N,,,,,,,,,,Y,3,0,1,1,A,-,08,22107,,N,E,I,A,A,H,-,A,D,0,,,,,Y,,D,22,0,1,0,0,0,0,0,0,0,"- ","- ",38.123458862304688,-121.12345886230469,PLACER,UNINCORPORATED,-121.27898406982422,38.908821105957031
91489580,2021,2021-06-04,9220,2021-05-30,0655,015917,,7,1,4,3104,0,1,1,,2,281,"I-80 EASTBOUND","SIERRA COLLEGE BLVD",500.00,W,N,A,-,Y,,,80,,,,,,E,Y,4,0,1,1,A,-,08,22107,,N,E,I,A,A,H,-,A,D,0,,,,,Y,,M,47,0,0,1,0,0,0,0,0,0,"- ","- ",38.796218872070312,-121.21369934082031,PLACER,ROCKLIN,-121.21354675292969,38.796035766601562
9149019,2020,2021-01-21,3105,2020-09-10,2004,1131,,4,5,5,3105,0,0,0,,0,003,"RIVERSIDE AV","CIRBY WY",330.00,N,N,A,-,N,,,,,,,,,,Y,3,0,1,2,A,-,08,22107,,N,B,C,A,A,H,-,C,D,0,,,Y,,Y,,A,01,0,1,0,0,0,0,0,0,1,"- ","- ",38.729339599609375,-121.29048156738281,PLACER,ROSEVILLE,-121.29048156738281,38.730255126953125
9149020,2020,2021-01-21,3105,2020-09-08,2125,1124,,2,5,5,3105,0,0,0,,0,002,"E DOUGLAS BL","EUREKA RD",215.00,E,N,A,-,N,,,,,,,,,,N,4,0,1,1,A,-,03,22350,,N,E,I,A,A,H,-,C,A,0,,,,,Y,,A,01,0,0,1,0,0,0,0,0,0,"- ","- ",38.744350433349609,-121.24710083007812,PLACER,ROSEVILLE,-121.24634552001953,38.744384765625
9149038,2020,2020-10-28,3105,2020-08-25,1450,1153,,2,5,5,3105,0,0,0,,0,004,"PLEASANT GROVE BL","ROSEVILLE PKWY",41.00,W,N,A,-,N,,,,,,,,,,Y,4,0,1,2,A,-,03,22350,,N,C,C,A,A,H,-,A,A,0,,,,,Y,,A,01,0,0,1,0,0,0,0,0,0,"- ","- ",38.77825927734375,-121.28826141357422,PLACER,ROSEVILLE,-121.28837585449219,38.778152465820312
91490699,2021,2021-07-13,9220,2021-05-24,1850,017863,,1,2,9,3100,0,2,4,,2,064,"FORESTHILL RD.","ANDERSON RD",2640.00,N,N,A,-,N,,,,,,,,,,Y,2,0,1,1,A,-,01,23152,A,N,F,A,A,A,H,-,A,D,0,,,Y,,Y,Y,C,02,1,0,0,0,0,0,0,0,1,"- ","- ",39.060321807861328,-120.75647735595703,PLACER,UNINCORPORATED,-120.75624847412109,39.060741424560547
91490841,2021,2021-06-07,9220,2021-05-23,1120,015272,,7,1,5,3105,0,1,3,,1,265,"SR-65 S/B","PLEASANT GROVE BLVD",155.00,S,N,A,-,Y,,,,,,,,,,Y,4,0,1,3,A,-,03,22350,,N,C,C,A,A,H,-,A,D,0,,,,,Y,,A,07,0,0,1,0,0,0,0,0,0,"- ","- ",38.123458862304688,-121.12345886230469,PLACER,ROSEVILLE,-121.28367614746094,38.786201477050781
91492963,2021,2021-06-09,9220,2021-05-28,2310,019148,,5,3,4,3104,0,1,1,,2,281,"I-80 W/B","ROCKLIN RD.",910.00,W,N,A,-,Y,,,80,,,,,,W,Y,2,0,2,2,A,-,01,23152,A,N,C,C,A,A,H,-,C,D,0,,,Y,,Y,Y,C,02,1,0,1,0,0,0,0,0,1,"- ","- ",38.786548614501953,-121.22506713867188,PLACER,ROCKLIN,-121.22509002685547,38.786571502685547
91494010,2021,2021-06-10,9220,2021-06-03,2054,018076,,4,2,9,3100,0,1,1,,2,283,"I-80 WB","DRY CREEK RD",300.00,W,N,A,-,Y,,,80,,,,,,W,Y,4,0,1,2,A,-,07,21658,A,N,B,C,A,A,H,-,D,D,0,,,,Y,Y,,-,"- ",0,0,1,0,0,0,0,0,0,"- ","- ",38.954769134521484,-121.037353515625,PLACER,UNINCORPORATED,-121.03737640380859,38.954799652099609
91494921,2021,2021-06-11,9220,2021-06-08,1600,018076,,2,2,9,3100,0,1,3,,1,265,"SR-65 NB TO STANFORD RANCH RD.","STANFORD RANCH RD",50.00,S,N,A,-,Y,,,,,,,,,,Y,4,0,2,2,A,-,08,22107,,N,E,I,A,A,H,-,A,D,0,,,,,Y,,A,01,0,0,2,0,0,0,0,0,0,"- ","- ",38.778388977050781,-121.26545715332031,PLACER,UNINCORPORATED,-121.26561737060547,38.777458190917969
91495295,2021,2021-06-11,9221,2021-05-02,0440,019020,,7,3,9,3100,0,1,1,,2,386,"I-80 W/B","LAKE VALLEY ROAD",7700.00,W,N,A,-,Y,,,,,,,,,,Y,3,0,3,2,A,-,07,21658,A,N,B,C,A,A,H,-,D,D,0,,,,Y,Y,,A,01,0,3,0,0,0,0,0,0,0,"- ","- ",39.183670043945312,-120.38227081298828,PLACER,UNINCORPORATED,,
91496341,2021,2021-06-14,9220,2021-06-04,1630,015060,,5,2,5,3105,0,1,1,,2,281,I-80,"DOUGLAS BLVD.",2112.00,E,N,A,-,Y,,,,,,,,,,Y,3,0,2,2,A,-,01,23152,F,N,C,C,A,A,H,-,A,D,0,,,,,Y,,A,01,0,2,0,0,0,0,0,0,0,"- ","- ",38.479221343994141,-121.26750183105469,PLACER,ROSEVILLE,-121.26752471923828,38.749217987060547
91497547,2021,2021-06-15,9220,2021-05-29,2053,013997,,6,2,9,3100,0,1,3,,1,249,"SR-49 (GRASS VALLEY HIGHWAY)","BELL ROAD",0.00,,Y,A,-,Y,,,49,,,,,,,Y,3,0,3,2,A,-,09,21453,C,N,A,C,A,A,H,-,C,A,0,,,,,Y,,A,01,0,3,0,0,0,0,0,0,0,"- ","- ",38.941940307617188,-121.09678649902344,PLACER,UNINCORPORATED,-121.09705352783203,38.941864013671875
91498183,2021,2021-06-16,9222,2021-06-14,0913,019233,,1,1,9,3100,0,1,3,,1,016,SR-267,"N. NATIONAL AVE.",500.00,S,N,A,-,Y,,,267,,,,,,,Y,4,0,1,1,C,-,18,,,N,F,A,A,A,H,-,A,D,0,,,,,Y,,-,"- ",0,0,1,0,0,0,0,0,0,"- ","- ",39.254261016845703,-120.04192352294922,PLACER,UNINCORPORATED,-120.04190826416016,39.254280090332031
91498257,2021,2021-07-12,9220,2021-04-23,2045,15060,,5,2,5,3105,0,1,1,,2,281,"I-80 E/B","TAYLOR RD.",35.00,W,N,A,-,Y,,,80,,,,,,E,Y,1,1,0,2,A,-,01,23152,A,N,D,C,A,A,H,-,C,D,0,,,,Y,Y,Y,A,01,0,0,0,0,0,0,0,0,0,"- ","- ",38.765411376953125,-121.25560760498047,PLACER,ROSEVILLE,-121.25565338134766,38.765476226806641
91500533,2021,2021-06-18,9220,2021-06-11,2135,016657,,5,2,9,3100,0,1,1,,2,281,"I-80 W/B TO EUREKA ROAD","ATLANTIC ST",423.00,E,N,A,-,Y,,,,,,,,,,Y,4,0,1,1,A,-,08,22107,,N,F,A,A,A,H,-,D,D,0,,,,,Y,,A,07,0,0,1,0,0,0,0,0,0,"- ","- ",38.756839752197266,-121.26383209228516,PLACER,UNINCORPORATED,,
91501282,2021,2021-06-21,9220,2021-06-11,1845,015060,,5,2,9,3100,0,1,1,,2,282,"I-80 E/B","OPHIR RD.",1584.00,W,N,A,-,Y,,,80,,,,,,E,Y,4,0,1,1,C,-,18,,,N,E,I,A,A,H,-,A,D,0,,,,,Y,,-,"- ",0,0,1,0,0,0,0,0,0,"- ","- ",38.890159606933594,-121.08821868896484,PLACER,UNINCORPORATED,-121.08824157714844,38.890193939208984