CASE_ID,ACCIDENT_YEAR,PROC_DATE,JURIS,COLLISION_DATE,COLLISION_TIME,OFFICER_ID,REPORTING_DISTRICT,DAY_OF_WEEK,CHP_SHIFT,POPULATION,CNTY_CITY_LOC,SPECIAL_COND,BEAT_TYPE,CHP_BEAT_TYPE,CITY_DIVISION_LAPD,CHP_BEAT_CLASS,BEAT_NUMBER,PRIMARY_RD,SECONDARY_RD,DISTANCE,DIRECTION,INTERSECTION,WEATHER_1,WEATHER_2,STATE_HWY_IND,CALTRANS_COUNTY,CALTRANS_DISTRICT,STATE_ROUTE,ROUTE_SUFFIX,POSTMILE_PREFIX,POSTMILE,LOCATION_TYPE,RAMP_INTERSECTION,SIDE_OF_HWY,TOW_AWAY,COLLISION_SEVERITY,NUMBER_KILLED,NUMBER_INJURED,PARTY_COUNT,PRIMARY_COLL_FACTOR,PCF_CODE_OF_VIOL,PCF_VIOL_CATEGORY,PCF_VIOLATION,PCF_VIOL_SUBSECTION,HIT_AND_RUN,TYPE_OF_COLLISION,MVIW,PED_ACTION,ROAD_SURFACE,ROAD_COND_1,ROAD_COND_2,LIGHTING,CONTROL_DEVICE,CHP_ROAD_TYPE,PEDESTRIAN_ACCIDENT,BICYCLE_ACCIDENT,MOTORCYCLE_ACCIDENT,TRUCK_ACCIDENT,NOT_PRIVATE_PROPERTY,ALCOHOL_INVOLVED,STWD_VEHTYPE_AT_FAULT,CHP_VEHTYPE_AT_FAULT,COUNT_SEVERE_INJ,COUNT_VISIBLE_INJ,COUNT_COMPLAINT_PAIN,COUNT_PED_KILLED,COUNT_PED_INJURED,COUNT_BICYCLIST_KILLED,COUNT_BICYCLIST_INJURED,COUNT_MC_KILLED,COUNT_MC_INJURED,PRIMARY_RAMP,SECONDARY_RAMP,LATITUDE,LONGITUDE,COUNTY,CITY,POINT_X,POINT_Y
91634203,2021,2021-11-24,9220,2021-11-12,1710,016682,,5,2,5,3105,0,1,1,,2,281,"I-80 E/B",SR-65,553.00,W,N,A,-,Y,,,80,,,,,,E,Y,3,0,3,5,A,-,03,22350,,N,C,C,A,A,H,-,B,D,0,,,,,Y,,A,01,0,1,2,0,0,0,0,0,0,"- ","- ",38.768890380859375,-121.24993896484375,PLACER,ROSEVILLE,-121.25000762939453,38.768993377685547
91634240,2021,2021-11-24,9220,2021-11-12,1715,019621,,5,2,5,3105,0,1,3,,1,265,"SR-65 S/B","GALLERIA BLVD",1584.00,S,N,E,-,Y,,,65,,,,,,S,N,4,0,1,2,A,-,03,22350,,N,C,C,A,A,H,-,B,A,0,,,,,Y,,A,07,0,0,1,0,0,0,0,0,0,"- ","- ",38.774429321289062,-121.26004028320312,PLACER,ROSEVILLE,-121.26003265380859,38.774456024169922
91634342,2021,2021-11-24,9220,2021-11-14,1800,017762,,7,2,9,3100,0,3,5,,2,010,"ATHENS AVE.","CASINO HOTEL DRIVEWAY",100.00,E,N,B,-,N,,,,,,,,,,N,4,0,2,2,A,-,03,22350,,N,C,C,A,A,H,-,C,A,0,,,,,Y,,A,01,0,0,2,0,0,0,0,0,0,"- ","- ",38.839111328125,-121.31349945068359,PLACER,UNINCORPORATED,-121.31359100341797,38.839027404785156
91634413,2021,2021-11-24,9220,2021-11-17,1700,017762,,3,2,5,3105,0,1,1,,2,281,"I-80 W/B","EUREKA RD.",600.00,E,N,A,-,Y,,,80,,,,,,W,Y,4,0,2,2,A,-,03,22350,,N,C,C,A,A,H,-,B,D,0,,,,,Y,,A,07,0,0,2,0,0,0,0,0,0,"- ","- ",38.761180877685547,-121.25975799560547,PLACER,ROSEVILLE,-121.259765625,38.761180877685547
91634770,2021,2021-11-24,9220,2021-11-20,1415,019621,,6,2,9,3100,0,2,4,,2,027,"AUBURN FOLSOM ROAD N/B","FULLER DR",300.00,N,N,A,-,N,,,,,,,,,,N,4,0,1,2,A,-,09,21801,A,N,D,C,A,A,H,-,A,A,0,,,,,Y,,A,01,0,0,1,0,0,0,0,0,0,"- ","- ",38.740730285644531,-121.17053985595703,PLACER,UNINCORPORATED,-121.17062377929688,38.740653991699219
91637115,2021,2021-11-29,9220,2021-11-20,2250,019148,,6,3,4,3104,0,1,1,,2,281,"I-80 W/B","ROCKLIN RD.",1584.00,E,N,A,-,Y,,,80,,,,,,W,Y,4,0,1,2,A,-,08,22107,,N,B,C,A,A,H,-,C,D,0,,,,,Y,,A,01,0,0,1,0,0,0,0,0,0,"- ","- ",38.791641235351562,-121.21906280517578,PLACER,ROCKLIN,-121.21906280517578,38.791641235351562
91638252,2021,2021-11-30,9220,2021-11-19,2120,015961,,5,2,9,3100,0,2,4,,2,027,"AUBRUN FOLSOM RD","CAVITT STALLMAN RD",0.00,,Y,A,-,N,,,,,,,,,,Y,2,0,1,1,A,-,01,23152,A,N,E,I,A,A,H,-,C,D,0,,,Y,,Y,Y,C,02,1,0,0,0,0,0,0,0,1,"- ","- ",38.766368865966797,-121.16297149658203,PLACER,UNINCORPORATED,-121.16273498535156,38.766429901123047
91638255,2021,2021-11-30,9220,2021-11-19,2040,019454,,5,2,9,3100,0,2,4,,2,051,"PLACER HILLS ROAD","WALGRA MEADOWS ROAD",1584.00,E,N,E,-,N,,,,,,,,,,N,4,0,1,1,C,-,18,,,N,H,J,A,A,H,-,D,D,0,,,,,Y,,-,"- ",0,0,1,0,0,0,0,0,0,"- ","- ",39.007389068603516,-121.01157379150391,PLACER,UNINCORPORATED,-121.01151275634766,39.007633209228516
91639959,2021,2021-12-01,9220,2021-11-28,1505,017375,,7,2,9,3100,0,1,1,,2,282,"I-80 W/B",SR-193,3168.00,E,N,A,-,Y,,,80,,,,,,W,Y,4,0,1,2,A,-,03,22350,,N,B,C,A,A,H,-,A,D,0,,,,,Y,,A,01,0,0,1,0,0,0,0,0,0,"- ","- ",38.879459381103516,-121.11496734619141,PLACER,UNINCORPORATED,-121.11496734619141,38.879451751708984
91642082,2021,2021-12-03,9222,2021-11-24,2500,016852,,3,4,9,3100,0,3,5,,2,020,"DONNER PASS ROAD (58400 BLOCK)","NEVADA COUNTY LINE",1625.00,W,N,A,-,N,,,,,,,,,,Y,3,0,1,1,A,-,08,22107,,N,F,A,A,A,H,-,D,D,0,,,,,Y,Y,A,01,0,1,0,0,0,0,0,0,0,"- ","- ",39.313701629638672,-120.33844757080078,PLACER,UNINCORPORATED,,
91643472,2021,2021-12-09,9220,2021-10-23,2210,016467,,6,3,9,3100,0,2,4,,2,042,"10279 MT. VERNON ROAD","ATWOOD ROAD",2270.00,E,N,B,C,N,,,,,,,,,,Y,3,0,1,1,A,-,03,22350,,M,E,I,A,B,H,-,D,A,0,,,,,Y,,A,01,0,1,0,0,0,0,0,0,0,"- ","- ",38.927268981933594,-121.11961364746094,PLACER,UNINCORPORATED,-121.11981201171875,38.927253723144531
91643654,2021,2021-12-06,9220,2021-11-25,0012,019040,,4,3,9,3100,0,1,3,,1,249,"SR-49 N/B","DRY CREEK RD",300.00,S,N,A,-,Y,,,49,,,,,,N,N,2,0,1,2,A,-,11,21954,A,N,G,B,D,A,H,-,C,D,0,Y,,,,Y,,N,60,1,0,0,0,1,0,0,0,0,"- ","- ",38.955768585205078,-121.10098266601562,PLACER,UNINCORPORATED,-121.10113525390625,38.955738067626953
91643700,2021,2021-12-06,9220,2021-11-27,0020,019454,,6,3,9,3100,0,2,4,,2,015,"INDUSTRIAL AVENUE","PLACER CORPERATE DRIVE",430.00,N,N,A,-,N,,,,,,,,,,N,3,0,1,2,A,-,03,22350,,N,B,G,A,A,H,-,D,D,0,,Y,,,Y,,D,22,0,1,0,0,0,0,1,0,0,"- ","- ",38.820621490478516,-121.30721282958984,PLACER,UNINCORPORATED,-121.3072509765625,38.816989898681641
91643792,2021,2022-01-24,9220,2021-11-29,1230,015869,,1,1,9,3100,0,3,5,,2,040,"RICHARDSON DRIVE","B AVENUE",366.00,N,N,A,-,N,,,,,,,,,,Y,3,0,1,3,A,-,08,22107,,N,A,E,A,A,H,-,A,D,0,,,,,Y,,A,01,0,1,0,0,0,0,0,0,0,"- ","- ",38.938869476318359,-121.07820892333984,PLACER,UNINCORPORATED,-121.10787200927734,38.939090728759766
91643802,2021,2021-12-06,9220,2021-11-29,1410,017027,,1,2,9,3100,0,3,5,,2,050,"PLACER HILLS ROAD","DRIVEWAY TO 16505 PLACER HILLS ROAD",0.00,,Y,A,-,N,,,,,,,,,,Y,3,0,2,2,A,-,09,21804,A,N,D,C,A,A,H,-,A,A,0,,,,,Y,,D,22,0,2,0,0,0,0,0,0,0,"- ","- ",38.991958618164062,-121.02427673339844,PLACER,UNINCORPORATED,,
91644275,2021,2021-12-06,9220,2021-12-04,1035,015961,,6,1,9,3100,0,1,3,,1,249,SR-49,"EDUCATION ST.",120.00,N,N,A,-,Y,,,49,,,,,,,N,4,0,1,2,A,-,03,22350,,N,C,C,A,A,H,-,A,A,0,,,,,Y,,D,22,0,0,1,0,0,0,0,0,0,"- ","- ",38.944889068603516,-121.09810638427734,PLACER,UNINCORPORATED,-121.0980224609375,38.944919586181641
91645596,2021,2021-12-07,9220,2021-12-03,2130,020072,,5,2,9,3100,0,2,4,,2,075,"TAYLOR RD","BUENA VISTA AVE",260.00,W,N,E,-,N,,,,,,,,,,Y,3,0,2,2,A,-,05,21460,A,N,A,C,A,A,H,-,D,D,0,,,,,Y,Y,A,07,0,2,0,0,0,0,0,0,0,"- ","- ",38.875450134277344,-121.13633728027344,PLACER,UNINCORPORATED,-121.13578796386719,38.875679016113281
91649117,2021,2021-12-10,9221,2021-12-01,0400,017881,,3,3,9,3100,0,1,1,,2,386,"I-80 E/B","WHITMORE CALTRANS YARD",4224.00,E,N,A,-,Y,,,80,,,,,,E,Y,3,0,2,1,A,-,08,22107,,N,E,I,A,A,H,-,D,D,0,,,,,Y,,A,07,0,2,0,0,0,0,0,0,0,"- ","- ",39.267879486083984,-120.72396850585938,PLACER,UNINCORPORATED,-120.72393798828125,39.267780303955078
91652136,2021,2021-12-14,9220,2021-12-03,1948,015961,,5,2,9,3100,0,1,3,,1,249,SR-49,"DRY CREEK RD",266.00,S,N,A,-,Y,,,49,,,,,,,Y,4,0,1,3,A,-,03,22350,,N,C,C,A,A,H,-,C,A,0,,,,,Y,,A,07,0,0,1,0,0,0,0,0,0,"- ","- ",38.955780029296875,-121.10108947753906,PLACER,UNINCORPORATED,-121.10114288330078,38.955768585205078
91653121,2021,2021-12-15,9220,2021-12-04,1452,019621,,6,2,9,3100,0,2,4,,2,027,"AUBURN FOLSOM ROAD","ROBIN HOOD WAY",180.00,N,N,A,-,N,,,,,,,,,,N,3,0,1,2,A,-,12,21453,A,N,G,G,A,A,H,-,A,A,0,,Y,,,Y,,A,01,0,1,0,0,0,0,1,0,0,"- ","- ",38.747928619384766,-121.17063903808594,PLACER,UNINCORPORATED,-121.17057800292969,38.747913360595703
91653995,2021,2021-12-16,9220,2021-12-05,1920,019621,,7,2,9,3100,0,2,4,,1,013,"WALERGA ROAD","PFE ROAD",400.00,S,N,A,-,N,,,,,,,,,,Y,3,0,2,2,A,-,01,23152,A,N,A,C,A,A,H,-,D,A,0,,,,,Y,Y,A,01,0,2,0,0,0,0,0,0,0,"- ","- ",38.727630615234375,-121.36463928222656,PLACER,UNINCORPORATED,-121.3646240234375,38.727710723876953
91654289,2021,2021-12-16,9220,2021-12-10,1245,015197,,5,1,9,3100,0,1,1,,2,282,"I-80 EB","KING RD",600.00,W,N,A,-,Y,,,80,,,,,,E,Y,4,0,1,2,A,-,08,22107,,N,B,C,A,A,H,-,A,D,0,,,,,Y,,D,22,0,0,1,0,0,0,0,0,0,"- ","- ",38.824268341064453,-121.17986297607422,PLACER,UNINCORPORATED,-121.17990112304688,38.824321746826172
91654427,2021,2021-12-16,9220,2021-12-08,0045,019148,,3,3,9,3100,0,2,4,,1,011,"WATT AVE.","DYER LN.",1056.00,S,N,E,-,N,,,,,,,,,,Y,2,0,1,1,A,-,08,22107,,N,E,I,A,A,H,-,D,D,0,,,,,Y,,A,01,1,0,0,0,0,0,0,0,0,"- ","- ",38.733478546142578,-121.39241027832031,PLACER,UNINCORPORATED,-121.39252471923828,38.733219146728516
9165518,2020,2020-10-16,3105,2020-09-29,1627,1145,,2,5,5,3105,0,0,0,,0,002,"CIRBY WY","SUNRISE AV",326.00,E,N,A,-,N,,,,,,,,,,Y,4,0,2,2,A,-,08,22100,A,N,D,C,A,A,H,-,A,D,0,,,,,Y,,A,01,0,0,2,0,0,0,0,0,0,"- ","- ",,,PLACER,ROSEVILLE,-121.27095031738281,38.729511260986328
9165745,2020,2020-12-04,3101,2020-09-29,1627,14,2,2,5,3,3101,0,0,0,,0,002,"RT 49",49TH,0.00,,N,A,-,Y,PLA,3,49,-,-,2.080,H,-,S,Y,4,0,1,1,A,-,01,23152,A,N,E,I,A,A,H,-,A,D,0,,,Y,,Y,Y,C,02,0,0,1,0,0,0,0,0,1,"- ","- ",38.541099548339844,-121.34400177001953,PLACER,AUBURN,-121.04048156738281,38.915451049804688
91657583,2021,2021-12-21,9222,2021-12-08,1605,017515,,3,2,9,3100,0,1,3,,1,016,"STATE ROUTE 267","TRUCKEE AIRPORT ROAD",3168.00,S,N,B,-,Y,,,267,,,,,,,Y,4,0,2,3,A,-,05,21460,A,N,B,C,A,A,H,-,A,D,0,,,,,Y,,D,22,0,0,2,0,0,0,0,0,0,"- ","- ",39.309368133544922,-120.13826751708984,PLACER,UNINCORPORATED,-120.13819885253906,39.309436798095703
91658837,2021,2021-12-22,9220,2021-12-06,1805,017863,,1,2,5,3105,0,1,1,,2,281,"I-80 E/B","DOUGLAS BLVD OVERCROSSING",1584.00,E,N,B,C,Y,,,80,,,,,,E,N,3,0,1,2,A,-,03,22350,,N,C,C,A,B,H,-,C,D,0,,,,,Y,,A,07,0,1,0,0,0,0,0,0,0,"- ","- ",38.747940063476562,-121.26801300048828,PLACER,ROSEVILLE,-121.26806640625,38.747978210449219
91658874,2021,2021-12-22,9220,2021-12-08,1810,017397,,3,2,9,3100,0,2,4,,2,053,"LINCOLN WAY","FORESTHILL RD",0.00,,Y,E,-,N,,,,,,,,,,Y,3,0,2,2,A,-,09,21453,C,N,D,C,A,B,H,-,C,A,0,,,,,Y,,A,07,0,2,0,0,0,0,0,0,0,"- ","- ",38.923248291015625,-121.05605316162109,PLACER,UNINCORPORATED,-121.05596923828125,38.923236846923828
91659139,2021,2021-12-22,9220,2021-12-12,1335,017375,,7,1,9,3100,0,3,5,,2,050,"CHRISTIAN VALLEY RD","GREGG WAY",131.00,E,N,C,-,N,,,,,,,,,,Y,4,0,1,2,A,-,08,22107,,N,B,C,A,B,H,-,A,D,0,,,,,Y,,A,01,0,0,1,0,0,0,0,0,0,"- ","- ",38.973239898681641,-121.05696105957031,PLACER,UNINCORPORATED,-121.05680847167969,38.973159790039062
91659169,2021,2021-12-22,9220,2021-12-13,0430,016657,,1,3,9,3100,0,2,4,,2,064,"FORESTHILL RD","DRIVERS FLAT ROAD",2787.00,E,N,B,C,N,,,,,,,,,,Y,2,0,2,1,A,-,08,22107,,N,F,A,A,B,H,-,D,D,0,,,,,Y,,D,22,1,0,1,0,0,0,0,0,0,"- ","- ",38.971538543701172,-120.94806671142578,PLACER,UNINCORPORATED,-120.95679473876953,38.965087890625
9166117,2020,2020-12-07,3105,2020-09-15,1930,1134,,2,5,5,3105,0,0,0,,0,003,"CIRBY WY","RIVERSIDE AV",0.00,,Y,A,-,N,,,,,,,,,,Y,3,0,2,3,A,-,12,21453,A,N,D,C,A,A,B,H,C,A,0,,,,,Y,,A,01,0,1,1,0,0,0,0,0,0,"- ","- ",38.729339599609375,-121.29048156738281,PLACER,ROSEVILLE,-121.29045867919922,38.729351043701172
9166118,2020,2020-12-04,3105,2020-09-16,2500,343,,3,5,5,3105,0,0,0,,0,007,"FIDDYMENT RD","WEST HILLS DR",25.00,S,N,A,-,N,,,,,,,,,,N,4,0,1,2,A,-,03,22350,,F,C,C,A,A,H,-,C,A,0,,,,,Y,,-,99,0,0,1,0,0,0,0,0,0,"- ","- ",38.761508941650391,-121.35849761962891,PLACER,ROSEVILLE,-121.35851287841797,38.761421203613281
9166119,2020,2020-12-07,3105,2020-09-17,2131,1147,,4,5,5,3105,0,0,0,,0,003,"CIRBY OAKS WY","SAN SIMEON DR",0.00,,Y,A,-,N,,,,,,,,,,Y,2,0,1,2,A,-,09,21453,C,N,A,C,A,A,H,-,C,A,0,,,Y,,Y,,A,07,1,0,0,0,0,0,0,0,1,"- ","- ",38.729461669921875,-121.27906036376953,PLACER,ROSEVILLE,-121.27905,38.729480000000002
9166121,2020,2020-12-01,3105,2020-09-30,1530,1125,,3,5,5,3105,0,0,0,,0,002,"PIEDMONT WY","CRESTMONT AV",0.00,,Y,A,-,N,,,,,,,,,,Y,4,0,2,2,A,-,09,21801,A,N,D,C,A,A,F,H,A,B,0,,,,,Y,,A,01,0,0,2,0,0,0,0,0,0,"- ","- ",38.727481842041016,-121.25640869140625,PLACER,ROSEVILLE,-121.25639343261719,38.727481842041016
9166122,2020,2020-12-01,3105,2020-09-02,1340,1154,,3,5,5,3105,0,0,0,,0,002,"DOUGLAS BL","N SUNRISE BL",330.00,W,N,A,-,N,,,,,,,,,,N,4,0,1,2,A,-,03,22350,,N,C,C,A,A,H,-,A,A,0,,,,,Y,,A,01,0,0,1,0,0,0,0,0,0,"- ","- ",38.744129180908203,-121.26622772216797,PLACER,ROSEVILLE,-121.26735687255859,38.744098663330078
91662197,2021,2021-12-27,9220,2021-12-16,2009,013465,,4,2,5,3105,0,1,3,,1,265,"SR-65 N/B","PLEASANT GROVE BLVD",418.00,N,N,A,-,Y,,,65,,,,,,N,Y,4,0,1,1,A,-,08,22107,,N,E,I,A,A,H,-,C,D,0,,,,,Y,,A,01,0,0,1,0,0,0,0,0,0,"- ","- ",38.787418365478516,-121.28536987304688,PLACER,ROSEVILLE,-121.28542327880859,38.787319183349609
91662221,2021,2021-12-27,9220,2021-11-25,1119,015961,,4,1,5,3105,0,1,1,,2,281,"I-80 (E/B)","RIVERSIDE AVE O/C",94.00,E,N,A,-,Y,,,80,,,,,,,Y,1,1,0,1,A,-,08,22107,,N,E,I,A,A,H,-,A,D,0,,,Y,,Y,,C,02,0,0,0,0,0,0,0,1,0,"- ","- ",38.724708557128906,-121.28996276855469,PLACER,ROSEVILLE,-121.29009246826172,38.724853515625
91665433,2021,2021-12-29,9220,2021-12-14,1205,015917,,2,1,9,3100,0,2,4,,2,021,"SIERRA COLLEGE BLVD","DOUGLAS BLVD",300.00,S,N,B,-,N,,,,,,,,,,Y,3,0,2,2,A,-,09,21804,A,N,D,C,A,B,H,-,A,D,0,,,,,Y,,A,01,0,1,1,0,0,0,0,0,0,"- ","- ",38.743198394775391,-121.22627258300781,PLACER,UNINCORPORATED,-121.22606658935547,38.743129730224609
91665593,2021,2021-12-29,9220,2021-12-17,1750,019621,,5,2,5,3105,0,1,3,,1,265,"SR-65 S/B",I-80,528.00,N,N,A,-,Y,,,65,,,,,,S,Y,4,0,1,2,A,-,03,22350,,N,C,C,A,A,H,-,D,A,0,,,,,Y,,A,01,0,0,1,0,0,0,0,0,0,"- ","- ",38.771228790283203,-121.25103759765625,PLACER,ROSEVILLE,-121.25102996826172,38.771247863769531
91666762,2021,2021-12-30,9221,2021-12-18,0910,018213,,6,1,9,3100,0,1,1,,2,384,"I80 E/B","CAPE HORN RD",1320.00,W,N,A,-,Y,,,,,,,,,,Y,4,0,1,2,A,-,01,23152,F,N,C,C,A,B,H,-,A,D,0,,,,Y,Y,,A,01,0,0,1,0,0,0,0,0,0,"- ","- ",39.138839721679688,-120.92431640625,PLACER,UNINCORPORATED,-120.93036651611328,39.135700225830078
91668159,2021,2022-01-03,9220,2021-12-17,0755,016685,,5,1,9,3100,0,3,5,,2,050,"DRY CREEK ROAD","BLACK OAK ROAD",340.00,E,N,A,-,N,,,,,,,,,,N,2,0,1,1,A,-,03,22350,,N,E,I,A,C,H,-,A,D,0,,,,,Y,,D,22,1,0,0,0,0,0,0,0,0,"- ","- ",38.960041046142578,-121.06729888916016,PLACER,UNINCORPORATED,-121.06735229492188,38.960002899169922
91668162,2021,2022-01-03,9220,2021-12-21,1355,017375,,2,1,9,3100,0,1,3,,1,249,"SR-49(GRASS VALLEY HIGHWAY)","QUARTZ DR",626.00,S,N,B,-,Y,,,49,,,,,,,N,4,0,1,2,A,-,03,22350,,N,C,C,A,A,H,-,A,D,0,,,,,Y,,D,22,0,0,1,0,0,0,0,0,0,"- ","- ",38.946098327636719,-121.09847259521484,PLACER,UNINCORPORATED,-121.09839630126953,38.946125030517578
91669054,2021,2022-01-04,9220,2021-12-28,1420,017027,,2,2,9,3100,0,3,5,,2,040,"STONE HOUSE ROAD","OPHIR ROAD",2900.00,N,N,B,-,N,,,,,,,,,,Y,3,0,1,1,A,-,01,23152,A,N,E,I,A,B,H,-,A,D,0,,,,,Y,Y,A,01,0,1,0,0,0,0,0,0,0,"- ","- ",38.897621154785156,-121.09281158447266,PLACER,UNINCORPORATED,-121.09276580810547,38.897602081298828
91670114,2021,2022-01-04,9220,2021-12-23,1745,017397,,4,2,9,3100,0,1,3,,1,249,"SR-49 (EL DORADO ST.)","OLD FORESTHILL RD.",1900.00,W,N,C,-,Y,,,49,,,,,,,Y,4,0,1,2,A,-,05,21460,A,N,B,C,A,B,H,-,D,D,0,,,,,Y,,A,01,0,0,1,0,0,0,0,0,0,"- ","- ",38.912078857421875,-121.04308319091797,PLACER,UNINCORPORATED,-121.0430908203125,38.912090301513672
91671112,2021,2022-01-05,9220,2021-12-30,1908,017027,,4,2,9,3100,0,1,3,,1,249,SR-49,"WILLOW CREEK DR",0.00,,Y,B,-,Y,,,49,,,,,,,Y,3,0,1,2,A,-,12,21453,A,N,D,C,A,A,H,-,C,A,0,,,,,Y,,D,22,0,1,0,0,0,0,0,0,0,"- ","- ",38.938430786132812,-121.09590148925781,PLACER,UNINCORPORATED,-121.09589385986328,38.938430786132812
91675899,2022,2022-01-11,9221,2022-01-01,1610,017881,,6,2,9,3100,0,1,1,,2,386,"I-80 E/B","LAKE VALLEY RD",1000.00,W,N,A,-,Y,PLA,,80,,R,58.638,H,,R,Y,3,0,1,1,A,-,03,22350,,N,E,I,A,C,H,-,A,D,0,,,,,Y,,D,22,0,1,0,0,0,0,0,0,0,"- ","- ",39.315090179443359,-120.618896484375,PLACER,UNINCORPORATED,-120.618896484375,39.315086364746094
91677298,2022,2022-01-13,9222,2022-01-05,1445,015913,,3,2,9,3100,0,1,3,,1,014,SR-28,"LAKE FOREST RD.",0.00,,Y,A,-,Y,,,,,,,,,,Y,2,0,2,2,A,-,09,21802,B,N,D,C,A,A,H,-,A,A,0,,,,,Y,,A,01,1,0,1,0,0,0,0,0,0,"- ","- ",39.184780120849609,-120.12149047851562,PLACER,UNINCORPORATED,-120.12181854248047,39.185009002685547
91678281,2022,2022-01-14,9220,2022-01-06,1815,017863,,4,2,9,3100,0,1,1,,2,283,"I-80 W/B","PLACER HILLS RD. OVERCROSSING",2112.00,W,N,E,-,Y,PLA,,80,,R,22.965,H,,L,Y,3,0,1,1,A,-,08,22107,,N,E,I,A,A,H,-,D,D,0,,,,,Y,,A,07,0,1,0,0,0,0,0,0,0,"- ","- ",38.964309692382812,-121.02265930175781,PLACER,UNINCORPORATED,-121.02256774902344,38.964237213134766
91679300,2022,2022-01-17,9220,2022-01-11,1505,017375,,2,2,9,3100,0,1,3,,1,249,"SR-49 (GOLDEN CHAIN HIGHWAY)",SR-193,0.00,,Y,A,-,Y,PLA,,49,,,0.047,H,,R,N,4,0,1,2,A,-,09,21802,A,N,D,C,A,A,H,-,A,A,0,,,,,Y,,A,01,0,0,1,0,0,0,0,0,0,"- ","- ",38.915901184082031,-121.04103851318359,PLACER,UNINCORPORATED,-121.04105377197266,38.915870666503906
91680792,2021,2022-01-19,9220,2021-11-25,1538,016682,,4,2,5,3105,0,1,1,,2,281,"I-80 W/B","SR-65 N/B",522.00,E,N,A,-,Y,,,80,,,,,,W,Y,3,0,1,1,A,-,01,23152,A,N,E,I,A,A,H,-,A,D,0,,,,,Y,Y,A,01,0,1,0,0,0,0,0,0,0,"- ","- ",38.770061492919922,-121.24961090087891,PLACER,ROSEVILLE,-121.24933624267578,38.769622802734375
91684013,2022,2022-01-24,9220,2022-01-11,1518,016682,,2,2,5,3105,0,1,1,,2,281,"I-80 W/B FROM DOUGLAS BLVD","DOUGLAS BLVD",269.00,E,N,A,-,Y,,,,,,,,,,N,4,0,1,2,A,-,03,22350,,N,C,C,A,A,H,-,A,A,0,,,,,Y,,A,01,0,0,1,0,0,0,0,0,0,"- ","- ",38.744918823242188,-121.27091217041016,PLACER,ROSEVILLE,-121.27091217041016,38.744918823242188
91684737,2022,2022-01-25,9220,2022-01-12,0828,015917,,3,1,9,3100,0,3,5,,2,020,"ELMHURST DR","RICHFORD LANE",0.00,,Y,A,-,N,,,,,,,,,,N,4,0,1,2,A,-,09,21802,A,N,B,C,A,A,H,-,A,A,0,,,,,Y,,A,01,0,0,1,0,0,0,0,0,0,"- ","- ",38.728580474853516,-121.21109771728516,PLACER,UNINCORPORATED,-121.21117401123047,38.7286376953125
91686529,2022,2022-01-27,9220,2022-01-17,0810,016391,,1,1,9,3100,0,1,1,,2,282,"I-80 EASTBOUND TO PENRYN ROAD","PENRYN ROAD",12.00,W,N,A,-,Y,,,,,,,,,,N,3,0,1,2,A,-,03,22350,,M,C,C,A,A,H,-,A,A,0,,,,,Y,,-,99,0,1,0,0,0,0,0,0,0,"- ","- ",38.495498657226562,-121.10060119628906,PLACER,UNINCORPORATED,-121.16858673095703,38.833824157714844
91686575,2022,2022-01-27,9220,2022-01-20,1645,015961,,4,2,5,3105,0,1,1,,2,281,"I-80 (W/B)","DOUGLAS BLVD. O/C",1584.00,E,N,A,-,Y,PLA,,80,,,2.238,H,,R,N,4,0,1,4,A,-,03,22350,,F,C,C,A,A,H,-,A,D,0,,,,,Y,,-,99,0,0,1,0,0,0,0,0,0,"- ","- ",38.747531890869141,-121.26856994628906,PLACER,ROSEVILLE,-121.26840972900391,38.747463226318359
91688679,2022,2022-01-28,9220,2022-01-21,0515,019454,,5,3,9,3100,0,2,4,,1,012,"BASELINE RD","COUNTRY ACRES LANE",3696.00,E,N,A,-,N,,,,,,,,,,Y,3,0,2,2,A,-,06,21751,,N,A,C,A,A,H,-,D,D,0,,,,,Y,,A,01,0,2,0,0,0,0,0,0,0,"- ","- ",38.751678466796875,-121.42024230957031,PLACER,UNINCORPORATED,-121.41968536376953,38.751674652099609
91688733,2022,2022-01-28,9220,2022-01-22,1105,015961,,6,1,9,3100,0,2,4,,2,077,"AUBURN FOLSOM RD","JUNEWOOD LN",110.00,N,N,A,-,N,,,,,,,,,,N,2,0,2,2,A,-,08,22107,,N,H,G,A,A,H,-,A,D,0,,Y,,,Y,,L,04,2,0,0,0,0,0,2,0,0,"- ","- ",38.831409454345703,-121.12184906005859,PLACER,UNINCORPORATED,-121.12181091308594,38.831439971923828