CASE_ID,ACCIDENT_YEAR,PROC_DATE,JURIS,COLLISION_DATE,COLLISION_TIME,OFFICER_ID,REPORTING_DISTRICT,DAY_OF_WEEK,CHP_SHIFT,POPULATION,CNTY_CITY_LOC,SPECIAL_COND,BEAT_TYPE,CHP_BEAT_TYPE,CITY_DIVISION_LAPD,CHP_BEAT_CLASS,BEAT_NUMBER,PRIMARY_RD,SECONDARY_RD,DISTANCE,DIRECTION,INTERSECTION,WEATHER_1,WEATHER_2,STATE_HWY_IND,CALTRANS_COUNTY,CALTRANS_DISTRICT,STATE_ROUTE,ROUTE_SUFFIX,POSTMILE_PREFIX,POSTMILE,LOCATION_TYPE,RAMP_INTERSECTION,SIDE_OF_HWY,TOW_AWAY,COLLISION_SEVERITY,NUMBER_KILLED,NUMBER_INJURED,PARTY_COUNT,PRIMARY_COLL_FACTOR,PCF_CODE_OF_VIOL,PCF_VIOL_CATEGORY,PCF_VIOLATION,PCF_VIOL_SUBSECTION,HIT_AND_RUN,TYPE_OF_COLLISION,MVIW,PED_ACTION,ROAD_SURFACE,ROAD_COND_1,ROAD_COND_2,LIGHTING,CONTROL_DEVICE,CHP_ROAD_TYPE,PEDESTRIAN_ACCIDENT,BICYCLE_ACCIDENT,MOTORCYCLE_ACCIDENT,TRUCK_ACCIDENT,NOT_PRIVATE_PROPERTY,ALCOHOL_INVOLVED,STWD_VEHTYPE_AT_FAULT,CHP_VEHTYPE_AT_FAULT,COUNT_SEVERE_INJ,COUNT_VISIBLE_INJ,COUNT_COMPLAINT_PAIN,COUNT_PED_KILLED,COUNT_PED_INJURED,COUNT_BICYCLIST_KILLED,COUNT_BICYCLIST_INJURED,COUNT_MC_KILLED,COUNT_MC_INJURED,PRIMARY_RAMP,SECONDARY_RAMP,LATITUDE,LONGITUDE,COUNTY,CITY,POINT_X,POINT_Y
91911647,2022,2022-11-07,9221,2022-11-01,1410,017669,,2,2,9,3100,0,1,1,,2,386,"I-80 E/B","BLUE CANYON UNDER CROSSING",5280.00,W,N,D,-,Y,PLA,,80,,,51.842,H,,R,Y,4,0,1,1,A,-,03,22350,,N,E,I,A,C,H,-,A,D,0,,,,,Y,,A,01,0,0,1,0,0,0,0,0,0,"- ","- ",39.268470764160156,-120.72129821777344,PLACER,UNINCORPORATED,-120.72139739990234,39.268638610839844
91912710,2022,2022-11-08,9220,2022-11-05,0600,019373,,6,1,9,3100,0,1,3,,1,249,SR-49,"BELL RD",0.00,,Y,B,-,Y,PLA,,49,,,6.380,H,,R,Y,4,0,1,2,A,-,12,21453,A,N,A,2,A,A,H,-,C,A,0,,,,,Y,,D,22,0,0,1,0,0,0,0,0,0,"- ","- ",38.942020416259766,-121.09705352783203,PLACER,UNINCORPORATED,-121.09700775146484,38.942028045654297
9191687,2020,2021-02-05,3101,2020-11-06,2037,A503,AU13,5,5,3,3101,0,0,0,,0,0A2,"HIGH ST","ELM AV",0.00,,Y,A,-,Y,PLA,3,49,-,-,2.525,I,6,S,N,4,0,1,2,A,-,12,21453,A,N,G,B,B,A,H,-,C,A,0,Y,,,,Y,,A,01,0,0,1,0,1,0,0,0,0,"- ","- ",38.902679443359375,-121.06786346435547,PLACER,AUBURN,-121.04048156738281,38.915451049804688
91917104,2022,2022-11-14,9220,2022-10-26,0635,015491,,3,1,9,3100,0,3,5,,2,010,"SUNSET BOULEVARD WEST","SUTTER/PLACER COUNTY LINE",950.00,E,N,A,-,N,,,,,,,,,,N,2,0,2,2,A,-,08,22107,,N,A,C,A,A,H,-,B,D,0,,,,,Y,,A,07,2,0,0,0,0,0,0,0,0,"- ","- ",38.824321746826172,-121.46656799316406,PLACER,UNINCORPORATED,,
91917369,2022,2022-11-14,9220,2022-11-08,1628,017027,,2,2,9,3100,0,1,3,,1,249,SR-49,"EDUCATION ST",0.00,,Y,B,-,Y,PLA,,49,,,6.538,H,,R,Y,4,0,1,2,A,-,07,21658,A,N,C,C,A,B,H,-,A,D,0,,,,,Y,,A,01,0,0,1,0,0,0,0,0,0,"- ","- ",38.944278717041016,-121.09777069091797,PLACER,UNINCORPORATED,-121.09774017333984,38.944286346435547
91917395,2022,2022-11-14,9220,2022-11-08,1755,018785,,2,2,5,3105,0,1,3,,1,265,"SR-65 N/B","PLEASANT GROVE BOULEVARD O/C",2006.00,S,N,B,C,Y,PLA,,65,,R,6.698,H,,R,Y,4,0,2,4,A,-,03,22350,,N,C,C,A,B,H,-,C,D,0,,,,,Y,,A,01,0,0,2,0,0,0,0,0,0,"- ","- ",38.783538818359375,-121.27774810791016,PLACER,ROSEVILLE,-121.27777862548828,38.78350830078125
91918064,2022,2022-11-15,9220,2022-11-10,1750,019373,,4,2,9,3100,0,2,4,,2,022,"DOUGLAS BLVD","BARTON RD",528.00,E,N,A,-,N,,,,,,,,,,Y,4,0,1,3,A,-,03,22350,,N,C,C,A,A,H,-,C,D,0,,,,,Y,,A,01,0,0,1,0,0,0,0,0,0,"- ","- ",38.744041442871094,-121.18791961669922,PLACER,UNINCORPORATED,-121.18733978271484,38.743919372558594
91918075,2022,2022-11-15,9220,2022-11-10,1836,016752,,4,2,9,3100,0,1,1,,2,282,"I-80 W/B",SR-193,2482.00,E,N,A,-,Y,PLA,,80,,,14.790,H,,L,Y,3,0,2,2,A,-,08,22107,,N,E,8,A,A,H,-,D,D,0,,,,,Y,,A,01,0,1,1,0,0,0,0,0,0,"- ","- ",38.878849029541016,-121.11708831787109,PLACER,UNINCORPORATED,-121.11711120605469,38.878910064697266
91918366,2022,2022-11-15,9221,2022-11-10,1212,020032,,4,1,9,3100,0,1,3,,1,374,SR-174,"NEVADA COUNTY/PLACER COUNTY LINE (BEAR RIVER BRIDG",1000.00,S,N,A,-,N,,,,,,,,,,Y,3,0,1,2,A,-,03,22350,,N,B,C,A,B,H,-,A,A,0,,,,,Y,,A,08,0,1,0,0,0,0,0,0,0,"- ","- ",39.128940582275391,-120.96028900146484,PLACER,UNINCORPORATED,-120.96024322509766,39.128948211669922
91919116,2022,2022-11-16,9220,2022-11-10,0428,016657,,4,3,9,3100,0,1,3,,1,265,"SR-65 S/B","WHITNEY RANCH PARKWAY",367.00,N,N,A,-,Y,PLA,,65,,R,10.712,H,,L,Y,3,0,1,1,A,-,08,22107,,N,E,I,A,A,H,-,C,D,0,,,,,Y,,D,22,0,1,0,0,0,0,0,0,0,"- ","- ",38.833591461181641,-121.30023956298828,PLACER,UNINCORPORATED,-121.30015563964844,38.833587646484375
91919219,2022,2022-11-16,9222,2022-11-03,0740,016340,,4,1,9,3100,0,1,3,,1,015,"STATE ROUTE 28","RIDGEWOOD ROAD",0.00,,Y,B,-,Y,PLA,,28,,,4.846,H,,R,Y,4,0,1,2,A,-,03,22350,,N,D,C,A,C,H,-,A,D,0,,,,,Y,,A,01,0,0,1,0,0,0,0,0,0,"- ","- ",39.213970184326172,-120.08843994140625,PLACER,UNINCORPORATED,-120.08838653564453,39.213966369628906
91919438,2022,2022-11-16,9220,2022-11-15,1305,018785,,2,1,9,3100,0,1,3,,1,249,"SR-49 N/B","LOCKSLEY LANE",15.00,S,N,A,-,Y,PLA,,49,,,6.944,H,,R,N,4,0,1,2,A,-,03,22350,,N,C,C,A,A,H,-,A,B,0,,,,,Y,,A,01,0,0,1,0,0,0,0,0,0,"- ","- ",38.950088500976562,-121.09976959228516,PLACER,UNINCORPORATED,-121.09977722167969,38.950088500976562
91920306,2022,2022-11-17,9220,2022-11-16,1520,017027,,3,2,9,3100,0,1,3,,1,249,SR-49,"POPPY LN",400.00,S,N,A,-,Y,PLA,,49,,R,8.445,H,,R,N,4,0,1,1,A,-,03,22350,,N,E,I,A,A,H,-,A,D,0,,,,,Y,,D,22,0,0,1,0,0,0,0,0,0,"- ","- ",38.970851898193359,-121.105712890625,PLACER,UNINCORPORATED,-121.10574340820312,38.970840454101562
91920319,2022,2022-11-17,9220,2022-11-16,1635,016752,,3,2,9,3100,0,1,3,,2,293,SR-193,"CLARK TUNNEL RD",1320.00,E,N,A,-,N,,,,,,,,,,N,4,0,2,2,A,-,09,21804,A,N,D,C,A,A,H,-,A,D,0,,,,,Y,,D,22,0,0,2,0,0,0,0,0,0,"- ","- ",38.887069702148438,-121.205322265625,PLACER,UNINCORPORATED,-121.20560455322266,38.887245178222656
91921455,2022,2022-11-18,9220,2022-11-07,2303,019830,,1,3,9,3100,0,2,4,,2,023,"BARTON RD.","OLIVE RANCH RD",9.00,S,N,B,-,N,,,,,,,,,,Y,3,0,1,1,A,-,01,23152,A,N,E,I,A,B,H,-,D,A,0,,,,,Y,Y,D,22,0,1,0,0,0,0,0,0,0,"- ","- ",38.752288818359375,-121.19184875488281,PLACER,UNINCORPORATED,-121.19181060791016,38.752311706542969
91921680,2022,2022-11-18,9220,2022-11-12,2330,019148,,6,3,9,3100,0,2,4,,2,058,"DRY CREEK RD.","PYLE LN.",530.00,S,N,A,-,N,,,,,,,,,,N,4,0,1,1,A,-,01,23152,A,N,E,I,A,A,H,-,D,D,0,,,,,Y,Y,D,22,0,0,1,0,0,0,0,0,0,"- ","- ",38.956699371337891,-121.09806060791016,PLACER,UNINCORPORATED,-121.09812164306641,38.956710815429688
91922517,2022,2022-11-21,9220,2022-11-15,2333,016657,,2,3,9,3100,0,3,5,,2,010,"SUNSET BLVD W","AMORUSO WAY",1379.00,W,N,A,-,N,,,,,,,,,,Y,2,0,1,1,A,-,08,22107,,N,E,I,A,A,H,-,D,D,0,,,,,Y,,A,01,1,0,0,0,0,0,0,0,0,"- ","- ",38.824378967285156,-121.39581298828125,PLACER,UNINCORPORATED,-121.39575958251953,38.824337005615234
91923236,2022,2022-11-21,9221,2022-11-13,1110,018530,,7,1,9,3100,0,1,1,,2,386,"WESTBOUND I80","BLUE CANYON RD",528.00,E,N,A,-,Y,PLA,,80,,,53.758,H,,L,N,3,0,1,2,A,-,17,22109,,N,C,C,A,A,H,-,A,D,0,,,,Y,Y,,D,22,0,1,0,0,0,0,0,0,0,"- ","- ",39.287151336669922,-120.69789123535156,PLACER,UNINCORPORATED,-120.69786834716797,39.287117004394531
91924596,2022,2022-11-22,9220,2022-11-15,1200,018785,,2,1,9,3100,0,2,4,,2,054,"LUTHER RD","SHOCKLEY ROAD",60.00,E,N,A,-,N,,,,,,,,,,N,4,0,1,2,A,-,08,22107,,N,A,C,A,A,H,-,A,D,0,,,,,Y,,A,01,0,0,1,0,0,0,0,0,0,"- ","- ",38.927871704101562,-121.06578826904297,PLACER,UNINCORPORATED,-121.06597137451172,38.927906036376953
91925203,2022,2022-11-23,9222,2022-07-26,0623,016340,,2,1,9,3100,0,1,3,,1,014,"STATE ROUTE 28","GROVE STREET",459.00,W,N,A,-,Y,PLA,,28,,,0.413,H,,R,Y,1,1,1,3,A,-,01,23152,F,N,C,C,A,A,H,-,A,D,0,,,,,Y,,M,96,0,0,1,0,0,0,0,0,0,"- ","- ",39.17108154296875,-120.14093780517578,PLACER,UNINCORPORATED,-120.14084625244141,39.171005249023438
91925236,2022,2022-11-23,9220,2022-11-17,0758,014988,,4,1,5,3105,0,1,1,,2,281,"I-80 E/B","DOUGLAS BLVD",1700.00,E,N,A,-,Y,PLA,,80,,,2.305,H,,R,Y,4,0,1,3,A,-,03,22350,,N,C,C,A,A,H,-,A,D,0,,,,,Y,,A,01,0,0,1,0,0,0,0,0,0,"- ","- ",38.748291015625,-121.26777648925781,PLACER,ROSEVILLE,-121.26783752441406,38.748313903808594
91927091,2022,2022-11-28,9220,2022-11-16,0730,015961,,3,1,9,3100,0,2,4,,2,027,"AUBURN FOLSOM RD S/B","EUREKA RD",525.00,N,N,A,-,N,,,,,,,,,,Y,4,0,1,2,A,-,03,22350,,N,C,C,A,A,H,-,A,A,0,,,,,Y,,A,01,0,0,1,0,0,0,0,0,0,"- ","- ",38.737689971923828,-121.17053985595703,PLACER,UNINCORPORATED,-121.17056274414062,38.737529754638672
91927859,2022,2022-11-28,9220,2022-11-20,1515,017863,,7,2,3,3101,0,1,1,,2,283,"I-80 W/B","ELM AVE OVERCROSSING",150.00,W,N,A,-,Y,PLA,,80,,,17.793,H,,L,Y,3,0,5,5,A,-,03,22350,,N,C,C,A,A,C,-,A,D,0,,,,Y,Y,,E,22,0,5,0,0,0,0,0,0,0,"- ","- ",38.902900695800781,-121.07206726074219,PLACER,AUBURN,-121.07205200195312,38.90289306640625
91928105,2022,2022-11-28,9220,2022-11-22,0925,018785,,2,1,9,3100,0,3,5,,2,070,"GILARDI ROAD","HERITAGE LANE",32.00,W,N,A,-,N,,,,,,,,,,N,2,0,1,1,A,-,08,22107,,N,H,A,A,A,H,-,A,D,0,,Y,,,Y,,L,04,1,0,0,0,0,0,1,0,0,"- ","- ",38.854148864746094,-121.15376281738281,PLACER,UNINCORPORATED,-121.15361022949219,38.854179382324219
9192841,2020,2020-12-28,3101,2020-11-11,1055,A711,AU12,3,5,3,3101,0,0,0,,0,0A1,"GRASS VALLEY HWY","PALM AV",0.00,,Y,A,-,Y,PLA,3,49,-,-,3.730,H,-,N,N,3,0,1,2,A,-,03,22350,,N,C,C,A,A,H,-,A,A,0,,,,,Y,,A,01,0,1,0,0,0,0,0,0,0,"- ","- ",38.908390045166016,-121.07695770263672,PLACER,AUBURN,-121.07686614990234,38.907680511474609
91928835,2022,2022-11-29,9222,2022-11-19,0050,020259,,6,3,9,3100,0,1,3,,1,013,SR-89,"ALPINE MEADOWS RD.",15.00,S,N,A,-,Y,PLA,,89,,,12.329,H,,R,N,3,0,1,1,A,-,01,23152,A,N,E,9,A,A,H,-,C,A,0,,,,,Y,Y,D,22,0,1,0,0,0,0,0,0,0,"- ","- ",39.186851501464844,-120.19516754150391,PLACER,UNINCORPORATED,-120.19495391845703,39.1868896484375
91929333,2022,2022-11-29,9220,2022-10-08,1905,015917,,6,2,9,3100,0,2,4,,2,064,"FORESTHILL RD","RACETRACK ST",0.00,,Y,A,-,N,,,,,,,,,,N,2,0,1,2,A,-,09,21804,A,N,D,C,A,A,H,-,B,A,0,,,Y,,Y,,C,02,1,0,0,0,0,0,0,0,1,"- ","- ",39.01934814453125,-120.82584381103516,PLACER,UNINCORPORATED,-120.82604217529297,39.019294738769531
91930142,2022,2022-11-30,9222,2022-11-19,1047,019548,,6,1,9,3100,0,1,3,,1,016,"STATE ROUTE 267","COMMONWEALTH DR",40.00,S,N,A,-,Y,PLA,,267,,,8.946,H,,R,N,2,0,1,2,A,-,11,21954,A,N,G,B,D,A,H,-,B,D,0,Y,,,,Y,,-,"- ",1,0,0,0,1,0,0,0,0,"- ","- ",39.250560760498047,-120.03485107421875,PLACER,UNINCORPORATED,-120.03478240966797,39.250598907470703
91930526,2022,2022-11-30,9221,2022-11-24,1250,020032,,4,1,9,3100,0,3,5,,2,070,"TOKAYANA WAY","MOFFET RANCH ROAD",55.00,S,N,A,-,N,,,,,,,,,,Y,4,0,1,1,A,-,01,23152,A,N,E,I,A,A,H,-,A,D,0,,,,,Y,Y,D,22,0,0,1,0,0,0,0,0,0,"- ","- ",39.082870483398438,-120.96917724609375,PLACER,UNINCORPORATED,-120.96924591064453,39.082923889160156
9193108,2020,2021-01-08,3103,2020-11-22,0145,CSOBE,L8,7,5,2,3103,0,0,0,,0,0L4,"LINCOLN BL","RT 65",183.00,N,N,A,-,Y,PLA,3,65,-,R,12.609,R,4,N,Y,4,0,1,1,A,-,08,22107,,N,E,I,A,A,H,-,C,A,0,,,,,Y,,J,48,0,0,1,0,0,0,0,0,0,"- ",NF,38.895809173583984,-121.29325103759766,PLACER,LINCOLN,-121.29996490478516,38.861083984375
91931535,2022,2022-12-01,9220,2022-11-26,1648,017375,,6,2,9,3100,0,1,3,,1,249,"SR-49 (GRASS VALLEY HIGHWAY)","EDGEWOOD RD",0.00,,Y,A,-,Y,PLA,,49,,,4.676,H,,R,Y,4,0,1,2,A,-,12,21453,A,N,D,C,A,A,H,-,C,A,0,,,,,Y,,A,07,0,0,1,0,0,0,0,0,0,"- ","- ",38.920440673828125,-121.08219146728516,PLACER,UNINCORPORATED,-121.08206939697266,38.920475006103516
91932419,2022,2022-12-02,9220,2022-10-27,1745,017818,,4,2,9,3100,0,2,4,,1,014,"COOK RIOLO RD","PFE RD",0.00,,Y,A,-,N,,,,,,,,,,N,4,0,1,2,A,-,09,21802,A,N,D,C,A,A,H,-,A,A,0,,,Y,,Y,,-,"- ",0,0,1,0,0,0,0,0,1,"- ","- ",38.729049682617188,-121.33698272705078,PLACER,UNINCORPORATED,-121.33689117431641,38.729015350341797
91932427,2022,2022-12-02,9220,2022-11-18,1520,017818,,5,2,5,3105,0,1,3,,1,265,"SR-65 S/B FROM PLEASANT GROVE BLVD W/B",SR-65,0.00,,Y,A,-,Y,,,,,,,,,,N,2,0,1,1,A,-,08,22107,,N,F,A,A,A,H,-,A,D,0,,,Y,,Y,,C,02,1,0,0,0,0,0,0,0,1,"- ","- ",38.785770416259766,-121.28529357910156,PLACER,ROSEVILLE,,
91933806,2022,2022-12-05,9220,2022-11-29,1530,017818,,2,2,4,3104,0,1,3,,1,265,"SR-65 N/B FROM SUNSET BLVD W/B","SUNSET BLVD.",810.00,N,N,A,-,Y,PLA,,65,,R,9.746,H,,R,Y,4,0,1,2,A,-,03,22350,,N,C,C,A,A,H,-,A,A,0,,,,,Y,,A,07,0,0,1,0,0,0,0,0,0,"- ","- ",38.819599151611328,-121.2996826171875,PLACER,ROCKLIN,-121.29995727539062,38.819602966308594
9193391,2020,2021-01-19,3101,2020-11-26,2249,A741,AU14,4,5,3,3101,0,0,0,,0,0A2,"EL DORADO ST","AUBURN RIVERGRAVE",0.00,,N,A,-,N,,,,,,,,,,N,4,0,1,2,A,-,01,23152,,N,B,C,A,A,H,-,D,D,0,,,,,Y,Y,A,07,0,0,1,0,0,0,0,0,0,"- ","- ",38.888950347900391,-121.06495666503906,PLACER,AUBURN,,
91934464,2022,2022-12-05,9220,2022-12-01,1658,017027,,4,2,9,3100,0,2,4,,2,062,"FORESTHILL RD","GRIZZLY BEAR RANGE DRIVEWAY",150.00,W,N,B,-,N,,,,,,,,,,Y,3,0,1,1,A,-,03,22350,,N,E,I,A,B,H,-,B,D,0,,,,,Y,,A,07,0,1,0,0,0,0,0,0,0,"- ","- ",38.9415283203125,-120.98745727539062,PLACER,UNINCORPORATED,,
91935678,2022,2022-12-06,9221,2022-12-04,2110,018740,,7,2,9,3100,0,1,1,,2,386,"I-80 E/B","EMIGRANT GAP U/C",792.00,E,N,D,-,Y,PLA,,80,,R,56.243,H,,R,Y,2,0,1,2,A,-,01,23153,A,N,B,C,A,C,H,-,D,A,0,,,,Y,Y,Y,A,07,1,0,0,0,0,0,0,0,0,"- ","- ",39.302860260009766,-120.65798950195312,PLACER,UNINCORPORATED,-120.65794372558594,39.302749633789062
91936050,2022,2022-12-07,9220,2022-12-01,1635,017818,,4,2,9,3100,0,2,4,,2,064,"FORESTHILL RD","RANGE RD.",295.00,N,N,B,C,N,,,,,,,,,,Y,2,0,1,1,A,-,08,22107,,N,C,J,A,B,H,-,D,D,0,,,,,Y,,A,01,1,0,0,0,0,0,0,0,0,"- ","- ",38.941421508789062,-120.98854827880859,PLACER,UNINCORPORATED,,
91936587,2022,2022-12-07,9220,2022-12-01,0540,015917,,4,3,9,3100,0,1,1,,2,283,"I-80 W/B","CROTHER RD",220.00,W,N,B,C,Y,PLA,,80,,R,26.145,H,,L,N,4,0,1,1,C,-,18,,,N,H,H,A,B,H,-,C,D,0,,,,,Y,,-,"- ",0,0,1,0,0,0,0,0,0,"- ","- ",39.003131866455078,-120.994140625,PLACER,UNINCORPORATED,-120.99414825439453,39.003135681152344
91937250,2022,2022-12-08,9222,2022-12-02,1500,020259,,5,2,9,3100,0,3,5,,2,010,"CARNELIAN BAY AVE",SR-267,1381.00,W,N,B,-,N,,,,,,,,,,N,2,0,1,1,A,-,08,38314,,N,E,I,A,C,H,-,A,D,0,,,,,Y,,-,"- ",1,0,0,0,0,0,0,0,0,"- ","- ",39.257949829101562,-120.07556915283203,PLACER,UNINCORPORATED,-120.08307647705078,39.226726531982422
91937564,2022,2022-12-08,9220,2022-12-08,0732,015917,,4,1,9,3100,0,1,3,,1,249,"SR-49 (GRASS VALLEY HIGHWAY)","NEW AIRPORT RD",450.00,N,N,A,-,Y,PLA,,49,,,5.730,H,,R,N,4,0,1,2,A,-,03,22350,,N,C,C,A,A,H,-,A,D,0,,,,,Y,,D,22,0,0,1,0,0,0,0,0,0,"- ","- ",38.933498382568359,-121.09182739257812,PLACER,UNINCORPORATED,-121.09170532226562,38.933567047119141
91938618,2022,2022-12-09,9221,2022-12-04,1325,019869,,7,1,9,3100,0,1,1,,2,385,"INTERSTATE 80 WESTBOUND","ALTA BONNYNOOK RD",50.00,W,N,C,-,Y,PLA,,80,,,44.734,H,,L,Y,4,0,1,1,A,-,03,22350,,N,E,I,A,B,H,-,A,D,0,,,,,Y,,A,01,0,0,1,0,0,0,0,0,0,"- ","- ",39.201530456542969,-120.81246185302734,PLACER,UNINCORPORATED,-120.81251525878906,39.201572418212891
91939836,2022,2022-12-12,9220,2022-12-08,1711,018785,,4,2,9,3100,0,2,4,,2,022,"DOUGLAS BOULEVARD E/B","SEENO AVENUE",30.00,W,N,B,C,N,,,,,,,,,,N,2,0,1,2,A,-,01,23152,A,F,B,D,A,B,D,-,C,A,0,,,,,Y,Y,A,01,1,0,0,0,0,0,0,0,0,"- ","- ",38.743770599365234,-121.21099090576172,PLACER,UNINCORPORATED,-121.2108154296875,38.743934631347656
91941265,2022,2022-12-13,9220,2022-12-12,0717,015917,,1,1,9,3100,0,1,3,,1,249,"SR-49 (GRASS VALLEY HIGHWAY)","HUMMINGBIRD LN",420.00,S,N,A,-,Y,PLA,,49,,R,10.952,H,,R,Y,4,0,1,1,C,-,18,,,N,H,H,A,B,H,-,A,D,0,,,,,Y,,-,"- ",0,0,1,0,0,0,0,0,0,"- ","- ",39.006088256835938,-121.10659027099609,PLACER,UNINCORPORATED,-121.10649108886719,39.006069183349609
91941958,2022,2022-12-14,9220,2022-12-13,0824,015917,,2,1,9,3100,0,3,5,,2,060,"OAKWOOD LN","GREEN PINE COURT",100.00,N,N,A,-,N,,,,,,,,,,N,4,0,2,2,A,-,05,21650,,N,A,C,A,A,H,-,A,D,0,,,,,Y,,A,07,0,0,2,0,0,0,0,0,0,"- ","- ",38.985759735107422,-120.87631225585938,PLACER,UNINCORPORATED,-120.87630462646484,38.985652923583984
91942371,2022,2022-12-14,9220,2022-12-13,0810,014988,,2,1,5,3105,0,1,3,,1,265,"SR-65 N/B","PLEASANT GROVE BLVD O/C",2200.00,S,N,A,-,Y,PLA,,65,,R,6.663,H,,R,N,4,0,1,2,A,-,03,22350,,N,C,C,A,A,H,-,A,D,0,,,,,Y,,A,01,0,0,1,0,0,0,0,0,0,"- ","- ",38.783248901367188,-121.2772216796875,PLACER,ROSEVILLE,-121.27722930908203,38.783237457275391
91944529,2022,2022-12-16,9220,2022-12-14,1743,018785,,3,2,9,3100,0,2,4,,2,021,"SIERRA COLLEGE BOULEVARD","ROCKWOOD COURT",180.00,N,N,A,-,N,,,,,,,,,,N,4,0,1,2,A,-,09,21801,A,N,D,C,A,A,H,-,C,D,0,,,,,Y,,A,07,0,0,1,0,0,0,0,0,0,"- ","- ",38.719871520996094,-121.22399139404297,PLACER,UNINCORPORATED,-121.22578430175781,38.719474792480469
91945894,2022,2022-12-19,9220,2022-12-10,0925,017863,,6,1,9,3100,0,1,3,,1,249,SR-49,"ROCK CREEK RD.",0.00,,Y,B,C,Y,PLA,,49,,,6.629,H,,R,Y,4,0,1,2,A,-,09,21801,A,N,D,C,A,B,H,-,A,A,0,,,,,Y,,A,07,0,0,1,0,0,0,0,0,0,"- ","- ",38.945598602294922,-121.09813690185547,PLACER,UNINCORPORATED,-121.09815979003906,38.945598602294922
91947150,2022,2022-12-20,9220,2022-12-08,1530,017818,,4,2,9,3100,0,1,3,,1,265,"SR-65 N/B TO SUNSET BLVD","SUNSET BLVD",154.00,S,N,B,-,Y,,,,,,,,,,Y,2,0,2,1,A,-,08,22107,,N,F,A,A,A,H,-,A,D,0,,,,,Y,,A,01,2,0,0,0,0,0,0,0,0,"- ","- ",38.816791534423828,-121.29808807373047,PLACER,UNINCORPORATED,-121.29808807373047,38.816791534423828
91947220,2022,2022-12-20,9220,2022-12-12,0750,017762,,1,1,5,3105,0,1,1,,2,281,"I-80 E/B","DOUGLAS BLVD.",1320.00,W,N,B,-,Y,PLA,,80,,,1.721,H,,R,N,4,0,1,2,A,-,03,22350,,N,C,C,A,B,H,-,A,D,0,,,,,Y,,D,22,0,0,1,0,0,0,0,0,0,"- ","- ",38.740768432617188,-121.27279663085938,PLACER,ROSEVILLE,-121.27288818359375,38.740818023681641
91947244,2022,2022-12-20,9220,2022-12-14,1705,019133,,3,2,5,3105,0,1,1,,2,281,"I-80 W/B","ROSEVILLE PKY",386.00,W,N,A,-,Y,PLA,,80,,,3.348,H,,L,N,4,0,1,2,A,-,04,21703,,M,C,C,A,A,H,-,B,D,0,,,,,Y,,A,01,0,0,1,0,0,0,0,0,0,"- ","- ",38.761810302734375,-121.25930023193359,PLACER,ROSEVILLE,-121.25934600830078,38.761825561523438
9194790,2020,2021-02-08,3105,2020-12-03,1538,1155,,4,5,5,3105,0,0,0,,0,003,"VERNON ST","LINCOLN ST",166.00,W,N,A,-,N,,,,,,,,,,N,4,0,2,2,A,-,21,22106,,N,C,C,A,A,C,-,A,D,0,,,,,Y,,D,22,0,0,2,0,0,0,0,0,0,"- ","- ",38.749610900878906,-121.28362274169922,PLACER,ROSEVILLE,-121.28324890136719,38.749565124511719
9194798,2020,2021-02-03,3105,2020-11-19,2500,1155,,4,5,5,3105,0,0,0,,0,004,"ATKINSON ST","VINEYARD DR",0.00,,Y,A,-,N,,,,,,,,,,N,4,0,2,2,A,-,09,21802,A,N,D,C,A,A,H,-,C,D,0,,,,,Y,,D,22,0,0,2,0,0,0,0,0,0,"- ","- ",38.744010925292969,-121.29971313476562,PLACER,ROSEVILLE,-121.29972839355469,38.743999481201172
91948401,2022,2022-12-21,9220,2022-12-16,1725,017027,,5,2,9,3100,0,1,3,,1,249,SR-49,"LUTHER RD",190.00,S,N,A,-,Y,PLA,,49,,,5.169,H,,R,Y,3,0,3,3,A,-,01,23152,A,N,C,C,A,A,H,-,C,D,0,,,,,Y,Y,A,01,0,3,0,0,0,0,0,0,0,"- ","- ",38.926849365234375,-121.08615875244141,PLACER,UNINCORPORATED,-121.08612823486328,38.926868438720703
91949073,2022,2022-12-22,9221,2022-12-15,1550,017027,,4,2,9,3100,0,2,S,,2,904,"PLACER HILLS RD","CANA LN",250.00,W,N,A,-,N,,,,,,,,,,Y,4,0,1,1,A,-,03,22350,,N,E,I,A,B,H,-,A,D,0,,,,,Y,,A,01,0,0,1,0,0,0,0,0,0,"- ","- ",39.071819305419922,-120.97444915771484,PLACER,UNINCORPORATED,-120.97441101074219,39.071807861328125
91949205,2022,2022-12-22,9220,2022-12-17,0905,020072,,6,1,9,3100,0,3,5,,2,050,"CANYON WAY","SIERRA VIEW",1056.00,S,N,A,-,N,,,,,,,,,,Y,4,0,1,1,A,-,03,22350,,N,E,I,A,C,H,-,A,D,0,,,,,Y,,A,07,0,0,1,0,0,0,0,0,0,"- ","- ",39.061328887939453,-120.96067047119141,PLACER,UNINCORPORATED,-120.96068572998047,39.061271667480469