CASE_ID,ACCIDENT_YEAR,PROC_DATE,JURIS,COLLISION_DATE,COLLISION_TIME,OFFICER_ID,REPORTING_DISTRICT,DAY_OF_WEEK,CHP_SHIFT,POPULATION,CNTY_CITY_LOC,SPECIAL_COND,BEAT_TYPE,CHP_BEAT_TYPE,CITY_DIVISION_LAPD,CHP_BEAT_CLASS,BEAT_NUMBER,PRIMARY_RD,SECONDARY_RD,DISTANCE,DIRECTION,INTERSECTION,WEATHER_1,WEATHER_2,STATE_HWY_IND,CALTRANS_COUNTY,CALTRANS_DISTRICT,STATE_ROUTE,ROUTE_SUFFIX,POSTMILE_PREFIX,POSTMILE,LOCATION_TYPE,RAMP_INTERSECTION,SIDE_OF_HWY,TOW_AWAY,COLLISION_SEVERITY,NUMBER_KILLED,NUMBER_INJURED,PARTY_COUNT,PRIMARY_COLL_FACTOR,PCF_CODE_OF_VIOL,PCF_VIOL_CATEGORY,PCF_VIOLATION,PCF_VIOL_SUBSECTION,HIT_AND_RUN,TYPE_OF_COLLISION,MVIW,PED_ACTION,ROAD_SURFACE,ROAD_COND_1,ROAD_COND_2,LIGHTING,CONTROL_DEVICE,CHP_ROAD_TYPE,PEDESTRIAN_ACCIDENT,BICYCLE_ACCIDENT,MOTORCYCLE_ACCIDENT,TRUCK_ACCIDENT,NOT_PRIVATE_PROPERTY,ALCOHOL_INVOLVED,STWD_VEHTYPE_AT_FAULT,CHP_VEHTYPE_AT_FAULT,COUNT_SEVERE_INJ,COUNT_VISIBLE_INJ,COUNT_COMPLAINT_PAIN,COUNT_PED_KILLED,COUNT_PED_INJURED,COUNT_BICYCLIST_KILLED,COUNT_BICYCLIST_INJURED,COUNT_MC_KILLED,COUNT_MC_INJURED,PRIMARY_RAMP,SECONDARY_RAMP,LATITUDE,LONGITUDE,COUNTY,CITY,POINT_X,POINT_Y
91992811,2023,2023-02-13,9220,2023-02-05,1334,020096,,7,1,9,3100,0,1,3,,1,267,SR-65,"RIOSA ROAD",0.00,,Y,A,-,Y,PLA,,65," ",L,23.187,H,,R,Y,3,0,1,2,A,-,17,21451,A,N,D,2,A,A,H,-,A,A,0,,,,,Y,,A,07,0,1,0,0,0,0,0,0,0,"- ","- ",38.978778839111328,-121.38253784179688,PLACER,UNINCORPORATED,-121.38245391845703,38.978801727294922
91993307,2023,2023-02-13,9220,2023-02-10,1548,020096,,5,2,9,3100,0,1,3,,1,265,SR-65,"SUNSET BOULEVARD",3696.00,S,N,A,-,Y,PLA,,65," ",R,8.850,H,,L,N,4,0,1,3,A,-,03,22350,,N,C,C,A,A,H,-,A,A,0,,,,,Y,,A,01,0,0,1,0,0,0,0,0,0,"- ","- ",38.806961059570312,-121.30046081542969,PLACER,UNINCORPORATED,-121.30045318603516,38.806961059570312
91995414,2023,2023-02-15,9222,2023-02-09,1707,017091,,4,2,9,3100,0,1,3,,1,014,"STATE ROUTE 28","COMMONS BEACH ROAD",5.00,W,N,B,-,N,,,,,,,,,,N,3,0,1,2,A,-,10,21950,A,F,G,B,B,A,H,-,A,A,0,Y,,,,Y,,A,01,0,1,0,0,1,0,0,0,0,"- ","- ",39.169239044189453,-120.14318084716797,PLACER,UNINCORPORATED,-120.14315032958984,39.169200897216797
91998234,2023,2023-02-20,9221,2023-02-12,1533,020032,,7,2,9,3100,0,1,1,,2,385,"I-80 W/B","CRYSTAL SPRINGS RD O/C",200.00,E,N,A,-,Y,PLA,,80," "," ",46.350,H,,L,N,4,0,1,3,A,-,03,22350,,N,C,C,A,A,H,-,A,D,0,,,,,Y,,A,01,0,0,1,0,0,0,0,0,0,"- ","- ",39.209648132324219,-120.78572082519531,PLACER,UNINCORPORATED,-120.78572845458984,39.20965576171875
91998322,2023,2023-02-20,9221,2023-02-13,1038,019869,,1,1,9,3100,0,1,1,,2,384,"INTERSTATE 80 EASTBOUND","SECRET TOWN ROAD",428.00,W,N,A,-,Y,PLA,,80," "," ",38.072,H,,R,Y,4,0,2,2,A,-,08,22107,,F,B,C,A,A,H,-,A,D,0,,,,Y,Y,,F,25,0,0,2,0,0,0,0,0,0,"- ","- ",39.147830963134766,-120.90267181396484,PLACER,UNINCORPORATED,-120.90263366699219,39.147781372070312
92000298,2023,2023-02-22,9220,2023-02-15,1010,015961,,3,1,9,3100,0,3,5,,2,020,"E. ROSEVILLE PKWY.","BARTON RD",0.00,,Y,A,-,N,,,,,,,,,,N,2,0,1,2,A,-,12,22450,A,N,H,G,A,A,H,-,A,A,0,,Y,,,Y,,L,04,1,0,0,0,0,0,1,0,0,"- ","- ",38.728050231933594,-121.1888427734375,PLACER,UNINCORPORATED,-121.18885803222656,38.728115081787109
92001356,2023,2023-02-23,9220,2023-02-18,1810,019465,,6,2,5,3105,0,1,3,,1,265,"SR-65 N/B","PLEASANT GROVE BLVD",2640.00,S,N,A,-,Y,PLA,,65," ",R,6.561,H,,R,Y,3,0,2,3,A,-,03,22350,,N,C,C,A,A,H,-,C,D,0,,,,,Y,,A,07,0,2,0,0,0,0,0,0,0,"- ","- ",38.782459259033203,-121.27564239501953,PLACER,ROSEVILLE,-121.27565002441406,38.782447814941406
92001442,2023,2023-02-23,9220,2023-02-20,1615,020096,,1,2,4,3104,0,1,1,,2,281,"I-80 W/B",SR-65,3960.00,E,N,A,-,Y,PLA,,80," "," ",4.914,H,,L,Y,4,0,2,3,A,-,03,22350,,N,C,C,A,A,H,-,A,D,0,,,,,Y,,D,22,0,0,2,0,0,0,0,0,0,"- ","- ",38.776779174804688,-121.23789978027344,PLACER,ROCKLIN,-121.23788452148438,38.776760101318359
92002336,2023,2023-02-24,9220,2023-02-18,1405,019373,,6,2,9,3100,0,1,1,,2,282,"I-80 W/B","OPHIR RD",175.00,E,N,B,-,Y,PLA,,80," "," ",16.892,H,,L,Y,4,0,1,2,C,-,18,,,N,B,C,A,A,H,-,A,D,0,,,,,Y,,-,"- ",0,0,1,0,0,0,0,0,0,"- ","- ",38.893531799316406,-121.08350372314453,PLACER,UNINCORPORATED,-121.08350372314453,38.893531799316406
92010571,2023,2023-03-06,9222,2023-02-26,1835,021167,,7,2,9,3100,0,1,3,,1,016,SR-267,"TIGER AVE",600.00,S,N,D,-,Y,PLA,,267," "," ",9.456,H,,R,Y,4,0,2,2,A,-,08,22107,,N,A,C,A,C,H,-,D,D,0,,,,,Y,,A,07,0,0,2,0,0,0,0,0,0,"- ","- ",39.244220733642578,-120.03045654296875,PLACER,UNINCORPORATED,-120.03046417236328,39.244220733642578
92010782,2023,2023-03-06,9220,2023-02-17,1115,017306,,5,1,9,3100,0,3,5,,2,010,"SUNSET BLVD","SR-65 S/B TO SUNSET BLVD.",0.00,,Y,A,-,Y,,,,,,,,,,Y,4,0,1,2,A,-,12,21453,A,N,D,C,A,A,H,-,A,A,0,,,,,Y,,A,08,0,0,1,0,0,0,0,0,0,"- ","- ",38.817378997802734,-121.30194091796875,PLACER,UNINCORPORATED,-121.3072509765625,38.817298889160156
92012971,2023,2023-03-08,9220,2023-02-26,"800 ",019465,,7,1,9,3100,0,3,5,,2,020,"AUBURN FOLSOM ROAD","MUIR WAY",686.00,S,N,B,-,N,,,,,,,,,,Y,2,0,4,3,A,-,08,22107,,N,F,C,A,B,H,-,A,D,0,,,,,Y,,A,01,1,3,0,0,0,0,0,0,0,"- ","- ",38.726970672607422,-121.17529296875,PLACER,UNINCORPORATED,-121.17514801025391,38.726982116699219
92013498,2023,2023-03-09,9221,2023-03-04,1223,019869,,6,1,9,3100,0,1,1,,2,386,"INTERSTATE 80 WESTBOUND","BLUE CANYON ROAD",9504.00,W,N,D,-,Y,PLA,,80," "," ",51.587,H,,L,Y,4,0,1,7,A,-,03,22350,,N,E,8,A,C,G,-,A,A,0,,,,Y,Y,,-,"- ",0,0,1,0,0,0,0,0,0,"- ","- ",39.267040252685547,-120.72666168212891,PLACER,UNINCORPORATED,-120.72658538818359,39.266986846923828
92013834,2023,2023-03-09,9220,2023-02-27,1450,020096,,1,2,5,3105,0,1,3,,1,265,"SR-65 S/B","PLEASANT GROVE BOULEVARD",0.00,,Y,B,C,Y,PLA,,65," ",R,7.186,H,,L,N,4,0,1,2,A,-,03,22350,,N,C,C,A,B,H,-,A,D,0,,,,,Y,,A,01,0,0,1,0,0,0,0,0,0,"- ","- ",38.787151336669922,-121.2855224609375,PLACER,ROSEVILLE,-121.2855224609375,38.787143707275391
92014148,2023,2023-03-09,9220,2023-03-01,"520 ",016657,,3,3,9,3100,0,1,S,,2,822,"I-80 E/B",SR-193,90.00,W,N,B,-,Y,PLA,,80," "," ",14.291,H,,R,Y,4,0,1,2,C,-,18,,,N,D,C,A,C,H,-,C,D,0,,,,,Y,,-,"- ",0,0,1,0,0,0,0,0,0,"- ","- ",38.878250122070312,-121.12631225585938,PLACER,UNINCORPORATED,-121.12627410888672,38.878078460693359
92014867,2023,2023-03-10,9220,2023-03-01,1908,019465,,3,2,9,3100,0,3,5,,2,020,"BARTON RD","DOUGLAS BLVD",17.00,N,N,A,-,N,,,,,,,,,,N,4,0,1,2,A,-,09,21453,B,N,D,C,A,A,H,-,C,A,0,,,,,Y,,A,07,0,0,1,0,0,0,0,0,0,"- ","- ",38.744190216064453,-121.18917846679688,PLACER,UNINCORPORATED,-121.18919372558594,38.744007110595703
92014946,2022,2023-03-10,9220,2022-11-25,1010,017762,,5,1,9,3100,0,2,4,,2,056,"BELL ROAD","QUARTZ DRIVE",1309.00,E,N,A,-,N,,,,,,,,,,N,1,1,0,2,A,-,08,22107,,N,G,B,E,A,H,-,A,D,0,Y,,,,Y,,A,01,0,0,0,1,0,0,0,0,0,"- ","- ",38.942581176757812,-121.08973693847656,PLACER,UNINCORPORATED,-121.08969116210938,38.942462921142578
92015059,2023,2023-03-10,9220,2023-03-03,1130,019133,,5,1,9,3100,0,1,3,,1,249,"SR-49 S/B","JOEGER RD",0.00,,Y,A,-,Y,PLA,,49," ",R,7.960,H,,L,N,3,0,1,2,A,-,09,21802,A,N,D,C,A,A,H,-,A,D,0,,,,,Y,,D,22,0,1,0,0,0,0,0,0,0,"- ","- ",38.963951110839844,-121.10413360595703,PLACER,UNINCORPORATED,-121.10411834716797,38.963951110839844
9201528,2020,2021-02-11,3105,2020-12-06,1700,143,,7,5,5,3105,0,0,0,,0,006,"WASHINGTON BL","BLUE OAKS BL",0.00,,Y,A,-,N,,,,,,,,,,Y,4,0,1,2,A,-,12,21453,A,N,B,D,A,A,H,-,C,A,0,,,,,Y,,A,01,0,0,1,0,0,0,0,0,0,"- ","- ",38.795238494873047,-121.30055999755859,PLACER,ROSEVILLE,-121.30046081542969,38.795200347900391
9201556,2021,2021-03-10,3105,2021-01-04,1350,1119,,1,5,5,3105,0,0,0,,0,002,"SUNRISE AV","CONROY LN",20.00,E,N,C,-,N,,,,,,,,,,Y,4,0,2,2,A,-,09,21804,A,N,D,C,A,B,H,-,A,D,0,,,,,Y,,D,22,0,0,2,0,0,0,0,0,0,"- ","- ",,,PLACER,ROSEVILLE,-121.27201843261719,38.737918853759766
92016514,2023,2023-03-13,9220,2023-03-03,2200,018548,,5,3,9,3100,0,1,1,,2,283,"I-80 E/B","APPLEGATE RD",2640.00,E,N,A,-,Y,PLA,,80," "," ",27.872,H,,R,Y,3,0,1,1,A,-,08,22107,,M,E,I,A,A,H,-,D,D,0,,,,,Y,,A,01,0,1,0,0,0,0,0,0,0,"- ","- ",39.024311065673828,-120.97805023193359,PLACER,UNINCORPORATED,-120.97797393798828,39.024295806884766
92017420,2022,2023-03-14,9220,2022-12-16,1030,015917,,5,1,9,3100,0,2,4,,2,056,"SR-49 (GRASS VALLEY HIGHWAY)","BELL RD.",0.00,,Y,A,-,Y,PLA,,49,,,6.387,H,,R,Y,4,0,2,2,B,-,22,,,N,C,C,A,A,H,-,A,A,0,,,,,Y,,J,41,0,0,2,0,0,0,0,0,0,"- ","- ",38.942119598388672,-121.09707641601562,PLACER,UNINCORPORATED,-121.0970458984375,38.942127227783203
92017898,2023,2023-03-14,9220,2023-03-06,1805,020096,,1,2,9,3100,0,1,3,,1,265,"SUNSET BLVD",SR-65,888.00,E,N,B,-,N,,,,,,,,,,Y,4,0,1,2,A,-,01,23152,F,N,C,E,A,A,H,-,C,D,0,,,,,Y,,A,07,0,0,1,0,0,0,0,0,0,"- ","- ",38.817131042480469,-121.29665374755859,PLACER,UNINCORPORATED,-121.29686737060547,38.817180633544922
92017963,2023,2023-03-14,9220,2023-03-08,1400,019222,,3,2,9,3100,0,2,S,,2,059,"CANYON WAY","LIVE OAK RD",0.00,,Y,A,-,N,,,,,,,,,,N,3,0,1,2,A,-,09,21801,A,N,D,C,A,A,H,-,A,A,0,,,,,Y,,D,22,0,1,0,0,0,0,0,0,0,"- ","- ",39.052040100097656,-120.96376037597656,PLACER,UNINCORPORATED,-120.96366882324219,39.051971435546875
92019621,2023,2023-03-16,9221,2023-03-13,2300,020567,,1,3,9,3100,0,1,1,,2,388,"I-80 W/B","KINGVALE EXIT",1150.00,W,N,B,D,Y,PLA,,80," "," ",69.016,H,,L,N,3,0,1,3,A,-,03,22350,,N,B,E,E,C,H,-,C,A,0,Y,,,Y,Y,,G,25,0,1,0,0,1,0,0,0,0,"- ","- ",39.314109802246094,-120.44965362548828,PLACER,UNINCORPORATED,-120.44965362548828,39.314098358154297
92019648,2023,2023-03-16,9220,2023-02-22,"950 ",015917,,3,1,9,3100,0,2,4,,2,062,"FORESTHILL RD","DRIVERS FLAT RD",950.00,E,N,B,-,N,,,,,,,,,,Y,4,0,1,1,A,-,03,22350,,N,F,A,A,A,H,-,A,D,0,,,,Y,Y,,G,25,0,0,1,0,0,0,0,0,0,"- ","- ",38.973659515380859,-120.95391845703125,PLACER,UNINCORPORATED,-120.954345703125,38.969169616699219
92019663,2023,2023-03-16,9222,2023-03-06,1440,016852,,1,2,9,3100,0,3,5,,2,010,"RACCOON STREET (500 BLOCK)","LOCH LEVON AVENUE",15.00,S,N,D,-,N,,,,,,,,,,N,4,0,1,1,A,-,01,23152,A,N,E,J,A,C,E,-,A,A,0,,,,,Y,Y,A,07,0,0,1,0,0,0,0,0,0,"- ","- ",39.240810394287109,-120.02179718017578,PLACER,UNINCORPORATED,-120.02182769775391,39.240867614746094
92020078,2023,2023-03-16,9220,2023-03-09,1520,017027,,4,2,9,3100,0,1,3,,1,249,"SR-49 (GRASS VALLEY HIGHWAY)","DOUG OEST RD. (PRIVATE ROAD)",0.00,,Y,B,C,Y,PLA,,49," ",R,8.323,H,,R,Y,3,0,2,2,A,-,09,21804,A,N,D,C,A,B,H,-,A,D,0,,,,,Y,,D,22,0,2,0,0,0,0,0,0,0,"- ","- ",38.969158172607422,-121.10507202148438,PLACER,UNINCORPORATED,-121.10508728027344,38.969154357910156
92020083,2023,2023-03-16,9220,2023-03-09,1820,017818,,4,2,9,3100,0,3,5,,2,010,"ATHENS AVE","THUNDER VALLEY CT",180.00,E,N,B,C,N,,,,,,,,,,Y,4,0,2,3,A,-,03,22350,,N,C,C,A,B,H,-,C,A,0,,,,,Y,,A,07,0,0,2,0,0,0,0,0,0,"- ","- ",38.838958740234375,-121.31095886230469,PLACER,UNINCORPORATED,-121.31109619140625,38.83905029296875
92022443,2023,2023-03-20,9220,2023-03-13,1628,020096,,1,2,5,3105,0,1,1,,2,281,"I-80 E/B","ROSEVILLE PARKWAY",725.00,W,N,B,-,Y,PLA,,80," "," ",3.284,H,,R,Y,4,0,1,3,A,-,03,22350,,N,C,C,A,B,H,-,A,D,0,,,,,Y,,A,01,0,0,1,0,0,0,0,0,0,"- ","- ",38.760879516601562,-121.25958251953125,PLACER,ROSEVILLE,-121.25965881347656,38.760913848876953
92022536,2023,2023-03-20,9220,2023-03-16,1620,016752,,4,2,9,3100,0,3,5,,2,070,"INDIAN HILL RD","GLENVIEW ROAD",792.00,W,N,A,-,N,,,,,,,,,,Y,3,0,1,1,A,-,01,23152,A,N,E,I,A,A,H,-,A,D,0,,,,,Y,Y,A,01,0,1,0,0,0,0,0,0,0,"- ","- ",38.872470855712891,-121.11766052246094,PLACER,UNINCORPORATED,-121.11380767822266,38.871860504150391
92022549,2023,2023-03-20,9220,2023-03-16,1715,019373,,4,2,9,3100,0,1,1,,2,283,"I-80 W/B","W. WEIMAR CROSS RD",91.00,W,N,A,-,Y,PLA,,80," "," ",29.299,H,,L,Y,3,0,1,1,A,-,08,22107,,N,E,I,A,A,H,-,A,D,0,,,,,Y,,A,01,0,1,0,0,0,0,0,0,0,"- ","- ",39.044368743896484,-120.97431182861328,PLACER,UNINCORPORATED,-120.97423553466797,39.044357299804688
92023636,2023,2023-03-21,9220,2023-03-18,1450,020072,,6,2,9,3100,0,3,5,,2,060,"MCKEON PONDEROSA WAY","BIG OAK DR",275.00,N,N,A,-,N,,,,,,,,,,Y,3,0,2,1,A,-,01,23152,A,N,E,I,A,A,H,-,A,D,0,,,,,Y,Y,A,01,0,2,0,0,0,0,0,0,0,"- ","- ",38.990859985351562,-120.90618133544922,PLACER,UNINCORPORATED,-120.90617370605469,38.990825653076172
92023852,2022,2023-03-21,9220,2022-12-13,0203,019621,,2,3,9,3100,0,3,5,,2,020,"SUNRISE BLVD","KENSINGTON DRIVE",375.00,S,N,A,-,N,,,,,,,,,,Y,1,1,0,2,A,-,11,21954,A,N,G,B,D,A,H,-,C,D,0,Y,,,,Y,,N,60,0,0,0,1,0,0,0,0,0,"- ","- ",38.721519470214844,-121.27205657958984,PLACER,UNINCORPORATED,-121.27206420898438,38.726131439208984
92024965,2023,2023-03-22,9220,2023-03-13,"750 ",015917,,1,1,9,3100,0,1,1,,2,283,"I-80 W/B","PLACER HILLS RD",2544.00,W,N,B,-,Y,PLA,,80," ",R,22.957,H,,L,Y,4,0,1,1,A,-,08,22107,,N,F,8,A,B,H,-,A,D,0,,,,,Y,,A,01,0,0,1,0,0,0,0,0,0,"- ","- ",38.964229583740234,-121.02277374267578,PLACER,UNINCORPORATED,-121.02267456054688,38.964153289794922
92026724,2023,2023-03-23,9220,2023-03-17,2320,018548,,5,3,9,3100,0,1,3,,1,265,"SR-49 (GRASS VALLEY HIGHWAY)","RIO OSO ROAD",20.00,N,N,A,-,Y,PLA,,49," "," ",11.208,H,,R,Y,3,0,1,1,A,-,01,23152,A,N,E,J,A,A,H,-,C,D,0,,,,,Y,Y,D,22,0,1,0,0,0,0,0,0,0,"- ","- ",39.009658813476562,-121.10511016845703,PLACER,UNINCORPORATED,-121.10518646240234,39.009677886962891
92027348,2023,2023-03-23,9221,2023-03-17,"115 ",018740,,5,3,9,3100,0,1,1,,2,388,"I-80 E/B","S. YUBA DR.",528.00,W,N,A,-,Y,PLA,,80," "," ",68.009,H,,R,Y,3,0,2,1,A,-,03,22350,,N,E,J,A,C,H,-,D,D,0,,,,,Y,,-,"- ",0,2,0,0,0,0,0,0,0,"- ","- ",39.313720703125,-120.46806335449219,PLACER,UNINCORPORATED,-120.46803283691406,39.31365966796875
92029314,2023,2023-03-27,9220,2023-03-03,2350,019040,,5,3,9,3100,0,1,1,,2,283,"I-80 W/B","CROTHER RD",1000.00,E,N,A,-,Y,PLA,,80," ",R,26.439,H,,L,N,4,0,1,2,A,-,06,21750,A,N,B,C,A,A,H,-,D,D,0,,,,,Y,,D,22,0,0,1,0,0,0,0,0,0,"- ","- ",39.006828308105469,-120.99134826660156,PLACER,UNINCORPORATED,-120.99137115478516,39.006839752197266
92029363,2023,2023-03-27,9220,2023-03-20,1400,020096,,1,2,9,3100,0,2,4,,2,027,"AUBURN FOLSOM ROAD","TREELINE COURT",0.00,,Y,A,-,N,,,,,,,,,,Y,4,0,1,2,A,-,09,21802,A,N,D,C,A,A,H,-,A,A,0,,,,,Y,,A,07,0,0,1,0,0,0,0,0,0,"- ","- ",38.745731353759766,-121.17057037353516,PLACER,UNINCORPORATED,-121.17059326171875,38.745693206787109
92029617,2023,2023-03-27,9220,2023-03-16,1215,017762,,4,1,9,3100,0,3,5,,2,010,"E. CATLETT RD.","S. BREWER RD.",4400.00,W,N,A,-,N,,,,,,,,,,N,3,0,1,1,A,-,03,22350,,N,F,A,A,A,A,-,A,D,0,,,,,Y,,A,07,0,1,0,0,0,0,0,0,0,"- ","- ",38.846019744873047,-121.46745300292969,PLACER,UNINCORPORATED,-121.46698760986328,38.846031188964844
92032478,2023,2023-03-30,9221,2023-03-28,1000,018579,,2,1,9,3100,0,1,1,,2,388,"I-80 W/B","HAMPSHIRE ROCKS ROAD",5122.00,W,N,B,D,Y,PLA,,80," ",R,65.221,H,,L,N,3,0,1,1,A,-,03,22350,,N,E,I,A,C,H,-,A,A,0,,,,,Y,,D,22,0,1,0,0,0,0,0,0,0,"- ","- ",39.311191558837891,-120.5184326171875,PLACER,UNINCORPORATED,-120.51847839355469,39.311214447021484
92034722,2023,2023-03-31,9220,2023-03-15,1110,015491,,3,1,9,3100,0,1,3,,1,265,"SR-65 S/B FROM BLUE OAKS BLVD W/B","BLUE OAKS BOULEVARD OVERCROSSING",720.00,S,N,A,-,Y,PLA,,65," ",R,7.924,H,,L,N,4,0,1,3,A,-,03,22350,,N,C,C,A,A,H,-,A,A,0,,,,,Y,,A,01,0,0,1,0,0,0,0,0,0,"- ","- ",38.793750762939453,-121.29625701904297,PLACER,UNINCORPORATED,-121.29605865478516,38.793869018554688
9203485,2020,2021-02-01,3103,2020-12-10,1025,JMCCA,L5,4,5,2,3103,0,0,0,,0,0L3,"LINCOLN BL","1ST ST",0.00,,Y,A,-,N,,,,,,,,,,N,4,0,1,2,A,-,08,22107,,N,D,C,A,A,H,-,A,D,0,,Y,,,Y,,D,22,0,0,1,0,0,0,1,0,0,"- ","- ",38.886539459228516,-121.29279327392578,PLACER,LINCOLN,-121.29281616210938,38.886539459228516
92035700,2023,2023-04-03,9221,2023-03-24,"820 ",019869,,5,1,9,3100,0,1,1,,2,386,"INTERSTATE 80","BLUE CANYON RD",5755.00,W,N,B,-,Y,PLA,,80," "," ",52.292,H,,R,Y,2,0,1,1,A,-,08,22107,,N,E,J,A,B,H,-,A,D,0,,,,,Y,,A,07,1,0,0,0,0,0,0,0,0,"- ","- ",39.27191162109375,-120.71417999267578,PLACER,UNINCORPORATED,-120.71427154541016,39.271953582763672
92038908,2023,2023-04-06,9220,2023-04-05,"602 ",015961,,3,1,5,3105,0,1,1,,2,281,"I-80 E/B","RIVERSIDE AVE O/C",300.00,W,N,B,-,Y,PLA,,80," "," ",0.218,H,,R,N,4,0,1,2,A,-,07,21658,A,N,B,C,A,A,H,-,A,D,0,,,,,Y,,-,"- ",0,0,1,0,0,0,0,0,0,"- ","- ",38.724029541015625,-121.29097747802734,PLACER,ROSEVILLE,-121.29098510742188,38.724033355712891
9204065,2020,2021-02-27,3105,2020-12-11,2126,1150,,5,5,5,3105,0,0,0,,0,003,"HARDING BL","MAHAN CT",200.00,S,N,C,-,N,,,,,,,,,,N,3,0,1,2,A,-,11,21954,A,M,G,B,D,B,H,-,C,A,0,Y,,,,Y,,N,60,0,1,0,0,1,0,0,0,0,"- ","- ",38.749290466308594,-121.26885986328125,PLACER,ROSEVILLE,-121.26992034912109,38.749092102050781
9204098,2020,2021-02-25,3105,2020-11-25,0820,184,,3,5,5,3105,0,0,0,,0,001,"EUREKA RD","TAYLOR RD",0.00,,Y,A,-,N,,,,,,,,,,Y,4,0,2,2,A,-,12,21453,A,N,A,C,A,-,H,-,A,A,0,,,,,Y,,A,01,0,0,2,0,0,0,0,0,0,"- ","- ",38.757469177246094,-121.25959777832031,PLACER,ROSEVILLE,-121.25965881347656,38.757438659667969
92041332,2023,2023-04-10,9220,2023-04-07,1740,019465,,5,2,5,3105,0,1,3,,1,265,"SR-65 N/B","BLUE OAKS BOULEVARD",3000.00,S,N,A,-,Y,PLA,,65," ",R,7.477,H,,R,Y,3,0,3,4,A,-,03,22350,,N,C,C,A,A,H,-,A,D,0,,,,,Y,,A,07,0,1,2,0,0,0,0,0,0,"- ","- ",38.789531707763672,-121.28988647460938,PLACER,ROSEVILLE,-121.28986358642578,38.789562225341797
92041794,2023,2023-04-11,9220,2023-03-16,"655 ",015272,,4,1,9,3100,0,1,3,,2,193,SR-193,"TWIN PONDS LN",1020.00,W,N,A,-,Y,PLA,,193," "," ",3.298,H,,R,N,4,0,1,2,A,-,11,21956,A,N,G,B,E,A,H,-,A,D,0,Y,,,,Y,,N,60,0,0,1,0,1,0,0,0,0,"- ","- ",38.886508941650391,-121.23246765136719,PLACER,UNINCORPORATED,-121.23246765136719,38.886569976806641
9204204,2020,2021-02-08,3105,2020-12-18,1402,3034,,5,5,5,3105,0,0,0,,0,005,"FAIRWAY DR","PLEASANT GROVE BL",700.00,E,N,A,-,N,,,,,,,,,,Y,4,0,1,2,A,-,09,21804,A,N,D,C,A,A,A,H,A,A,0,,,,,Y,,D,23,0,0,1,0,0,0,0,0,0,"- ","- ",38.788211822509766,-121.27986907958984,PLACER,ROSEVILLE,-121.27975463867188,38.78851318359375
92046808,2023,2023-04-17,9220,2023-04-15,"420 ",017863,,6,3,9,3100,0,3,5,,2,040,"SKYVIEW DR.","MOSS ROCK DR.",1200.00,N,N,A,-,N,,,,,,,,,,Y,4,0,1,1,A,-,21,22106,,N,E,I,A,A,H,-,D,D,0,,,,,Y,,A,07,0,0,1,0,0,0,0,0,0,"- ","- ",38.969039916992188,-121.09001159667969,PLACER,UNINCORPORATED,-121.09040832519531,38.973159790039062
92046872,2023,2023-04-17,9220,2023-04-16,1355,016429,,7,1,9,3100,0,1,3,,1,249,"SR-49 (EL DORADO ST)","LINCOLN WAY",5280.00,S,N,A,-,Y,PLA,,49," "," ",1.300,H,,R,Y,2,0,1,1,A,-,03,22350,,N,F,A,A,A,H,-,A,D,0,,,Y,,Y,,C,02,1,0,0,0,0,0,0,0,1,"- ","- ",38.905281066894531,-121.05384063720703,PLACER,UNINCORPORATED,-121.0538330078125,38.9052734375
92049609,2023,2023-04-20,9220,2023-04-10,"503 ",016657,,1,3,9,3100,0,1,3,,1,249,"SR-49 (GRASS VALLEY HIGHWAY)","HUMMINGBIRD LN",175.00,S,N,A,-,Y,PLA,,49," ",R,10.984,H,,R,Y,1,1,0,1,A,-,08,22107,,N,F,0,A,A,C,-,D,D,0,,,,,Y,,A,07,0,0,0,0,0,0,0,0,0,"- ","- ",39.006549835205078,-121.10646820068359,PLACER,UNINCORPORATED,-121.10633850097656,39.006523132324219
92050366,2023,2023-04-26,9220,2023-04-19,1855,020072,,3,2,9,3100,0,2,4,,2,027,"AUBURN FOLSOM RD","JOE RODGERS RD",0.00,,Y,A,-,N,,,,,,,,,,Y,3,0,2,2,A,-,09,21801,A,N,A,C,A,A,H,-,A,D,0,,,,,Y,,A,01,0,2,0,0,0,0,0,0,0,"- ","- ",38.750701904296875,-121.17032623291016,PLACER,UNINCORPORATED,-121.1702880859375,38.750759124755859
92051920,2023,2023-04-24,9220,2023-04-15,"110 ",019830,,6,3,2,3103,0,1,3,,1,265,"SR-65 N/B OFF RAMP TO LINCOLN BLVD","LINCOLN BLVD.",366.00,S,N,A,-,Y,,,,,,,,,,Y,2,0,1,1,A,-,01,23152,A,N,E,I,A,A,H,-,C,D,0,,,Y,,Y,Y,C,02,1,0,0,0,0,0,0,0,1,"- ","- ",38.864940643310547,-121.30001068115234,PLACER,LINCOLN,-121.30001068115234,38.864940643310547