CASE_ID,ACCIDENT_YEAR,PROC_DATE,JURIS,COLLISION_DATE,COLLISION_TIME,OFFICER_ID,REPORTING_DISTRICT,DAY_OF_WEEK,CHP_SHIFT,POPULATION,CNTY_CITY_LOC,SPECIAL_COND,BEAT_TYPE,CHP_BEAT_TYPE,CITY_DIVISION_LAPD,CHP_BEAT_CLASS,BEAT_NUMBER,PRIMARY_RD,SECONDARY_RD,DISTANCE,DIRECTION,INTERSECTION,WEATHER_1,WEATHER_2,STATE_HWY_IND,CALTRANS_COUNTY,CALTRANS_DISTRICT,STATE_ROUTE,ROUTE_SUFFIX,POSTMILE_PREFIX,POSTMILE,LOCATION_TYPE,RAMP_INTERSECTION,SIDE_OF_HWY,TOW_AWAY,COLLISION_SEVERITY,NUMBER_KILLED,NUMBER_INJURED,PARTY_COUNT,PRIMARY_COLL_FACTOR,PCF_CODE_OF_VIOL,PCF_VIOL_CATEGORY,PCF_VIOLATION,PCF_VIOL_SUBSECTION,HIT_AND_RUN,TYPE_OF_COLLISION,MVIW,PED_ACTION,ROAD_SURFACE,ROAD_COND_1,ROAD_COND_2,LIGHTING,CONTROL_DEVICE,CHP_ROAD_TYPE,PEDESTRIAN_ACCIDENT,BICYCLE_ACCIDENT,MOTORCYCLE_ACCIDENT,TRUCK_ACCIDENT,NOT_PRIVATE_PROPERTY,ALCOHOL_INVOLVED,STWD_VEHTYPE_AT_FAULT,CHP_VEHTYPE_AT_FAULT,COUNT_SEVERE_INJ,COUNT_VISIBLE_INJ,COUNT_COMPLAINT_PAIN,COUNT_PED_KILLED,COUNT_PED_INJURED,COUNT_BICYCLIST_KILLED,COUNT_BICYCLIST_INJURED,COUNT_MC_KILLED,COUNT_MC_INJURED,PRIMARY_RAMP,SECONDARY_RAMP,LATITUDE,LONGITUDE,COUNTY,CITY,POINT_X,POINT_Y
92108567,2023,2023-07-03,9220,2023-06-30,1355,017375,,5,1,9,3100,0,1,3,,1,249,"SR-49 (GRASS VALLEY HIGHWAY)","BELL ROAD",252.00,S,N,A,-,Y,PLA,,49," "," ",6.324,H,,R,N,3,0,1,2,A,-,05,21650,,N,D,G,A,A,H,-,A,D,0,,Y,,,Y,,L,04,0,1,0,0,0,0,1,0,0,"- ","- ",38.941188812255859,-121.09703826904297,PLACER,UNINCORPORATED,-121.09676361083984,38.941242218017578
92109379,2023,2023-07-04,9220,2023-06-23,1710,019133,,5,2,5,3105,0,1,1,,2,281,"I-80 E/B","ROSEVILLE PKY",38.00,E,N,A,-,Y,PLA,,80," "," ",3.448,H,,R,N,4,0,1,2,A,-,03,22350,,N,C,C,A,A,H,-,A,D,0,,,,,Y,,A,07,0,0,1,0,0,0,0,0,0,"- ","- ",38.76300048828125,-121.25818634033203,PLACER,ROSEVILLE,-121.25822448730469,38.763015747070312
92111808,2023,2023-07-07,9220,2023-06-09,"745 ",015272,,5,1,9,3100,0,1,3,,2,293,SR-193,"SUMMER STAR WAY",956.00,W,N,A,-,Y,PLA,,193," "," ",7.819,H,,R,Y,4,0,2,3,A,-,03,22350,,N,C,C,A,A,D,-,A,D,0,,,,,Y,,D,22,0,0,2,0,0,0,0,0,0,"- ","- ",38.876468658447266,-121.16401672363281,PLACER,UNINCORPORATED,-121.16401672363281,38.876472473144531
92111919,2023,2023-07-07,9220,2023-07-04,1405,016752,,2,2,9,3100,0,1,1,,2,282,"I-80 E/B","INDIAN HILL RD",3274.00,W,N,A,-,Y,PLA,,80," "," ",13.183,H,,R,Y,4,0,1,1,A,-,08,22107,,N,E,I,A,A,H,-,A,D,0,,,,,Y,,A,01,0,0,1,0,0,0,0,0,0,"- ","- ",38.864200592041016,-121.13304138183594,PLACER,UNINCORPORATED,-121.13314056396484,38.864227294921875
92113005,2023,2023-07-10,9220,2023-07-08,1938,019373,,6,2,9,3100,0,3,5,,2,060,"OLD FORESTHILL ROAD","FORESTHILL RD",3168.00,S,N,A,-,N,,,,,,,,,,N,2,0,1,1,A,-,03,22350,,N,E,I,A,A,H,-,A,D,0,,,Y,,Y,,C,02,1,0,0,0,0,0,0,0,1,"- ","- ",38.927211761474609,-121.00742340087891,PLACER,UNINCORPORATED,-121.05465698242188,38.923267364501953
92113759,2023,2023-07-11,9222,2023-07-02,1359,017907,,7,1,9,3100,0,1,3,,1,011,"GRIMSEL WAY","SR-89 SOUTH",10.00,W,N,A,-,N,,,,,,,,,,N,4,0,1,2,A,-,08,22107,,N,D,G,A,A,H,-,A,D,0,,Y,,,Y,,D,23,0,0,1,0,0,0,1,0,0,"- ","- ",39.100540161132812,-120.16359710693359,PLACER,UNINCORPORATED,,
9211686,2020,2022-06-18,3105,2020-11-29,1810,1059,,7,5,5,3105,0,0,0,,0,004,"FOOTHILL BL","DENIO LP",1095.00,S,N,A,-,N,,,,,,,,,,Y,1,1,0,2,A,-,01,23152,G,F,B,C,A,A,H,-,D,A,0,,,Y,,Y,Y,C,02,0,0,0,0,0,0,0,1,0,"- ","- ",38.737380981445312,-121.30534362792969,PLACER,ROSEVILLE,-121.30322265625,38.736061096191406
92120929,2023,2023-07-19,9220,2023-07-15,"735 ",017306,,6,1,9,3100,0,1,3,,1,265,"SR-65 N/B","BLUE OAKS BLVD.",1320.00,S,N,A,-,Y,PLA,,65," ",R,7.795,H,,R,Y,4,0,1,1,A,-,08,22107,,N,E,I,A,A,H,-,A,D,0,,,,,Y,,A,07,0,0,1,0,0,0,0,0,0,"- ","- ",38.792629241943359,-121.29415893554688,PLACER,UNINCORPORATED,-121.29433441162109,38.792503356933594
92122269,2023,2023-07-20,9222,2023-07-15,1235,017091,,6,1,9,3100,0,1,3,,1,016,"STATE ROUTE 267","SCHAFFER MILL ROAD",25.00,N,N,A,-,Y,PLA,,267," "," ",0.236,H,,R,N,3,0,1,2,A,-,03,22350,,N,B,C,A,A,H,-,A,A,0,,Y,,,Y,Y,L,04,0,1,0,0,0,0,1,0,0,"- ","- ",39.314651489257812,-120.14884948730469,PLACER,UNINCORPORATED,-120.1488037109375,39.314708709716797
92122780,2023,2023-07-21,9221,2023-07-07,1800,017669,,5,2,9,3100,0,3,5,,2,070,"MAGRA ROAD","RIVER RIDGE ROAD",5280.00,E,N,A,-,N,,,,,,,,,,N,2,0,1,1,C,-,18,,,N,H,H,A,A,H,-,A,D,0,,,Y,,Y,,-,"- ",1,0,0,0,0,0,0,0,1,"- ","- ",39.164348602294922,-120.87454986572266,PLACER,UNINCORPORATED,-120.87447357177734,39.164104461669922
92122843,2023,2023-07-21,9220,2023-07-13,1617,019373,,4,2,9,3100,0,3,5,,2,020,"AUBURN FOLSOM ROAD","CAVITT STALLMAN RD",402.00,S,N,A,-,N,,,,,,,,,,Y,3,0,1,1,A,-,01,23152,F,N,E,8,A,A,H,-,A,D,0,,,,,Y,,A,01,0,1,0,0,0,0,0,0,0,"- ","- ",38.765590667724609,-121.16384124755859,PLACER,UNINCORPORATED,-121.16362762451172,38.765583038330078
92123801,2023,2023-07-24,9220,2023-07-17,1410,019133,,1,2,9,3100,0,2,4,,2,022,"DOUGLAS BLVD","BARTON RD",637.00,W,N,A,-,N,,,,,,,,,,N,4,0,1,2,A,-,03,22350,,N,C,C,A,A,H,-,A,D,0,,,,,Y,,A,01,0,0,1,0,0,0,0,0,0,"- ","- ",38.743980407714844,-121.19149017333984,PLACER,UNINCORPORATED,-121.19142150878906,38.744010925292969
92123816,2023,2023-07-24,9220,2023-07-21,1416,019373,,5,2,9,3100,0,2,4,,2,057,"BOWMAN RD","ROBIN LANE",0.00,,Y,A,-,N,,,,,,,,,,Y,4,0,1,2,A,-,09,21802,A,N,D,C,A,A,H,-,A,A,0,,,,,Y,,A,01,0,0,1,0,0,0,0,0,0,"- ","- ",38.936630249023438,-121.05390167236328,PLACER,UNINCORPORATED,-121.05396270751953,38.93670654296875
92124147,2023,2023-07-24,9220,2023-07-09,"28  ",019621,,7,3,9,3100,0,2,4,,2,022,"DOUGLAS BLVD","AUBURN FOLSOM RD",0.00,,Y,A,-,N,,,,,,,,,,Y,3,0,1,1,A,-,01,23152,A,N,A,I,A,A,H,-,C,A,0,,,,,Y,Y,A,01,0,1,0,0,0,0,0,0,0,"- ","- ",38.743350982666016,-121.17079925537109,PLACER,UNINCORPORATED,-121.17060852050781,38.743450164794922
92124396,2023,2023-07-24,9220,2023-07-20,"145 ",018768,,4,3,2,3103,0,1,3,,1,265,"SR-65 N/B","LINCOLN BL",720.00,S,N,A,-,Y,PLA,,65," ",R,12.713,H,,R,Y,3,0,1,1,A,-,08,22107,,N,E,8,A,A,H,-,C,D,0,,,,,Y,,A,01,0,1,0,0,0,0,0,0,0,"- ","- ",38.862548828125,-121.30037689208984,PLACER,LINCOLN,-121.30046081542969,38.862525939941406
92124405,2023,2023-07-24,9220,2023-07-21,"220 ",016657,,5,3,9,3100,0,1,1,,2,282,"I-80 W/B","PENRYN ROAD",1688.00,E,N,A,-,Y,PLA,,80," "," ",10.692,H,,L,Y,4,0,1,1,A,-,08,22107,,N,E,I,A,A,H,-,A,D,0,,,,,Y,,A,07,0,0,1,0,0,0,0,0,0,"- ","- ",38.837749481201172,-121.164306640625,PLACER,UNINCORPORATED,-121.16424560546875,38.837703704833984
92124556,2023,2023-07-24,9222,2023-07-15,2110,021995,,6,2,9,3100,0,3,5,,2,010,"FLEUR DE LAC","SCHAFFER MILL ROAD",0.00,,Y,B,-,N,,,,,,,,,,N,2,0,5,1,A,-,01,23152,A,N,F,I,A,A,H,-,D,D,0,,,,,Y,Y,M,96,2,3,0,0,0,0,0,0,0,"- ","- ",39.286930084228516,-120.16539001464844,PLACER,UNINCORPORATED,-120.16542816162109,39.286933898925781
92126798,2023,2023-07-26,9222,2023-07-20,1155,016852,,4,1,9,3100,0,1,3,,1,011,"STATE ROUTE 89 SOUTH (SR-89S)[WEST LAKE BOULEVARD","OLYMPIC DRIVE",30.00,S,N,A,-,Y,PLA,,89," "," ",7.870,H,,R,N,3,0,1,2,A,-,09,21804,A,N,D,G,A,A,H,-,A,A,0,,Y,,,Y,,-,"- ",0,1,0,0,0,0,1,0,0,"- ","- ",39.158210754394531,-120.14601135253906,PLACER,UNINCORPORATED,-120.14582061767578,39.158191680908203
9212701,2021,2021-03-09,3105,2021-01-09,2328,1124,,6,5,5,3105,0,0,0,,0,002,"EURKEA RD","TAYLOR RD",0.00,,Y,A,-,Y,PLA,3,80,-,-,2.851,R,4,E,Y,4,0,2,2,A,-,12,21453,A,N,B,C,A,A,H,-,C,A,0,,,,,Y,,A,01,0,0,2,0,0,0,0,0,0,"- ","- ",38.757469177246094,-121.2596435546875,PLACER,ROSEVILLE,-121.26309204101562,38.755630493164062
92127702,2023,2023-07-27,9220,2023-07-18,1115,015272,,2,1,9,3100,0,2,4,,2,077,"AUBURN FOLSOM RD","NEWCASTLE RD",0.00,,Y,A,-,N,,,,,,,,,,Y,2,0,1,2,A,-,09,21802,A,N,D,C,A,A,H,-,A,A,0,,,,,Y,,D,22,1,0,0,0,0,0,0,0,0,"- ","- ",38.842758178710938,-121.11634063720703,PLACER,UNINCORPORATED,-121.11640930175781,38.842685699462891
92127749,2023,2023-07-27,9220,2023-07-24,1515,019133,,1,2,5,3105,0,1,1,,2,281,"I-80 W/B","TAYLOR ROAD",131.00,W,N,A,-,Y,PLA,,80," "," ",3.623,H,,L,N,3,0,3,3,A,-,03,22350,,N,C,C,A,A,H,-,A,D,0,,,,,Y,,A,07,0,2,1,0,0,0,0,0,0,"- ","- ",38.765228271484375,-121.25644683837891,PLACER,ROSEVILLE,-121.25643157958984,38.765209197998047
92127766,2023,2023-07-27,9220,2023-07-25,1604,019133,,2,2,9,3100,0,2,4,,2,022,"DOUGLAS BLVD","BARTON RD",500.00,W,N,A,-,N,,,,,,,,,,N,4,0,1,4,A,-,03,22350,,M,C,C,A,A,H,-,A,D,0,,,,,Y,,A,01,0,0,1,0,0,0,0,0,0,"- ","- ",38.743968963623047,-121.19101715087891,PLACER,UNINCORPORATED,-121.19094085693359,38.743999481201172
92130577,2023,2023-07-28,9220,2023-07-08,1953,019465,,6,2,5,3105,0,1,3,,1,265,"SR-65 S/B","GALLERIA BLVD",1300.00,N,N,A,-,Y,PLA,,65," ",R,6.195,H,,L,Y,3,0,1,2,A,-,03,22350,,N,C,C,A,A,H,-,A,D,0,,,Y,,Y,,C,02,0,1,0,0,0,0,0,0,1,"- ","- ",38.779380798339844,-121.26999664306641,PLACER,ROSEVILLE,-121.26998901367188,38.779388427734375
92131964,2023,2023-07-31,9220,2023-07-19,2250,018548,,3,3,5,3105,0,1,1,,2,281,"I-80 W/B TO SR-65 N/B","TAYLOR RD",300.00,S,N,A,-,Y,,,,,,,,,,Y,3,0,1,1,A,-,01,23152,A,F,E,I,A,A,H,-,C,D,0,,,,,Y,Y,A,01,0,1,0,0,0,0,0,0,0,"- ","- ",38.771099090576172,-121.24961090087891,PLACER,ROSEVILLE,-121.24961090087891,38.771099090576172
92132211,2023,2023-07-31,9222,2023-07-23,1625,019294,,7,2,9,3100,0,1,3,,1,014,"SR 28","OLD COUNTY ROAD",350.00,W,N,A,-,Y,PLA,,28," "," ",3.476,H,,R,N,2,0,1,2,A,-,08,22107,,F,B,G,A,A,H,-,A,D,0,,Y,,,Y,Y,-,99,1,0,0,0,0,0,1,0,0,"- ","- ",39.197738647460938,-120.09909057617188,PLACER,UNINCORPORATED,-120.09912109375,39.197757720947266
9213297,2024,2024-04-27,3105,2024-01-22,1545,595,,1,5,5,3105,0,0,0,,0,005,"HIGHLAND POINTE DR","PLEASANT GROVE BL",402.00,W,N,B,-,N,,,,,,,,,,Y,3,0,1,2,A,-,09,21801,A,N,D,C,A,A,H,-,A,A,0,,,,,Y,,A,07,0,1,0,0,0,0,0,0,0,"- ","- ",,,PLACER,ROSEVILLE,-121.28788757324219,38.783897399902344
92133072,2023,2023-08-01,9220,2023-07-20,1255,016657,,4,1,9,3100,0,2,4,,2,051,"CHRISTIAN VALLEY RD","WINCHESTER WAY",120.00,W,N,A,-,N,,,,,,,,,,Y,3,0,1,3,A,-,01,23152,A,N,C,C,A,A,H,-,A,D,0,,,,,Y,Y,D,22,0,1,0,0,0,0,0,0,0,"- ","- ",38.972419738769531,-121.04276275634766,PLACER,UNINCORPORATED,-121.04271697998047,38.972404479980469
92133521,2023,2023-08-01,9220,2023-07-25,1350,015961,,2,1,5,3105,0,1,1,,2,281,"I-80 W/B","LEAD HILL BLVD O/C",100.00,W,N,A,-,Y,PLA,,80," "," ",2.546,H,,L,Y,4,0,1,3,A,-,07,21658,A,N,B,C,A,A,H,-,A,D,0,,,,Y,Y,,A,07,0,0,1,0,0,0,0,0,0,"- ","- ",38.751518249511719,-121.26611328125,PLACER,ROSEVILLE,-121.26603698730469,38.751491546630859
92134246,2023,2023-08-02,9220,2023-07-27,1814,015961,,4,2,5,3105,0,1,1,,2,281,"I-80 E/B","E. ROSEVILLE PKWY O/C",200.00,E,N,A,-,Y,PLA,,80," "," ",3.464,H,,R,Y,4,0,2,2,A,-,07,21658,A,N,C,C,A,A,H,-,A,D,0,,,,,Y,,A,01,0,0,2,0,0,0,0,0,0,"- ","- ",38.763240814208984,-121.25814056396484,PLACER,ROSEVILLE,-121.25808715820312,38.763214111328125
92134503,2023,2023-08-02,9220,2023-07-30,"835 ",017306,,7,1,9,3100,0,2,4,,1,012,"BASELINE RD.","LOCUST RD",0.00,,Y,A,-,N,,,,,,,,,,Y,3,0,3,2,A,-,12,22450,A,N,D,C,A,A,H,-,A,A,0,,,,,Y,,A,07,0,1,2,0,0,0,0,0,0,"- ","- ",38.751609802246094,-121.46978759765625,PLACER,UNINCORPORATED,-121.46979522705078,38.751579284667969
92134545,2023,2023-08-02,9220,2023-08-01,1555,017375,,2,2,9,3100,0,1,3,,1,249,"SR-49 (GRASS VALLEY HIGHWAY)","NEVADA ST",126.00,S,N,A,-,Y,PLA,,49," "," ",4.518,H,,R,N,4,0,2,2,A,-,21,22106,,N,C,D,A,A,H,-,A,D,0,,,,,Y,,D,22,0,0,2,0,0,0,0,0,0,"- ","- ",38.918270111083984,-121.08085632324219,PLACER,UNINCORPORATED,-121.08087158203125,38.918266296386719
92135234,2023,2023-08-03,9220,2023-07-31,1430,019133,,1,2,9,3100,0,2,4,,2,022,"DOUGLAS BLVD","SEENO AVE",859.00,W,N,A,-,N,,,,,,,,,,N,2,0,2,1,A,-,08,22107,,N,E,I,A,A,H,-,A,D,0,,,,,Y,,A,07,1,1,0,0,0,0,0,0,0,"- ","- ",38.743911743164062,-121.21381378173828,PLACER,UNINCORPORATED,-121.21371459960938,38.743850708007812
92136181,2023,2023-08-04,9220,2023-07-31,2040,016752,,1,2,5,3105,0,1,1,,2,281,"I-80 E/B","TAYLOR RD",98.00,E,N,A,-,Y,PLA,,80," "," ",3.689,H,,R,Y,4,0,1,1,A,-,08,22107,,N,E,I,A,A,H,-,C,D,0,,,,,Y,,A,01,0,0,1,0,0,0,0,0,0,"- ","- ",38.765598297119141,-121.25550842285156,PLACER,ROSEVILLE,-121.25548553466797,38.765575408935547
92136189,2023,2023-08-04,9220,2023-08-02,1737,016752,,3,2,9,3100,0,1,1,,2,282,"I-80 E/B","NEWCASTLE RD",5280.00,W,N,A,-,Y,PLA,,80," "," ",12.612,H,,R,Y,4,0,2,2,A,-,03,22350,,N,C,C,A,A,H,-,A,D,0,,,,,Y,,A,01,0,0,2,0,0,0,0,0,0,"- ","- ",38.857818603515625,-121.13964080810547,PLACER,UNINCORPORATED,-121.13961029052734,38.857799530029297
92137592,2023,2023-08-07,9220,2023-07-30,1520,016657,,7,2,9,3100,0,3,5,,2,070,"SWETZER ROAD","WESTON RD",441.00,N,N,A,-,N,,,,,,,,,,Y,3,0,1,1,A,-,03,22350,,N,F,A,A,A,H,-,A,D,0,,,Y,,Y,,C,02,0,1,0,0,0,0,0,0,1,"- ","- ",38.840518951416016,-121.18810272216797,PLACER,UNINCORPORATED,-121.18812561035156,38.840431213378906
92137745,2023,2023-08-07,9220,2023-08-04,1757,016752,,5,2,9,3100,0,1,1,,2,282,"I-80 E/B","ROCK SPRINGS ROAD",1109.00,E,N,A,-,Y,PLA,,80," "," ",11.624,H,,R,Y,4,0,2,2,A,-,03,22350,,N,C,C,A,A,H,-,A,D,0,,,,,Y,,A,07,0,0,2,0,0,0,0,0,0,"- ","- ",38.847400665283203,-121.15228271484375,PLACER,UNINCORPORATED,-121.15225982666016,38.847381591796875
92137923,2023,2023-08-07,9220,2023-08-05,1310,016391,,6,1,9,3100,0,1,3,,1,249,"SR-49 (GRASS VALLEY HIGHWAY)","BELL RD",225.00,N,N,A,-,Y,PLA,,49," "," ",6.435,H,,R,N,3,0,1,2,A,-,03,22350,,N,C,C,A,A,H,-,A,D,0,,,,,Y,,D,22,0,1,0,0,0,0,0,0,0,"- ","- ",38.942768096923828,-121.09744262695312,PLACER,UNINCORPORATED,-121.09724426269531,38.942806243896484
92137925,2023,2023-08-07,9220,2023-08-06,2224,016657,,7,3,9,3100,0,3,5,,2,040,"CRAMER RD","FAWNRIDGE RD",440.00,E,N,A,-,N,,,,,,,,,,Y,4,0,1,1,A,-,08,22107,,N,E,I,A,A,H,-,D,D,0,,,,,Y,,A,01,0,0,1,0,0,0,0,0,0,"- ","- ",38.984428405761719,-121.12484741210938,PLACER,UNINCORPORATED,-121.12483215332031,38.984439849853516
92138413,2023,2023-08-08,9221,2023-08-02,1530,017669,,3,2,9,3100,0,1,1,,2,386,"I-80 W/B","BLUE CANYON UNDER CROSSING",528.00,E,N,A,-,Y,PLA,,80," "," ",54.160,H,,L,Y,4,0,1,2,A,-,03,22350,,N,C,C,A,A,H,-,A,D,0,,,,Y,Y,,G,25,0,0,1,0,0,0,0,0,0,"- ","- ",39.290130615234375,-120.69139862060547,PLACER,UNINCORPORATED,-120.69139099121094,39.290115356445312
92139793,2023,2023-08-09,9222,2023-08-03,1530,021167,,4,2,9,3100,0,1,3,,1,015,SR-28,"ONYX ST",130.00,E,N,A,-,Y,PLA,,28," "," ",6.024,H,,R,Y,4,0,2,3,A,-,03,22350,,N,C,C,A,A,H,-,A,D,0,,,,,Y,,A,07,0,0,2,0,0,0,0,0,0,"- ","- ",39.226909637451172,-120.07897186279297,PLACER,UNINCORPORATED,-120.07897186279297,39.226852416992188
92139913,2023,2023-08-09,9220,2023-07-24,1225,017762,,1,1,9,3100,0,3,5,,2,040,"JOEGER RD.","LYNN LN.",0.00,,Y,A,-,N,,,,,,,,,,Y,2,0,1,2,A,-,05,21460,A,N,D,C,A,A,H,-,A,A,0,,,Y,,Y,,C,02,1,0,0,0,0,0,0,0,1,"- ","- ",38.937789916992188,-121.13231658935547,PLACER,UNINCORPORATED,-121.13056945800781,38.939418792724609
92139927,2023,2023-08-09,9221,2023-08-03,1630,017881,,4,2,9,3100,0,1,1,,2,384,"I-80 W/B","CAPE HORN RD",4200.00,W,N,A,-,Y,PLA,,80," "," ",36.003,H,,L,Y,4,0,1,1,A,-,08,22107,,N,E,I,A,A,H,-,A,D,0,,,,,Y,,A,01,0,0,1,0,0,0,0,0,0,"- ","- ",39.134021759033203,-120.93231201171875,PLACER,UNINCORPORATED,-120.93228912353516,39.133991241455078
92140563,2023,2023-08-10,9222,2023-08-04,2215,022255,,5,3,9,3100,0,3,5,,2,010,"LANNY LN.","RUSSELL ROAD",255.00,E,N,A,-,N,,,,,,,,,,N,2,0,1,1,A,-,01,23152,A,N,F,A,A,A,H,-,D,D,0,,,Y,,Y,Y,C,02,1,0,0,0,0,0,0,0,1,"- ","- ",39.206371307373047,-120.21955871582031,PLACER,UNINCORPORATED,-120.2196044921875,39.20635986328125
92141016,2023,2023-08-10,9220,2023-08-09,1620,019133,,3,2,9,3100,0,1,1,,2,281,"I-80 W/B","ROSEVILLE PKY",123.00,W,N,A,-,Y,PLA,,80," "," ",3.397,H,,L,N,4,0,3,2,A,-,03,22350,,N,B,C,A,A,H,-,A,D,0,,,,,Y,,A,01,0,0,3,0,0,0,0,0,0,"- ","- ",38.762428283691406,-121.25881958007812,PLACER,UNINCORPORATED,-121.25892639160156,38.762470245361328
92141043,2023,2023-08-10,9220,2023-05-28,"149 ",019621,,7,3,9,3100,0,3,5,,2,010,"VINEYARD RD","COOK RIOLO RD",276.00,W,N,A,-,N,,,,,,,,,,Y,1,3,0,1,A,-,01,23152,A,N,E,8,A,A,H,-,D,D,0,,,,,Y,Y,A,01,0,0,0,0,0,0,0,0,0,"- ","- ",38.743598937988281,-121.33802032470703,PLACER,UNINCORPORATED,-121.33793640136719,38.743629455566406
92141796,2023,2023-08-11,9220,2023-08-10,"400 ",018768,,4,3,9,3100,0,3,5,,2,060,"FORESTHILL RD","DEADWOOD ROAD",30.00,E,N,A,-,N,,,,,,,,,,Y,3,0,1,1,A,-,08,22107,,N,E,I,A,A,H,-,D,D,0,,,,,Y,,D,22,0,1,0,0,0,0,0,0,0,"- ","- ",39.177928924560547,-120.62924194335938,PLACER,UNINCORPORATED,-120.62915802001953,39.177997589111328
92144365,2023,2023-08-15,9221,2023-08-11,1155,019869,,5,1,9,3100,0,1,1,,2,384,"WB INTERSTATE 80","CARPENTER RD",4224.00,E,N,A,-,Y,PLA,,80," "," ",35.856,H,,R,Y,3,0,1,1,A,-,03,22350,,N,E,I,A,A,H,-,A,D,0,,,,,Y,,-,"- ",0,1,0,0,0,0,0,0,0,"- ","- ",39.1331787109375,-120.93479919433594,PLACER,UNINCORPORATED,-120.93473052978516,39.133094787597656
92144389,2023,2023-08-15,9220,2023-07-30,1315,017863,,7,1,9,3100,0,3,5,,2,050,"LODGE VIEW DR.","LEGENDS DR.",1056.00,S,N,A,-,N,,,,,,,,,,N,3,0,1,1,A,-,08,22107,,N,F,A,A,A,H,-,A,D,0,,,,,Y,,M,96,0,1,0,0,0,0,0,0,0,"- ","- ",38.988029479980469,-121.04496002197266,PLACER,UNINCORPORATED,-121.04575347900391,38.986721038818359
92147436,2023,2023-08-18,9220,2023-06-16,1225,017762,,5,1,9,3100,0,2,4,,2,064,"FORESTHILL ROAD","GRAY EAGLE LANE",1056.00,W,N,A,-,N,,,,,,,,,,Y,1,1,0,1,A,-,08,22107,,N,E,I,A,A,H,-,A,D,0,,,,,Y,,A,07,0,0,0,0,0,0,0,0,0,"- ","- ",39.001010894775391,-120.89627838134766,PLACER,UNINCORPORATED,-120.89562225341797,39.001201629638672
92148269,2023,2023-08-21,9220,2023-08-11,1937,019373,,5,2,9,3100,0,2,4,,2,022,"DOUGLAS BLVD","DOVER DR",0.00,,Y,A,-,N,,,,,,,,,,Y,4,0,1,2,A,-,09,21802,A,N,B,C,A,A,H,-,A,D,0,,,,,Y,,A,08,0,0,1,0,0,0,0,0,0,"- ","- ",38.743709564208984,-121.17912292480469,PLACER,UNINCORPORATED,-121.17910766601562,38.743587493896484
92148271,2023,2023-08-21,9220,2023-08-12,1730,020096,,6,2,5,3105,0,1,1,,2,281,"I-80 E/B",SR-65,0.00,,Y,A,-,Y,PLA,,80," "," ",4.157,H,,R,Y,3,0,3,3,A,-,07,21658,A,N,B,C,A,A,H,-,A,D,0,,,,Y,Y,,A,01,0,3,0,0,0,0,0,0,0,"- ","- ",38.769771575927734,-121.2486572265625,PLACER,ROSEVILLE,-121.24870300292969,38.769809722900391
92150050,2023,2023-08-22,9220,2023-08-17,"700 ",017762,,4,1,9,3100,0,3,5,,2,050,"SUGAR PINE RD.","PLACER HILLS RD.",1660.00,W,N,A,-,N,,,,,,,,,,Y,3,0,1,1,A,-,08,22107,,N,E,I,A,A,H,-,A,D,0,,,,,Y,,A,07,0,1,0,0,0,0,0,0,0,"- ","- ",38.984111785888672,-121.02964782714844,PLACER,UNINCORPORATED,-121.02923583984375,38.984066009521484
92151124,2023,2023-08-23,9221,2023-08-15,1500,020567,,2,2,9,3100,0,1,1,,2,385,"I-80 E/B","CRYSTAL SPRINGS RD",1584.00,W,N,B,-,Y,PLA,,80," "," ",45.726,H,,R,N,3,0,1,2,A,-,03,22350,,N,C,C,A,A,H,-,A,D,0,,,,Y,Y,,A,01,0,1,0,0,0,0,0,0,0,"- ","- ",39.204238891601562,-120.79515075683594,PLACER,UNINCORPORATED,-120.79515838623047,39.204250335693359
92151253,2023,2023-08-23,9220,2023-08-18,1110,015869,,5,1,9,3100,0,1,1,,2,282,"I-80 W/B","OPHIR RD",465.00,E,N,A,-,Y,PLA,,80," "," ",14.423,H,,L,Y,3,0,1,1,A,-,08,22107,,N,E,I,A,A,H,-,A,D,0,,,,,Y,,D,22,0,1,0,0,0,0,0,0,0,"- ","- ",38.878520965576172,-121.12389373779297,PLACER,UNINCORPORATED,-121.12388610839844,38.878391265869141
92155163,2023,2023-08-28,9220,2023-08-20,1739,019465,,7,2,5,3105,0,1,3,,1,265,"SR-65 S/B FROM BLUE OAKS BLVD E/B","BLUE OAKS BOULEVARD",710.00,S,N,A,-,Y,PLA,,65," ",R,7.926,H,,L,Y,3,0,2,2,A,-,01,23152,A,N,C,C,A,A,H,-,A,A,0,,,,,Y,Y,D,22,0,2,0,0,0,0,0,0,0,"- ","- ",38.793781280517578,-121.29628753662109,PLACER,ROSEVILLE,-121.29608154296875,38.793895721435547