CASE_ID,ACCIDENT_YEAR,PROC_DATE,JURIS,COLLISION_DATE,COLLISION_TIME,OFFICER_ID,REPORTING_DISTRICT,DAY_OF_WEEK,CHP_SHIFT,POPULATION,CNTY_CITY_LOC,SPECIAL_COND,BEAT_TYPE,CHP_BEAT_TYPE,CITY_DIVISION_LAPD,CHP_BEAT_CLASS,BEAT_NUMBER,PRIMARY_RD,SECONDARY_RD,DISTANCE,DIRECTION,INTERSECTION,WEATHER_1,WEATHER_2,STATE_HWY_IND,CALTRANS_COUNTY,CALTRANS_DISTRICT,STATE_ROUTE,ROUTE_SUFFIX,POSTMILE_PREFIX,POSTMILE,LOCATION_TYPE,RAMP_INTERSECTION,SIDE_OF_HWY,TOW_AWAY,COLLISION_SEVERITY,NUMBER_KILLED,NUMBER_INJURED,PARTY_COUNT,PRIMARY_COLL_FACTOR,PCF_CODE_OF_VIOL,PCF_VIOL_CATEGORY,PCF_VIOLATION,PCF_VIOL_SUBSECTION,HIT_AND_RUN,TYPE_OF_COLLISION,MVIW,PED_ACTION,ROAD_SURFACE,ROAD_COND_1,ROAD_COND_2,LIGHTING,CONTROL_DEVICE,CHP_ROAD_TYPE,PEDESTRIAN_ACCIDENT,BICYCLE_ACCIDENT,MOTORCYCLE_ACCIDENT,TRUCK_ACCIDENT,NOT_PRIVATE_PROPERTY,ALCOHOL_INVOLVED,STWD_VEHTYPE_AT_FAULT,CHP_VEHTYPE_AT_FAULT,COUNT_SEVERE_INJ,COUNT_VISIBLE_INJ,COUNT_COMPLAINT_PAIN,COUNT_PED_KILLED,COUNT_PED_INJURED,COUNT_BICYCLIST_KILLED,COUNT_BICYCLIST_INJURED,COUNT_MC_KILLED,COUNT_MC_INJURED,PRIMARY_RAMP,SECONDARY_RAMP,LATITUDE,LONGITUDE,COUNTY,CITY,POINT_X,POINT_Y
92256070,2023,2023-12-07,9220,2023-11-22,1451,021953,,3,2,4,3104,0,1,1,,2,281,"I-80 W/B","ROCKLIN RD",193.00,E,N,A,-,Y,PLA,,80," "," ",6.105,H,,L,Y,4,0,1,2,A,-,03,22350,,N,C,C,A,A,H,-,A,D,0,,,,,Y,,J,48,0,0,1,0,0,0,0,0,0,"- ","- ",38.788959503173828,-121.22221374511719,PLACER,ROCKLIN,-121.22222900390625,38.788974761962891
92256499,2023,2023-12-07,9220,2023-12-02,1752,019465,,6,2,5,3105,0,1,1,,2,281,"I-80 E/B","ROSEVILLE PKWY",440.00,W,N,B,C,Y,PLA,,80," "," ",3.336,H,,R,Y,3,0,1,2,A,-,03,22350,,N,C,C,A,B,H,-,C,D,0,,,,,Y,,A,01,0,1,0,0,0,0,0,0,0,"- ","- ",38.761550903320312,-121.25914001464844,PLACER,ROSEVILLE,-121.25920867919922,38.761577606201172
92256543,2023,2023-12-07,9220,2023-12-04,1942,016752,,1,2,9,3100,0,3,5,,2,070,"OPHIR RD","WISE RD",0.00,,Y,A,-,N,,,,,,,,,,Y,3,0,2,2,A,-,09,21801,A,N,D,C,A,A,H,-,D,D,0,,,,,Y,,A,07,0,2,0,0,0,0,0,0,0,"- ","- ",38.890491485595703,-121.09674072265625,PLACER,UNINCORPORATED,-121.09664154052734,38.890548706054688
92257411,2023,2023-12-08,9220,2023-12-05,"955 ",014512,,2,1,5,3105,0,1,1,,2,281,"I-80 E/B TO SR-65 N/B","I-80 E/B",450.00,S,N,A,-,Y,,,,,,,,,,Y,4,0,1,2,A,-,08,22107,,N,E,I,A,A,H,-,A,D,0,,,,Y,Y,,A,01,0,0,1,0,0,0,0,0,0,"- ","- ",38.770088195800781,-121.24565124511719,PLACER,ROSEVILLE,-121.24565124511719,38.770088195800781
92258658,2023,2023-12-11,9220,2023-11-23,"935 ",015272,,4,1,9,3100,0,2,4,,2,077,"AUBURN FOLSOM RD","ROCK SPRINGS RD",617.00,S,N,A,-,N,,,,,,,,,,Y,2,0,1,1,C,-,18,,,N,E,H,A,A,H,-,A,D,0,,,Y,,Y,,-,"- ",1,0,0,0,0,0,0,0,1,"- ","- ",38.83837890625,-121.11750030517578,PLACER,UNINCORPORATED,-121.11747741699219,38.838405609130859
9226223,2021,2021-03-05,3105,2021-01-30,2231,1162,,6,5,5,3105,0,0,0,,0,002,"EUREKA RD","NORTH SUNRISE AV",0.00,,Y,A,-,N,,,,,,,,,,Y,4,0,1,2,A,-,09,21453,C,N,D,C,A,A,H,-,C,A,0,,,,,Y,,A,01,0,0,1,0,0,0,0,0,0,"- ","- ",38.755599975585938,-121.25511932373047,PLACER,ROSEVILLE,-121.255126953125,38.755584716796875
9226224,2021,2021-04-12,3105,2021-01-29,1233,196,,5,5,5,3105,0,0,0,,0,007,"FIDDYMENT RD","PLEASANT GROVE BL",588.00,N,N,B,-,N,,,,,,,,,,N,4,0,1,2,A,-,11,21956,,N,G,B,E,-,H,-,A,D,0,Y,,,,Y,,N,60,0,0,1,0,1,0,0,0,0,"- ","- ",38.766159057617188,-121.35871124267578,PLACER,ROSEVILLE,-121.35867309570312,38.767902374267578
92263044,2023,2023-12-15,9220,2023-12-08,1705,020059,,5,2,9,3100,0,2,4,,2,022,"DOUGLAS BLVD","CHRISTY LN",290.00,E,N,A,-,N,,,,,,,,,,Y,4,0,1,4,A,-,03,22350,,M,C,C,A,A,H,-,C,A,0,,,,,Y,,A,07,0,0,1,0,0,0,0,0,0,"- ","- ",38.743450164794922,-121.17373657226562,PLACER,UNINCORPORATED,-121.17377471923828,38.743465423583984
92263048,2023,2023-12-25,9220,2023-12-08,1710,022116,,5,2,5,3105,0,1,1,,2,281,"I-80 E/B","ATLANTIC ST",1600.00,W,N,A,-,Y,PLA,,80," "," ",2.746,H,,R,Y,4,0,1,2,A,-,03,22350,,N,C,C,A,A,H,-,C,D,0,,,,,Y,,A,01,0,0,1,0,0,0,0,0,0,"- ","- ",38.753929138183594,-121.26407623291016,PLACER,ROSEVILLE,-121.26422119140625,38.753986358642578
92263474,2023,2023-12-15,9220,2023-12-11,1755,021719,,1,2,5,3105,0,1,3,,1,265,"SR-65 S/B","GALLERIA BLVD",950.00,N,N,A,-,Y,PLA,,65," ",R,6.121,H,,L,N,3,0,1,2,A,-,03,22350,,N,C,C,A,A,H,-,D,D,0,,,,,Y,,A,07,0,1,0,0,0,0,0,0,0,"- ","- ",38.778789520263672,-121.26882934570312,PLACER,ROSEVILLE,-121.26881408691406,38.778804779052734
92264700,2023,2023-12-18,9220,2023-12-01,1750,022556,,5,2,5,3105,0,1,1,,2,281,"I-80 E/B","DOUGLAS BLVD. OVERCROSSING",1964.00,E,N,A,-,Y,PLA,,80," "," ",2.360,H,,R,Y,4,0,2,3,A,-,03,22350,,N,C,2,A,A,H,-,C,D,0,,,,,Y,,A,07,0,0,2,0,0,0,0,0,0,"- ","- ",38.748981475830078,-121.26730346679688,PLACER,ROSEVILLE,-121.26736450195312,38.749008178710938
9226503,2020,2021-03-03,3105,2020-12-25,2132,1089,,5,5,5,3105,0,0,0,,0,006,"BLUE OAKS BL","WOODCREEK OAKS BL",0.00,,Y,C,-,N,,,,,,,,,,Y,3,0,1,2,A,-,12,21453,A,N,D,C,A,B,H,-,C,A,0,,,,,Y,,A,01,0,1,0,0,0,0,0,0,0,"- ","- ",38.795478820800781,-121.32868957519531,PLACER,ROSEVILLE,-121.32872772216797,38.795509338378906
9226511,2021,2021-03-23,3105,2021-02-01,1527,1140,,1,5,5,3105,0,0,0,,0,007,"PLEASANT GROVE BL","HORTON LN",70.00,W,N,A,-,N,,,,,,,,,,,4,0,2,3,A,-,03,22350,,N,C,C,A,A,H,-,A,D,0,,,,,Y,,A,01,0,0,2,0,0,0,0,0,0,"- ","- ",38.768218994140625,-121.36441802978516,PLACER,ROSEVILLE,-121.36463928222656,38.768363952636719
92266132,2023,2023-12-19,9220,2023-12-11,1622,021255,,1,2,9,3100,0,2,4,,2,027,"AUBURN FOLSOM ROAD","PARK PLACE",130.00,N,N,A,-,N,,,,,,,,,,Y,2,0,1,2,A,-,09,21801,A,N,D,C,A,A,H,-,A,D,0,,,Y,,Y,,A,01,1,0,0,0,0,0,0,0,1,"- ","- ",38.740779876708984,-121.17053985595703,PLACER,UNINCORPORATED,-121.17062377929688,38.740707397460938
92267411,2023,2023-12-20,9220,2023-11-14,"913 ",015917,,2,1,9,3100,0,1,3,,1,249,"SR-49 (GRASS VALLEY HIGHWAY)","SUMMER RIDGE DR",0.00,,Y,A,-,Y,PLA,,49," "," ",4.850,H,,R,N,4,0,1,2,A,-,01,23152,A,N,C,C,A,A,H,-,A,D,0,,,,,Y,Y,A,01,0,0,1,0,0,0,0,0,0,"- ","- ",38.922771453857422,-121.08334350585938,PLACER,UNINCORPORATED,-121.08319091796875,38.922817230224609
92267428,2023,2023-12-20,9220,2023-12-07,1540,022556,,4,2,4,3104,0,1,1,,2,281,"I-80 W/B","SR-65 OVERCROSSING",3076.00,E,N,B,-,Y,PLA,,80," "," ",4.753,H,,L,Y,4,0,1,3,A,-,03,22350,,N,C,2,A,B,H,-,A,D,0,,,,,Y,,A,08,0,0,1,0,0,0,0,0,0,"- ","- ",38.775299072265625,-121.24021148681641,PLACER,ROCKLIN,-121.24021148681641,38.775306701660156
92267471,2023,2023-12-20,9222,2023-12-17,1030,021995,,7,1,9,3100,0,3,5,,2,010,"CHAMONIX PLACE (1900 BLOCK)","OLYMPIC VALLEY ROAD",1003.00,W,N,B,-,N,,,,,,,,,,N,3,0,1,2,C,-,18,,,N,C,E,A,B,H,-,A,D,0,,,,,Y,,-,"- ",0,1,0,0,0,0,0,0,0,"- ","- ",39.200420379638672,-120.23844909667969,PLACER,UNINCORPORATED,,
92269153,2023,2023-12-22,9220,2023-12-06,1755,020096,,3,2,9,3100,0,2,4,,2,027,"AUBURN FOLSOM RD","EUREKA ROAD",495.00,N,N,B,C,N,,,,,,,,,,Y,4,0,1,3,A,-,03,22350,,N,C,C,A,B,H,-,C,A,0,,,,,Y,,A,01,0,0,1,0,0,0,0,0,0,"- ","- ",38.737529754638672,-121.17044830322266,PLACER,UNINCORPORATED,-121.17056274414062,38.737449645996094
92270195,2023,2023-12-25,9220,2023-12-17,2000,021719,,7,2,9,3100,0,1,3,,1,249,"SR-49 (GRASS VALLEY HWY)","LIVE OAK LN",0.00,,Y,B,-,N,,,,,,,,,,N,4,0,1,2,A,-,09,21802,B,N,B,C,A,B,H,-,A,A,0,,,,,Y,,A,07,0,0,1,0,0,0,0,0,0,"- ","- ",38.925270080566406,-121.08493041992188,PLACER,UNINCORPORATED,-121.08490753173828,38.925243377685547
92270206,2023,2023-12-25,9220,2023-12-06,1230,017762,,3,1,5,3105,0,1,1,,2,281,"I-80 E/B","DOUGLAS BLVD. O/C",615.00,W,N,B,C,Y,PLA,,80," "," ",1.854,H,,R,Y,3,0,1,1,A,-,08,22107,,N,E,I,A,B,H,-,A,D,0,,,,,Y,,A,01,0,1,0,0,0,0,0,0,0,"- ","- ",38.742450714111328,-121.27149200439453,PLACER,ROSEVILLE,-121.27165222167969,38.742515563964844
9227143,2020,2021-03-15,3105,2020-12-29,0350,1137,,2,5,5,3105,0,0,0,,0,006,"WOODCREEK OAKS BL","PARKSIDE WAY",10.00,S,N,B,-,N,,,,,,,,,,N,3,0,1,2,-,-,"- ",,A,N,G,B,B,A,H,-,C,D,0,Y,,,,Y,,-,,0,1,0,0,1,0,0,0,0,"- ","- ",38.808170318603516,-121.32517242431641,PLACER,ROSEVILLE,-121.32859802246094,38.799213409423828
92273517,2023,2023-12-28,9220,2023-12-20,1858,017027,,3,2,9,3100,0,1,3,,1,249,"SR-49 (GRASS VALLEY HWY)","KEMPER RD",425.00,S,N,B,-,Y,PLA,,49," "," ",5.541,H,,R,N,2,0,1,2,A,-,11,21954,A,N,G,B,E,A,H,-,D,D,0,Y,,,,Y,Y,N,60,1,0,0,0,1,0,0,0,0,"- ","- ",38.931209564208984,-121.09004211425781,PLACER,UNINCORPORATED,-121.08980560302734,38.931327819824219
92273742,2023,2023-12-28,9220,2023-12-23,1853,021719,,6,2,5,3105,0,1,1,,2,281,"I-80 W/B","LEAD HILL BLVD. OVERCROSSING (O/C)",200.00,W,N,B,-,Y,PLA,,80," "," ",2.525,H,,L,N,4,0,2,2,A,-,03,22350,,N,C,C,A,A,H,-,D,D,0,,,,,Y,,A,07,0,0,2,0,0,0,0,0,0,"- ","- ",38.751251220703125,-121.26628875732422,PLACER,ROSEVILLE,-121.26622009277344,38.751220703125
92275035,2023,2024-01-17,9220,2023-12-22,1135,017762,,5,1,9,3100,0,3,5,,2,050,"CHRISTIAN VALLEY RD.","ORMSBY LN.",50.00,W,N,A,-,N,,,,,,,,,,Y,2,0,1,1,A,-,08,22107,,N,E,8,A,A,H,-,A,D,0,,,,,Y,,A,07,1,0,0,0,0,0,0,0,0,"- ","- ",38.973129272460938,-121.04541015625,PLACER,UNINCORPORATED,-121.04534149169922,38.97308349609375
92277289,2024,2024-01-02,9220,2024-01-01,1615,015961,,1,2,9,3100,0,1,1,,2,282,"I-80 W/B","NEWCASTLE RD O/C.",1150.00,W,N,A,-,Y,PLA,,80," "," ",13.587,H,,L,Y,4,0,1,2,A,-,03,22350,,N,C,C,A,A,H,-,A,D,0,,,,,Y,,A,07,0,0,1,0,0,0,0,0,0,"- ","- ",38.870040893554688,-121.13211822509766,PLACER,UNINCORPORATED,-121.13217163085938,38.870048522949219
92280492,2023,2024-01-05,9221,2023-12-08,2355,018624,,5,3,9,3100,0,1,1,,2,384,"I-80 E/B","CAPE HORN RD UNDER CROSSING",3432.00,W,N,A,-,Y,PLA,,80," "," ",36.315,H,,R,Y,2,0,3,2,A,-,01,23152,A,N,A,C,A,B,H,-,D,D,0,,,,,Y,Y,D,22,1,2,0,0,0,0,0,0,0,"- ","- ",39.137641906738281,-120.92913055419922,PLACER,UNINCORPORATED,-120.92910766601562,39.137630462646484
92281134,2023,2024-01-08,9220,2023-12-06,2125,019040,,3,2,5,3105,0,1,1,,2,281,"I-80 W/B","DOUGLAS BLVD",1.00,W,N,C,-,Y,PLA,,80," "," ",1.981,H,,L,Y,4,0,1,3,A,-,07,21658,A,M,C,C,A,B,H,-,C,D,0,,,,,Y,,A,01,0,0,1,0,0,0,0,0,0,"- ","- ",38.744190216064453,-121.27088165283203,PLACER,ROSEVILLE,-121.27080535888672,38.744159698486328
92281135,2023,2024-01-08,9220,2023-12-18,"835 ",015917,,1,1,9,3100,0,1,1,,2,283,"I-80 W/B","ELM AVE",457.00,W,N,B,C,Y,PLA,,80," "," ",17.732,H,,L,Y,4,0,1,4,A,-,03,22350,,N,C,C,A,B,C,-,A,D,0,,,,,Y,,A,01,0,0,1,0,0,0,0,0,0,"- ","- ",38.902210235595703,-121.07276153564453,PLACER,UNINCORPORATED,-121.07266235351562,38.902153015136719
92281144,2023,2024-01-08,9220,2023-12-20,1623,018526,,3,2,9,3100,0,1,1,,2,282,"I-80 W/B FROM HORSESHOE BAR RD","HORSESHOE BAR RD",970.00,W,N,B,-,Y,PLA,,80," "," ",8.543,H,,L,Y,4,0,1,1,A,-,03,22350,,N,E,8,A,B,H,-,A,D,0,,,,,Y,,A,01,0,0,1,0,0,0,0,0,0,"- ","- ",38.814918518066406,-121.1915283203125,PLACER,UNINCORPORATED,-121.19144439697266,38.814861297607422
92282023,2023,2024-02-26,9220,2023-12-26,1759,018526,,2,2,9,3100,0,1,1,,2,282,"I-80 W/B","NEWCASTLE RD U.P R/R OVERPASS",400.00,E,N,B,-,Y,PLA,,80," "," ",14.070,H,,L,N,4,0,2,2,A,-,07,21658,A,N,C,C,A,A,H,-,D,D,0,,,,,Y,,A,01,0,0,2,0,0,0,0,0,0,"- ","- ",38.876628875732422,-121.12989807128906,PLACER,UNINCORPORATED,-121.12995147705078,38.876663208007812
92283029,2023,2024-01-09,9220,2023-12-29,1720,020096,,5,2,5,3105,0,1,3,,1,265,"SR-65 NB","GALLERIA BLVD.",2482.00,N,N,B,-,Y,PLA,,65," ",R,6.411,H,,R,Y,4,0,1,2,A,-,03,22350,,N,C,C,A,A,H,-,C,D,0,,,,,Y,,A,01,0,0,1,0,0,0,0,0,0,"- ","- ",38.781288146972656,-121.27330017089844,PLACER,ROSEVILLE,-121.27330780029297,38.781276702880859
92283129,2024,2024-01-09,9220,2024-01-01,1930,018532,,1,2,5,3105,0,1,3,,1,265,"SR-65 N/B","GALLERIA BOULEVARD",2006.00,S,N,A,-,Y,PLA,,65," ",R,5.538,H,,R,Y,4,0,1,2,A,-,08,22107,,N,D,C,A,A,H,-,C,D,0,,,,,Y,,D,22,0,0,1,0,0,0,0,0,0,"- ","- ",38.774570465087891,-121.25949096679688,PLACER,ROSEVILLE,-121.25949096679688,38.774570465087891
92283137,2024,2024-01-09,9220,2024-01-02,1630,015961,,2,2,5,3105,0,1,1,,2,281,"I-80 W/B FROM DOUGLAS BLVD E/B","DOUGLAS BLVD",130.00,W,N,B,C,Y,,,,,,,,,,N,4,0,1,2,A,-,08,22107,,N,C,2,A,B,H,-,B,A,0,,,,,Y,,A,07,0,0,1,0,0,0,0,0,0,"- ","- ",38.743518829345703,-121.27187347412109,PLACER,ROSEVILLE,-121.27187347412109,38.743518829345703
92283760,2024,2024-01-10,9220,2024-01-02,1330,016657,,2,1,9,3100,0,3,5,,2,040,"WILLOW CREEK DR","SR-49 (GRASS VALLEY HIGHWAY)",585.00,W,N,B,-,N,,,,,,,,,,Y,4,0,1,2,A,-,09,21804,A,N,D,C,A,A,H,-,A,A,0,,,,,Y,,A,08,0,0,1,0,0,0,0,0,0,"- ","- ",38.938388824462891,-121.09824371337891,PLACER,UNINCORPORATED,-121.0980224609375,38.938362121582031
92283853,2024,2024-01-10,9220,2024-01-03,1253,017375,,3,1,9,3100,0,1,3,,1,249,"SR-49 (GRASS VALLEY HIGHWAY)","EDUCATION STREET",194.00,S,N,B,-,Y,PLA,,49," "," ",6.505,H,,R,N,3,0,1,2,A,-,03,22350,,N,C,C,A,B,H,-,A,D,0,,,,,Y,,A,01,0,1,0,0,0,0,0,0,0,"- ","- ",38.943771362304688,-121.09776306152344,PLACER,UNINCORPORATED,-121.09757232666016,38.943809509277344
92284090,2024,2024-01-10,9221,2024-01-06,1720,020032,,6,2,9,3100,0,1,1,,2,385,"I-80 W/B","ALTA BONNYNOOK RD O/C",1000.00,E,N,B,-,Y,PLA,,80," "," ",44.960,H,,L,Y,3,0,2,2,A,-,03,22350,,N,C,E,A,C,G,-,C,D,0,,,,Y,Y,,A,01,0,2,0,0,0,0,0,0,0,"- ","- ",39.202850341796875,-120.80873870849609,PLACER,UNINCORPORATED,-120.80872344970703,39.202785491943359
92285193,2023,2024-01-11,9220,2023-12-31,1055,017863,,7,1,9,3100,0,1,3,,2,293,SR-193,"FOWLER RD",1056.00,W,N,B,-,Y,PLA,,193," "," ",3.938,H,,R,Y,4,0,1,1,A,-,08,22107,,N,E,8,A,B,H,-,A,A,0,,,,,Y,,A,01,0,0,1,0,0,0,0,0,0,"- ","- ",38.886631011962891,-121.22055816650391,PLACER,UNINCORPORATED,-121.22055816650391,38.886619567871094
92285248,2024,2024-01-11,9220,2024-01-08,1250,021719,,1,1,9,3100,0,2,4,,2,021,"SIERRA COLLEGE BLVD","CAVITT STALLMAN RD",0.00,,Y,A,-,N,,,,,,,,,,N,4,0,1,2,A,-,09,21801,A,N,D,C,A,A,H,-,A,D,0,,,,,Y,,A,07,0,0,1,0,0,0,0,0,0,"- ","- ",38.748111724853516,-121.22631072998047,PLACER,UNINCORPORATED,-121.2264404296875,38.748004913330078
92285252,2024,2024-01-11,9220,2024-01-08,2035,018768,,1,2,9,3100,0,3,5,,2,070,"SWETZER RD","LA TIERRA CT",708.00,S,N,A,-,N,,,,,,,,,,Y,4,0,1,1,A,-,08,22107,,N,E,I,A,A,H,-,D,D,0,,,,,Y,,A,01,0,0,1,0,0,0,0,0,0,"- ","- ",38.850059509277344,-121.18013000488281,PLACER,UNINCORPORATED,-121.18002319335938,38.850105285644531
92286961,2023,2024-01-15,9220,2023-12-31,1750,022556,,7,2,9,3100,0,1,3,,1,249,"SR-49 (GRASS VALLEY HIGHWAY)","EDGEWOOD RD.",55.00,N,N,A,-,Y,PLA,,49," "," ",4.688,H,,R,Y,4,0,2,2,A,-,03,22350,,N,C,C,A,A,H,-,C,A,0,,,,,Y,,A,07,0,0,2,0,0,0,0,0,0,"- ","- ",38.920600891113281,-121.08226776123047,PLACER,UNINCORPORATED,-121.08214569091797,38.920635223388672
92287130,2024,2024-01-15,9220,2024-01-09,1245,016429,,2,1,9,3100,0,1,3,,1,249,"SR-49 (GRASS VALLEY HIGHWAY)","EDUCATION ST",50.00,S,N,B,C,Y,PLA,,49," "," ",6.529,H,,R,Y,3,0,3,2,A,-,03,22350,,N,C,C,A,B,H,-,A,A,0,,,,,Y,,A,07,0,3,0,0,0,0,0,0,0,"- ","- ",38.944160461425781,-121.09768676757812,PLACER,UNINCORPORATED,-121.09769439697266,38.944160461425781
92288310,2024,2024-01-16,9220,2024-01-09,"748 ",018526,,2,1,5,3105,0,1,1,,2,281,"I-80 W/B","ROSEVILLE PKY",340.00,W,N,B,-,Y,PLA,,80," "," ",3.355,H,,L,Y,4,0,2,2,A,-,07,21658,A,N,C,2,A,A,H,-,A,D,0,,,,,Y,,A,01,0,0,2,0,0,0,0,0,0,"- ","- ",38.761878967285156,-121.25917053222656,PLACER,ROSEVILLE,-121.25927734375,38.761924743652344
92290222,2024,2024-01-18,9220,2024-01-10,1808,016752,,3,2,5,3105,0,1,1,,2,281,"I-80 E/B TO EUREKA ROAD","EUREKA RD",1484.00,W,N,B,-,Y,PLA,,80," "," ",2.776,H,,R,Y,4,0,1,2,A,-,03,22350,,N,C,C,A,B,H,-,D,D,0,,,,,Y,,D,22,0,0,1,0,0,0,0,0,0,"- ","- ",38.754291534423828,-121.26378631591797,PLACER,ROSEVILLE,-121.26396179199219,38.754364013671875
92292058,2024,2024-01-19,9220,2024-01-15,1540,021719,,1,2,9,3100,0,3,5,,2,050,"CANYON WAY","E WEIMAR CROSS RD",0.00,,Y,B,-,N,,,,,,,,,,N,4,0,1,2,A,-,03,22350,,N,D,2,A,A,H,-,A,D,0,,,Y,,Y,Y,C,02,0,0,1,0,0,0,0,0,1,"- ","- ",39.042610168457031,-120.97335815429688,PLACER,UNINCORPORATED,-120.973388671875,39.042610168457031
9229220,2021,2021-04-09,3104,2021-02-01,0530,315,52,1,5,4,3104,0,0,0,,0,001,"ROCKLIN RD","SIERRA COLLEGE BL",0.00,,Y,A,-,N,,,,,,,,,,Y,3,0,1,2,A,-,"- ",,,N,A,C,A,A,H,-,C,A,0,,,,,Y,,A,01,0,1,0,0,0,0,0,0,0,"- ","- ",38.787700653076172,-121.20284271240234,PLACER,ROCKLIN,-121.20607757568359,38.788623809814453
9229365,2021,2021-03-18,3103,2021-01-30,1611,DSEAR,L3,6,5,2,3103,0,0,0,,0,0L1,"3RD ST","R ST",0.00,,Y,B,-,N,,,,,,,,,,N,4,0,1,2,A,-,09,21800,A,N,D,C,A,A,H,-,A,A,0,,,,,Y,,A,08,0,0,1,0,0,0,0,0,0,"- ","- ",38.889141082763672,-121.30809020996094,PLACER,LINCOLN,-121.30811309814453,38.889171600341797
92294062,2024,2024-01-22,9220,2024-01-17,1415,017863,,3,2,5,3105,0,1,1,,2,281,"I-80 E/B","LEAD HILL BLVD (OVERCROSSING)",150.00,E,N,A,-,Y,PLA,,80," "," ",2.608,H,,R,Y,3,0,1,2,A,-,04,21703,,N,C,C,A,A,H,-,A,D,0,,,,Y,Y,,A,01,0,1,0,0,0,0,0,0,0,"- ","- ",38.752201080322266,-121.26531219482422,PLACER,ROSEVILLE,-121.26534271240234,38.752212524414062
92296206,2024,2024-01-24,9220,2024-01-16,"625 ",014512,,2,1,9,3100,0,3,5,,2,030,"SHERIDAN LINCOLN BLVD.","CHAMBERLAIN ROAD",0.00,,Y,B,-,N,,,,,,,,,,Y,3,0,2,2,A,-,03,22350,,N,B,C,A,A,H,-,C,A,0,,,,Y,Y,,A,01,0,2,0,0,0,0,0,0,0,"- ","- ",38.933109283447266,-121.34529113769531,PLACER,UNINCORPORATED,-121.34523010253906,38.933101654052734
92296269,2024,2024-01-24,9220,2024-01-23,1935,018768,,2,2,9,3100,0,1,3,,1,265,"SR-65 N/B","WHITNEY RANCH PARKWAY",1380.00,S,N,A,-,Y,PLA,,65," ",R,10.311,H,,R,Y,4,0,3,2,A,-,03,22350,,N,C,C,A,A,H,-,C,D,0,,,,,Y,,A,01,0,0,3,0,0,0,0,0,0,"- ","- ",38.827781677246094,-121.29988861083984,PLACER,UNINCORPORATED,-121.29985809326172,38.827781677246094
92296939,2024,2024-01-25,9220,2024-01-19,1145,020465,,5,1,9,3100,0,2,4,,2,022,"DOUGLAS BOULEVARD E/B","BARTON ROAD",445.00,W,N,A,-,N,,,,,,,,,,Y,4,0,1,2,A,-,03,22350,,N,C,C,A,A,H,-,A,A,0,,,,,Y,,A,01,0,0,1,0,0,0,0,0,0,"- ","- ",38.743968963623047,-121.19107055664062,PLACER,UNINCORPORATED,-121.19075012207031,38.743995666503906
92296999,2024,2024-03-20,9222,2024-01-19,"939 ",022961,,5,1,9,3100,0,1,3,,1,014,SR-28,"LARDIN WAY",0.00,,Y,A,-,Y,PLA,,28," "," ",4.246,H,,R,N,4,0,1,2,A,-,09,21804,A,N,D,C,A,A,H,-,A,A,0,,,,,Y,,A,08,0,0,1,0,0,0,0,0,0,"- ","- ",39.207370758056641,-120.09391021728516,PLACER,UNINCORPORATED,-120.09380340576172,39.207279205322266
92297245,2024,2024-01-25,9220,2024-01-23,1919,016657,,2,2,2,3103,0,1,3,,1,265,"SR-65 N/B","TWELVE BRIDGES DR",2376.00,S,N,A,-,Y,PLA,,65," ",R,11.464,H,,R,Y,4,0,2,2,A,-,03,22350,,N,C,D,A,A,H,-,C,D,0,,,,,Y,,A,01,0,0,2,0,0,0,0,0,0,"- ","- ",38.844451904296875,-121.29966735839844,PLACER,LINCOLN,-121.29966735839844,38.844451904296875
92301154,2024,2024-01-30,9221,2024-01-20,"630 ",018530,,6,1,9,3100,0,1,1,,2,384,"WESTBOUND I80",SR-174,528.00,E,N,C,-,Y,PLA,,80," "," ",33.267,H,,L,N,3,0,1,2,A,-,03,22350,,N,B,C,A,B,H,-,D,D,0,,,,,Y,,A,01,0,1,0,0,0,0,0,0,0,"- ","- ",39.097789764404297,-120.94936370849609,PLACER,UNINCORPORATED,-120.94940948486328,39.097793579101562
92304207,2024,2024-02-02,9220,2024-01-27,1755,021719,,6,2,9,3100,0,2,4,,2,023,"BARTON RD","EUREKA RD",0.00,,Y,B,-,N,,,,,,,,,,Y,3,0,3,2,A,-,01,23152,A,N,A,C,A,A,H,-,D,A,0,,,,,Y,Y,A,01,0,3,0,0,0,0,0,0,0,"- ","- ",38.736240386962891,-121.18898010253906,PLACER,UNINCORPORATED,-121.18898010253906,38.736232757568359