CASE_ID,ACCIDENT_YEAR,PROC_DATE,JURIS,COLLISION_DATE,COLLISION_TIME,OFFICER_ID,REPORTING_DISTRICT,DAY_OF_WEEK,CHP_SHIFT,POPULATION,CNTY_CITY_LOC,SPECIAL_COND,BEAT_TYPE,CHP_BEAT_TYPE,CITY_DIVISION_LAPD,CHP_BEAT_CLASS,BEAT_NUMBER,PRIMARY_RD,SECONDARY_RD,DISTANCE,DIRECTION,INTERSECTION,WEATHER_1,WEATHER_2,STATE_HWY_IND,CALTRANS_COUNTY,CALTRANS_DISTRICT,STATE_ROUTE,ROUTE_SUFFIX,POSTMILE_PREFIX,POSTMILE,LOCATION_TYPE,RAMP_INTERSECTION,SIDE_OF_HWY,TOW_AWAY,COLLISION_SEVERITY,NUMBER_KILLED,NUMBER_INJURED,PARTY_COUNT,PRIMARY_COLL_FACTOR,PCF_CODE_OF_VIOL,PCF_VIOL_CATEGORY,PCF_VIOLATION,PCF_VIOL_SUBSECTION,HIT_AND_RUN,TYPE_OF_COLLISION,MVIW,PED_ACTION,ROAD_SURFACE,ROAD_COND_1,ROAD_COND_2,LIGHTING,CONTROL_DEVICE,CHP_ROAD_TYPE,PEDESTRIAN_ACCIDENT,BICYCLE_ACCIDENT,MOTORCYCLE_ACCIDENT,TRUCK_ACCIDENT,NOT_PRIVATE_PROPERTY,ALCOHOL_INVOLVED,STWD_VEHTYPE_AT_FAULT,CHP_VEHTYPE_AT_FAULT,COUNT_SEVERE_INJ,COUNT_VISIBLE_INJ,COUNT_COMPLAINT_PAIN,COUNT_PED_KILLED,COUNT_PED_INJURED,COUNT_BICYCLIST_KILLED,COUNT_BICYCLIST_INJURED,COUNT_MC_KILLED,COUNT_MC_INJURED,PRIMARY_RAMP,SECONDARY_RAMP,LATITUDE,LONGITUDE,COUNTY,CITY,POINT_X,POINT_Y
92305839,2024,2024-02-05,9220,2024-01-19,"706 ",019446,,5,1,5,3105,0,1,3,,1,265,"SR-65 S/B TO BLUE OAKS BLVD","BLUE OAKS BLVD",1000.00,N,N,A,-,Y,,,,,,,,,,Y,3,0,1,1,A,-,08,22107,,N,F,A,A,A,H,-,A,D,0,,,,,Y,,A,07,0,1,0,0,0,0,0,0,0,"- ","- ",38.799018859863281,-121.30004119873047,PLACER,ROSEVILLE,-121.30004119873047,38.799018859863281
92306024,2024,2024-02-05,9220,2024-01-24,1410,017863,,3,2,9,3100,0,2,4,,2,058,"DRY CREEK RD.","VALLEY QUAIL LN.",800.00,W,N,B,C,N,,,,,,,,,,Y,3,0,1,1,A,-,03,22350,,N,E,I,A,B,H,-,A,D,0,,,,,Y,,D,22,0,1,0,0,0,0,0,0,0,"- ","- ",38.957561492919922,-121.06143951416016,PLACER,UNINCORPORATED,-121.06130981445312,38.957477569580078
92307147,2024,2024-02-06,9220,2024-01-27,1832,016752,,6,2,4,3104,0,1,1,,2,281,"I-80 W/B",SR-65,4118.00,E,N,A,-,Y,PLA,,80," "," ",4.960,H,,L,Y,4,0,2,3,A,-,07,21658,A,M,C,C,A,A,H,-,C,D,0,,,,,Y,,D,22,0,0,2,0,0,0,0,0,0,"- ","- ",38.777168273925781,-121.23719024658203,PLACER,ROCKLIN,-121.23720550537109,38.777183532714844
92307228,2024,2024-03-15,9220,2024-01-28,1255,019040,,7,1,9,3100,0,2,4,,2,027,"AUBURN FOLSOM RD","OAK HILL DR",0.00,,Y,A,-,N,,,,,,,,,,N,4,0,3,2,A,-,03,22350,,N,C,C,A,A,H,-,A,A,0,,,,,Y,,D,22,0,0,3,0,0,0,0,0,0,"- ","- ",38.719341278076172,-121.17549133300781,PLACER,UNINCORPORATED,-121.17545318603516,38.719242095947266
92307930,2024,2024-02-07,9220,2024-01-29,1513,018532,,1,2,9,3100,0,3,5,,2,010,"S BREWER ROAD","PHILLIP RD",480.00,N,N,A,-,N,,,,,,,,,,Y,4,0,1,1,A,-,08,22107,,N,E,8,A,A,H,-,A,D,0,,,,,Y,,A,07,0,0,1,0,0,0,0,0,0,"- ","- ",38.803890228271484,-121.45133209228516,PLACER,UNINCORPORATED,-121.45130157470703,38.803779602050781
92308072,2024,2024-02-19,9220,2024-01-30,1555,018532,,2,2,9,3100,0,1,3,,1,265,"SR-65 N/B","SUNSET BLVD",75.00,S,N,A,-,Y,PLA,,65," ",R,9.560,H,,R,N,3,0,1,2,A,-,07,21658,A,N,B,C,A,A,H,-,A,D,0,,,Y,,Y,,A,01,0,1,0,0,0,0,0,0,1,"- ","- ",38.816928863525391,-121.29998016357422,PLACER,UNINCORPORATED,-121.29998779296875,38.816928863525391
92308424,2024,2024-02-07,9220,2024-02-01,1840,017375,,4,2,9,3100,0,2,4,,2,062,"FORESTHILL ROAD","LAKE CLEMENTINE ROAD",4752.00,E,N,B,-,N,,,,,,,,,,Y,3,0,1,1,A,-,08,22107,,N,F,A,A,B,H,-,D,D,0,,,,,Y,,A,01,0,1,0,0,0,0,0,0,0,"- ","- ",38.941650390625,-120.98944854736328,PLACER,UNINCORPORATED,-120.99076080322266,38.941738128662109
92308993,2024,2024-02-08,9220,2024-01-31,"910 ",014512,,3,1,9,3100,0,1,3,,1,267,"SR-65 N/B","WHEATLAND ROAD",528.00,N,N,B,-,Y,PLA,,65," ",R,23.810,H,,R,Y,4,0,1,2,A,-,03,22350,,N,C,C,A,A,H,-,A,D,0,,,,,Y,,A,07,0,0,1,0,0,0,0,0,0,"- ","- ",38.997978210449219,-121.40315246582031,PLACER,UNINCORPORATED,-121.40316009521484,38.997970581054688
92309042,2024,2024-06-19,9220,2024-02-02,"800 ",019446,,5,1,5,3105,0,1,1,,2,281,"I-80 E/B","CIRBY WAY",157.00,E,N,C,-,Y,PLA,,80," "," ",0.736,H,,R,N,4,0,1,3,A,-,03,22350,,N,A,C,A,A,H,-,A,D,0,,,,,Y,,A,07,0,0,1,0,0,0,0,0,0,"- ","- ",38.7298583984375,-121.28466796875,PLACER,ROSEVILLE,-121.28466033935547,38.729850769042969
92309591,2024,2024-02-08,9220,2024-02-03,1634,021719,,6,2,9,3100,0,2,4,,2,024,"EUREKA RD","JAY LN",0.00,,Y,B,-,N,,,,,,,,,,N,3,0,2,2,A,-,09,21801,A,N,A,C,A,A,H,-,A,D,0,,,,,Y,,A,01,0,1,1,0,0,0,0,0,0,"- ","- ",38.736141204833984,-121.17314147949219,PLACER,UNINCORPORATED,-121.17311096191406,38.736152648925781
92310602,2024,2024-02-09,9221,2024-02-07,2149,018587,,3,2,9,3100,0,1,1,,2,385,"I-80 E/B","DRUM FOREBAY RD",165.00,W,N,C,D,Y,PLA,,80," "," ",48.969,H,,R,Y,3,0,1,2,A,-,03,22350,,N,E,I,A,C,H,-,C,D,0,,,,,Y,,E,22,0,1,0,0,0,0,0,0,0,"- ","- ",39.236770629882812,-120.75279998779297,PLACER,UNINCORPORATED,-120.75291442871094,39.236804962158203
92310835,2024,2024-02-12,9222,2024-02-02,2114,022961,,5,2,9,3100,0,3,5,,2,010,"POLARIS RD","VILLAGE RD",0.00,,Y,D,-,N,,,,,,,,,,Y,4,0,2,2,A,-,03,22350,,N,A,C,A,C,H,-,C,A,0,,,,,Y,,D,22,0,0,2,0,0,0,0,0,0,"- ","- ",39.194461822509766,-120.10742950439453,PLACER,UNINCORPORATED,-120.10738372802734,39.194488525390625
92313895,2024,2024-02-14,9220,2024-01-24,1313,015917,,3,1,9,3100,0,1,3,,1,249,"SR-49 (GRASS VALLEY HIGHWAY)","MARGUERITE MINE RD",195.00,S,N,B,C,Y,PLA,,49," "," ",4.505,H,,R,Y,4,0,2,2,A,-,01,23152,F,N,C,C,A,B,H,-,A,D,0,,,,,Y,,A,01,0,0,2,0,0,0,0,0,0,"- ","- ",38.918098449707031,-121.08078765869141,PLACER,UNINCORPORATED,-121.08077239990234,38.918106079101562
9231397,2021,2021-03-16,3105,2021-02-13,1450,1141,,6,5,5,3105,0,0,0,,0,003,"DOUGLAS BL","RT 80",0.00,,Y,A,-,Y,PLA,3,80,-,-,2.009,R,4,W,Y,4,0,1,3,A,-,03,22350,,N,C,C,A,A,H,-,A,A,0,,,,,Y,,A,01,0,0,1,0,0,0,0,0,0,"- ",WO,38.743991851806641,-121.27435302734375,PLACER,ROSEVILLE,-121.27056121826172,38.744533538818359
92314021,2024,2024-02-14,9220,2024-02-06,"905 ",015869,,2,1,9,3100,1,2,4,,2,056,"BELL RD","NEW AIRPORT RD",18.00,E,N,B,-,N,,,,,,,,,,Y,4,0,1,2,A,-,08,22107,,N,C,C,A,A,H,-,A,A,0,,,,,Y,,A,01,0,0,1,0,0,0,0,0,0,"- ","- ",38.942230224609375,-121.07901763916016,PLACER,UNINCORPORATED,-121.07921600341797,38.942234039306641
92316050,2024,2024-02-16,9220,2024-01-23,1850,018532,,2,2,2,3103,0,1,3,,1,265,"SR-65 S/B","TWELVE BRIDGES DRIVE",1043.00,S,N,B,-,Y,PLA,,65," ",R,11.713,H,,L,Y,1,1,0,2,A,-,03,22350,,N,C,C,A,A,H,-,D,D,0,,,Y,,Y,,C,02,0,0,0,0,0,0,0,0,0,"- ","- ",38.848091125488281,-121.29998779296875,PLACER,LINCOLN,-121.29999542236328,38.848091125488281
92316092,2023,2024-02-16,9220,2023-12-17,"118 ",019621,,7,3,9,3100,0,2,4,,2,022,"DOUGLAS BLVD","HIDDEN CROSSING ROAD",15.00,E,N,A,-,N,,,,,,,,,,Y,1,1,0,1,A,-,03,22350,,N,E,8,A,A,H,-,C,D,0,,,,,Y,,A,01,0,0,0,0,0,0,0,0,0,"- ","- ",38.743759155273438,-121.2105712890625,PLACER,UNINCORPORATED,,
92316234,2024,2024-02-16,9220,2024-02-08,"810 ",017863,,4,1,5,3105,0,1,1,,2,281,"I-80 E/B","CIRBY WAY OVERCROSSING",100.00,E,N,B,-,Y,PLA,,80," "," ",0.730,H,,R,N,4,0,1,2,A,-,03,22350,,N,C,C,A,A,H,-,A,D,0,,,,,Y,,A,01,0,0,1,0,0,0,0,0,0,"- ","- ",38.729728698730469,-121.28463745117188,PLACER,ROSEVILLE,-121.28472900390625,38.729789733886719
92317384,2024,2024-02-19,9220,2024-02-03,2115,022556,,6,2,9,3100,0,2,4,,2,027,"AUBURN FOLSOM ROAD","LOU PLACE",209.00,N,N,B,-,N,,,,,,,,,,Y,2,0,2,2,A,-,01,23152,A,N,C,2,A,A,H,-,D,D,0,,,,,Y,Y,A,07,1,0,1,0,0,0,0,0,0,"- ","- ",38.725170135498047,-121.17540740966797,PLACER,UNINCORPORATED,-121.17551422119141,38.725063323974609
92318193,2024,2024-02-20,9221,2024-02-19,"735 ",019869,,1,1,9,3100,0,1,1,,2,387,"INTERTSTATE 80","STATE ROUTE 20",1988.00,E,N,B,-,Y,NEV,,80," ",R,59.928,H,,R,Y,4,0,1,1,A,-,03,22350,,N,E,I,A,C,G,-,A,D,0,,,,,Y,,A,01,0,0,1,0,0,0,0,0,0,"- ","- ",39.325958251953125,-120.5982666015625,PLACER,UNINCORPORATED,-120.5982666015625,39.325931549072266
92318501,2024,2024-02-20,9220,2024-02-10,1520,021719,,6,2,5,3105,0,1,1,,2,281,"I-80 E/B","TAYLOR RD.",50.00,E,N,A,-,Y,PLA,,80," "," ",3.674,H,,R,N,4,0,2,2,A,-,03,22350,,N,C,C,A,A,H,-,A,D,0,,,,,Y,,A,01,0,0,2,0,0,0,0,0,0,"- ","- ",38.765380859375,-121.25563812255859,PLACER,ROSEVILLE,-121.25570678710938,38.765445709228516
92319377,2024,2024-02-21,9220,2024-02-12,1235,015961,,1,1,9,3100,0,2,4,,2,027,"AUBURN FOLSOM RD","BOARDWALK DR",140.00,S,N,A,-,N,,,,,,,,,,Y,4,0,1,3,A,-,03,22350,,N,C,C,A,A,H,-,A,D,0,,,,,Y,,A,01,0,0,1,0,0,0,0,0,0,"- ","- ",38.740779876708984,-121.17062377929688,PLACER,UNINCORPORATED,-121.17062377929688,38.740837097167969
92320611,2024,2024-02-22,9222,2024-02-14,1800,022255,,3,2,9,3100,0,3,5,,2,010,"ALPINE MEADOWS ROAD",SR-89,2041.00,W,N,D,-,N,,,,,,,,,,Y,4,0,2,2,A,-,08,22107,,N,A,C,A,C,H,-,D,D,0,,,,,Y,,D,22,0,0,2,0,0,0,0,0,0,"- ","- ",39.187770843505859,-120.20198059082031,PLACER,UNINCORPORATED,-120.20192718505859,39.187751770019531
92320800,2024,2024-02-22,9220,2024-02-15,"235 ",018548,,4,3,9,3100,0,1,1,,2,282,"I-80 W/B","HORSESHOE BAR RD",500.00,E,N,B,-,Y,PLA,,80," "," ",8.912,H,,L,Y,4,0,1,1,C,-,18,,,N,E,H,A,B,H,-,D,D,0,,,,,Y,,-,"- ",0,0,1,0,0,0,0,0,0,"- ","- ",38.818649291992188,-121.18657684326172,PLACER,UNINCORPORATED,-121.18675231933594,38.818778991699219
92321649,2024,2024-02-23,9222,2024-02-17,1015,021958,,6,1,9,3100,0,1,3,,1,014,SR-28,"LAKE FOREST RD",20.00,E,N,B,-,Y,PLA,,28," "," ",2.442,H,,R,Y,4,0,1,1,A,-,01,23152,F,N,E,J,A,A,H,-,A,D,0,,,,,Y,,D,22,0,0,1,0,0,0,0,0,0,"- ","- ",39.189968109130859,-120.11329650878906,PLACER,UNINCORPORATED,-120.11325836181641,39.189838409423828
92321677,2024,2024-02-23,9220,2024-02-17,1557,020471,,6,2,5,3105,0,1,1,,2,281,"I-80 E/B","LEAD HILL BLVD O/C",65.00,W,N,B,-,Y,PLA,,80," "," ",2.552,H,,R,N,3,0,1,2,A,-,03,22350,,N,C,C,A,B,H,-,A,D,0,,,,,Y,,A,01,0,1,0,0,0,0,0,0,0,"- ","- ",38.751449584960938,-121.26570129394531,PLACER,ROSEVILLE,-121.26580810546875,38.751491546630859
9232390,2021,2021-03-23,3105,2021-01-27,2111,1118,,3,5,5,3105,0,0,0,,0,007,"PLEASANT GROVE BL","UPLAND DR",0.00,,Y,C,G,N,,,,,,,,,,Y,4,0,1,1,A,-,03,22350,,N,F,I,A,B,H,-,C,D,0,,,,,Y,,A,01,0,0,1,0,0,0,0,0,0,"- ","- ",38.768299102783203,-121.36432647705078,PLACER,ROSEVILLE,-121.36233520507812,38.766887664794922
92324460,2024,2024-02-27,9220,2024-02-20,1455,015917,,2,2,9,3100,0,1,3,,1,249,"SR-49 (GRASS VALLEY HIGHWAY)","COTTAGE DR",0.00,,Y,B,-,Y,PLA,,49," "," ",5.992,H,,R,Y,3,0,1,2,A,-,09,21801,A,N,D,C,A,A,H,-,A,D,0,,,,,Y,,A,07,0,1,0,0,0,0,0,0,0,"- ","- ",38.936561584472656,-121.09477233886719,PLACER,UNINCORPORATED,-121.09455871582031,38.936679840087891
92324474,2024,2024-02-27,9220,2024-02-20,1720,018532,,2,2,9,3100,0,1,3,,1,265,"SR-65 S/B","SUNSET BLVD",1670.00,N,N,C,-,Y,PLA,,65," ",R,9.910,H,,L,Y,4,0,4,3,A,-,03,22350,,N,C,C,A,B,H,-,B,D,0,,,,,Y,,A,08,0,0,4,0,0,0,0,0,0,"- ","- ",38.821979522705078,-121.30026245117188,PLACER,UNINCORPORATED,-121.30029296875,38.821979522705078
92324547,2024,2024-02-27,9220,2024-02-23,"840 ",019446,,5,1,4,3104,0,1,1,,2,281,"I-80 E/B",SR-65,398.00,E,N,A,-,Y,PLA,,80," "," ",4.248,H,,R,Y,4,0,1,2,A,-,03,22350,,N,C,C,A,A,H,-,A,D,0,,,,,Y,,A,01,0,0,1,0,0,0,0,0,0,"- ","- ",38.770648956298828,-121.24739074707031,PLACER,ROCKLIN,-121.24737548828125,38.770637512207031
92326450,2024,2024-12-03,9220,2024-02-23,1220,017863,,5,1,9,3100,0,3,5,,2,050,"BELL RD.","I-80 E/B TO BELL RD.",100.00,W,N,A,-,Y,PLA,,80," ",R,21.130,H,,R,N,4,0,1,2,A,-,03,22350,,N,C,A,A,A,H,-,A,A,0,,,,,Y,,A,07,0,0,1,0,0,0,0,0,0,"- ","- ",38.945270538330078,-121.0460205078125,PLACER,UNINCORPORATED,-121.04608154296875,38.945308685302734
92326527,2024,2024-02-29,9220,2024-01-30,1330,014512,,2,1,9,3100,0,3,5,,2,030,"CROSBY HEROLD ROAD","WISE ROAD",0.00,,Y,A,-,N,,,,,,,,,,Y,2,0,1,2,A,-,12,22450,A,F,D,G,A,A,H,-,A,A,0,,Y,,,Y,,-,"- ",1,0,0,0,0,0,1,0,0,"- ","- ",38.926528930664062,-121.24687957763672,PLACER,UNINCORPORATED,-121.24678039550781,38.926528930664062
92327535,2023,2024-03-01,9220,2023-12-17,1245,017863,,7,1,9,3100,0,3,5,,2,010,"N. FOOTHILLS BLVD.","ATHENS AVE.",3168.00,S,N,B,-,N,,,,,,,,,,Y,1,1,1,2,A,-,08,22107,,N,D,8,A,A,H,-,A,D,0,,,,,Y,Y,A,01,0,1,0,0,0,0,0,0,0,"- ","- ",38.829971313476562,-121.32586669921875,PLACER,UNINCORPORATED,-121.32575225830078,38.830299377441406
92328798,2024,2024-03-04,9220,2024-02-23,1805,021719,,5,2,5,3105,0,1,1,,2,281,"I-80 E/B TO RIVERSIDE AVE.","RIVERSIDE AVE",1000.00,W,N,A,-,Y,PLA,,80," "," ",0.011,H,,R,N,3,0,1,2,A,-,08,22107,,F,B,C,A,A,H,-,D,D,0,,,Y,,Y,,-,99,0,1,0,0,0,0,0,0,1,"- ","- ",38.721759796142578,-121.29325866699219,PLACER,ROSEVILLE,-121.29338073730469,38.721851348876953
9232979,2021,2021-03-05,3105,2021-01-28,1231,1158,,4,5,5,3105,0,0,0,,0,002,"SUNRISE AV","OAK RIDGE DR",0.00,,Y,C,-,N,,,,,,,,,,N,4,0,1,2,A,-,03,22350,,N,A,C,A,B,H,-,A,A,0,,,,,Y,,A,01,0,0,1,0,0,0,0,0,0,"- ","- ",38.743289947509766,-121.27037811279297,PLACER,ROSEVILLE,-121.27043151855469,38.743171691894531
92330361,2024,2024-03-05,9220,2024-02-29,1418,019465,,4,2,9,3100,0,2,4,,2,071,"SIERRA COLLEGE BOULEVARD","CAVITT STALLMAN ROAD",0.00,,Y,B,-,N,,,,,,,,,,Y,4,0,2,2,A,-,09,21801,A,N,A,C,A,A,H,-,A,D,0,,,,,Y,,A,07,0,0,2,0,0,0,0,0,0,"- ","- ",38.748058319091797,-121.22628021240234,PLACER,UNINCORPORATED,-121.2264404296875,38.748004913330078
92332322,2024,2024-03-07,9220,2024-02-29,"820 ",020465,,4,1,9,3100,0,3,5,,2,020,"WELLINGTON WAY","EAST ROSEVILLE PARKWAY",1.00,N,N,B,-,N,,,,,,,,,,N,3,0,1,2,A,-,17,21235,G,N,D,C,A,A,H,-,A,A,0,,,,,Y,,M,94,0,1,0,0,0,0,0,0,0,"- ","- ",38.729278564453125,-121.21463775634766,PLACER,UNINCORPORATED,-121.21466064453125,38.729061126708984
92332533,2024,2024-03-07,9220,2024-03-01,"754 ",017863,,5,1,5,3105,0,1,1,,2,281,"I-80 E/B","DOUGLAS BLVD. OVERCROSSING",1584.00,W,N,B,-,Y,PLA,,80," "," ",1.642,H,,R,Y,4,0,1,3,A,-,03,22350,,N,D,C,A,B,H,-,A,A,0,,,,,Y,,A,01,0,0,1,0,0,0,0,0,0,"- ","- ",38.739891052246094,-121.27377319335938,PLACER,ROSEVILLE,-121.27374267578125,38.739871978759766
92336305,2024,2024-03-12,9220,2024-03-01,"400 ",022556,,5,3,5,3105,0,1,1,,2,281,"I-80 W/B","LEAD HILL BLVD. (OVERCROSSING)",1015.00,W,N,C,-,Y,PLA,,80," "," ",2.373,H,,L,Y,4,0,1,2,A,-,07,21658,A,N,B,2,A,B,D,-,D,D,0,,,,,Y,,A,01,0,0,1,0,0,0,0,0,0,"- ","- ",38.749248504638672,-121.26751708984375,PLACER,ROSEVILLE,-121.26751708984375,38.749248504638672
92336353,2024,2024-03-12,9220,2024-03-02,1430,021255,,6,2,5,3105,0,1,1,,2,281,"I-80 E/B","ROSEVILLE PARKWAY",50.00,E,N,B,-,Y,PLA,,80," "," ",3.454,H,,R,N,4,0,1,3,A,-,03,22350,,N,C,C,A,A,H,-,B,D,0,,,,,Y,,A,01,0,0,1,0,0,0,0,0,0,"- ","- ",38.7630615234375,-121.25810241699219,PLACER,ROSEVILLE,-121.25817108154297,38.763092041015625
92336465,2024,2024-03-12,9220,2024-03-11,2340,016657,,1,3,5,3105,0,1,1,,2,281,"I-80 W/B FROM ATLANTIC STREET","ATLANTIC ST",55.00,W,N,B,C,Y,,,,,,,,,,Y,4,0,1,1,A,-,08,22107,,N,E,8,A,B,H,-,C,A,0,,,,,Y,,A,01,0,0,1,0,0,0,0,0,0,"- ","- ",38.757850646972656,-121.26412200927734,PLACER,ROSEVILLE,-121.26412200927734,38.757850646972656
92337506,2024,2024-03-13,9220,2024-03-06,1610,018532,,3,2,9,3100,1,2,4,,2,071,"SIERRA COLLEGE BLVD","SAGE LN",200.00,N,N,A,-,N,,,,,,,,,,Y,4,0,4,3,A,-,03,22350,,N,C,C,A,A,H,-,A,D,0,,,,,Y,,E,22,0,0,4,0,0,0,0,0,0,"- ","- ",38.884529113769531,-121.23798370361328,PLACER,UNINCORPORATED,-121.23800659179688,38.884529113769531
92341715,2024,2024-03-19,9220,2024-03-06,"30  ",020990,,3,3,5,3105,0,1,1,,2,281,"I-80 E/B FROM DOUGLAS BLVD W/B","DOUGLAS BOULEVARD",1010.00,N,N,A,-,Y,PLA,,80," "," ",2.180,H,,R,N,3,0,1,1,A,-,01,23152,A,N,F,A,A,A,H,-,C,D,0,,,Y,,Y,Y,C,02,0,1,0,0,0,0,0,0,1,"- ","- ",38.746650695800781,-121.26873016357422,PLACER,ROSEVILLE,-121.26890563964844,38.746723175048828
92341973,2024,2024-03-19,9220,2024-03-10,1615,021521,,7,2,9,3100,0,2,4,,2,021,"SIERRA COLLEGE BLVD","DOUGLAS BLVD",216.00,N,N,A,-,N,,,,,,,,,,Y,2,0,1,2,A,-,09,21804,A,N,D,C,A,A,H,-,A,D,0,,,Y,,Y,,A,01,1,0,0,0,0,0,0,0,1,"- ","- ",38.744678497314453,-121.22624206542969,PLACER,UNINCORPORATED,-121.22625732421875,38.744533538818359
92342208,2024,2024-03-19,9220,2024-03-10,2126,020990,,7,2,9,3100,0,1,1,,2,282,"I-80 W/B","PENRYN ROAD",6600.00,E,N,A,-,Y,PLA,,80," "," ",11.692,H,,L,N,4,0,1,2,A,-,03,22350,,N,C,C,A,A,H,-,C,D,0,,,,,Y,,A,07,0,0,1,0,0,0,0,0,0,"- ","- ",38.848209381103516,-121.15151977539062,PLACER,UNINCORPORATED,-121.15152740478516,38.848213195800781
92342209,2024,2024-03-19,9220,2024-03-11,1140,015961,,1,1,9,3100,0,2,4,,2,022,"DOUGLAS BLVD","DOVER DR.",0.00,,Y,B,-,N,,,,,,,,,,Y,3,0,1,2,A,-,09,21804,A,N,D,C,A,A,H,-,A,D,0,,,,,Y,,D,22,0,1,0,0,0,0,0,0,0,"- ","- ",38.743778228759766,-121.17906951904297,PLACER,UNINCORPORATED,-121.17910766601562,38.743587493896484
92342872,2024,2024-03-20,9220,2024-03-13,1945,015961,,3,2,9,3100,0,2,4,,2,022,"DOUGLAS BLVD W/B","CAVITT STALLMAN RD",30.00,E,N,A,-,N,,,,,,,,,,Y,3,0,1,3,A,-,03,22350,,N,C,C,A,A,H,-,C,A,0,,,,,Y,,A,01,0,1,0,0,0,0,0,0,0,"- ","- ",38.743869781494141,-121.22306823730469,PLACER,UNINCORPORATED,-121.22314453125,38.743740081787109
92343962,2024,2024-03-21,9220,2024-03-16,1240,020465,,6,1,5,3105,0,1,1,,2,281,"I-80 E/B","ROSEVILLE PARKWAY",45.00,W,N,A,-,Y,PLA,,80," "," ",3.410,H,,R,N,4,0,1,4,A,-,03,22350,,N,C,C,A,A,H,-,A,D,0,,,,,Y,,D,22,0,0,1,0,0,0,0,0,0,"- ","- ",38.762519836425781,-121.25850677490234,PLACER,ROSEVILLE,-121.25855255126953,38.762538909912109
92344909,2024,2024-03-22,9220,2024-03-06,1610,017863,,3,2,9,3100,0,1,1,,2,282,"I-80 W/B","NEWCASTLE RD. OVERCROSSING",650.00,W,N,A,-,Y,PLA,,80," "," ",13.939,H,,L,N,4,0,1,2,A,-,08,22107,,N,B,C,A,A,H,-,A,A,0,,,,,Y,,A,01,0,0,1,0,0,0,0,0,0,"- ","- ",38.875049591064453,-121.13123321533203,PLACER,UNINCORPORATED,-121.13120269775391,38.875041961669922
92344911,2024,2024-03-22,9220,2024-03-10,2124,022637,,7,2,9,3100,0,1,1,,2,282,"I-80 W/B","GILARDI ROAD",861.00,W,N,A,-,Y,PLA,,80," "," ",12.130,H,,L,Y,3,0,3,2,A,-,03,22350,,N,C,C,A,A,H,-,D,D,0,,,,,Y,,A,08,0,1,2,0,0,0,0,0,0,"- ","- ",38.852741241455078,-121.14598083496094,PLACER,UNINCORPORATED,-121.14601135253906,38.852760314941406
92344996,2024,2024-03-22,9220,2024-02-07,"525 ",014512,,3,3,9,3100,0,3,5,,2,030,"NICOLAUS ROAD","BREWER ROAD",2300.00,W,N,B,C,N,,,,,,,,,,Y,1,1,0,1,A,-,08,22107,,N,F,A,A,B,F,-,D,D,0,,,,,Y,,A,01,0,0,0,0,0,0,0,0,0,"- ","- ",38.896991729736328,-121.45999908447266,PLACER,UNINCORPORATED,-121.45989227294922,38.896949768066406
92346297,2024,2024-03-25,9220,2024-03-15,1653,019465,,5,2,9,3100,0,2,4,,2,027,"AUBURN FOLSOM ROAD","WOODCHASE DRIVE",0.00,,Y,A,-,N,,,,,,,,,,Y,3,0,4,2,A,-,09,21801,A,N,D,C,A,A,H,-,A,D,0,,,,,Y,,A,07,0,1,3,0,0,0,0,0,0,"- ","- ",38.721759796142578,-121.17520141601562,PLACER,UNINCORPORATED,-121.17507934570312,38.721790313720703
92348210,2024,2024-03-27,9220,2024-03-18,1152,014512,,1,1,9,3100,0,3,5,,2,010,"ATHENS AVENUE","THUNDER VALLEY COURT",1590.00,W,N,A,-,N,,,,,,,,,,Y,3,0,1,2,A,-,09,21801,A,N,D,C,A,A,H,-,A,D,0,,,,Y,Y,,D,22,0,1,0,0,0,0,0,0,0,"- ","- ",38.839069366455078,-121.31754302978516,PLACER,UNINCORPORATED,-121.31731414794922,38.839019775390625
92348214,2024,2024-03-27,9220,2024-03-21,"820 ",016429,,4,1,5,3105,0,1,3,,1,265,"SR-65 N/B","GALLERIA BLVD",2640.00,N,N,A,-,Y,PLA,,65," ",R,6.414,H,,R,Y,3,0,1,2,A,-,03,22350,,N,C,C,A,A,H,-,A,D,0,,,,,Y,,A,07,0,1,0,0,0,0,0,0,0,"- ","- ",38.781318664550781,-121.27336120605469,PLACER,ROSEVILLE,-121.27336883544922,38.781307220458984
92348269,2024,2024-03-27,9222,2024-03-25,"12  ",018515,,1,3,9,3100,0,1,3,,2,012,"SR-89 SOUTH","ALPINE MEADOWS RD.",100.00,N,N,A,-,Y,PLA,,89," "," ",12.376,H,,R,N,3,0,1,1,A,-,01,23152,A,N,E,I,A,C,H,-,C,A,0,,,,,Y,Y,A,07,0,1,0,0,0,0,0,0,0,"- ","- ",39.187568664550781,-120.19502258300781,PLACER,UNINCORPORATED,-120.19519805908203,39.187522888183594