CASE_ID,ACCIDENT_YEAR,PROC_DATE,JURIS,COLLISION_DATE,COLLISION_TIME,OFFICER_ID,REPORTING_DISTRICT,DAY_OF_WEEK,CHP_SHIFT,POPULATION,CNTY_CITY_LOC,SPECIAL_COND,BEAT_TYPE,CHP_BEAT_TYPE,CITY_DIVISION_LAPD,CHP_BEAT_CLASS,BEAT_NUMBER,PRIMARY_RD,SECONDARY_RD,DISTANCE,DIRECTION,INTERSECTION,WEATHER_1,WEATHER_2,STATE_HWY_IND,CALTRANS_COUNTY,CALTRANS_DISTRICT,STATE_ROUTE,ROUTE_SUFFIX,POSTMILE_PREFIX,POSTMILE,LOCATION_TYPE,RAMP_INTERSECTION,SIDE_OF_HWY,TOW_AWAY,COLLISION_SEVERITY,NUMBER_KILLED,NUMBER_INJURED,PARTY_COUNT,PRIMARY_COLL_FACTOR,PCF_CODE_OF_VIOL,PCF_VIOL_CATEGORY,PCF_VIOLATION,PCF_VIOL_SUBSECTION,HIT_AND_RUN,TYPE_OF_COLLISION,MVIW,PED_ACTION,ROAD_SURFACE,ROAD_COND_1,ROAD_COND_2,LIGHTING,CONTROL_DEVICE,CHP_ROAD_TYPE,PEDESTRIAN_ACCIDENT,BICYCLE_ACCIDENT,MOTORCYCLE_ACCIDENT,TRUCK_ACCIDENT,NOT_PRIVATE_PROPERTY,ALCOHOL_INVOLVED,STWD_VEHTYPE_AT_FAULT,CHP_VEHTYPE_AT_FAULT,COUNT_SEVERE_INJ,COUNT_VISIBLE_INJ,COUNT_COMPLAINT_PAIN,COUNT_PED_KILLED,COUNT_PED_INJURED,COUNT_BICYCLIST_KILLED,COUNT_BICYCLIST_INJURED,COUNT_MC_KILLED,COUNT_MC_INJURED,PRIMARY_RAMP,SECONDARY_RAMP,LATITUDE,LONGITUDE,COUNTY,CITY,POINT_X,POINT_Y
94995234,2025,2026-01-01,9221,2025-12-27,1054,024902,,6,1,9,3100,0,1,3,,1,374,"SR-174 S/B","OLD BRIDGE ROAD",686.00,S,N,A,-,Y,PLA,,174," "," ",2.674,H,,L,N,3,0,2,2,A,-,03,22350,,N,D,C,A,B,H,-,A,A,0,,,,,Y,,D,22,0,1,1,0,0,0,0,0,0,"- ","- ",39.128868103027344,-120.96028137207031,PLACER,UNINCORPORATED,-120.96028137207031,39.128868103027344
94996392,2025,2026-01-02,9220,2025-12-15,1712,015917,,1,2,9,3100,0,3,5,,2,050,"AUBURN RAVINE RD","BOWMAN RD",242.00,S,N,B,-,N,,,,,,,,,,N,4,0,1,2,A,-,06,21750,,N,B,C,A,A,H,-,C,A,0,,,,,Y,,A,07,0,0,1,0,0,0,0,0,0,"- ","- ",38.923480987548828,-121.05750274658203,PLACER,UNINCORPORATED,-121.05757141113281,38.923496246337891
94996605,2025,2026-01-02,9220,2025-12-25,1600,019133,,4,2,4,3104,0,1,1,,2,281,"I-80 E/B","ROCKLIN RD",4699.00,W,N,B,C,Y,PLA,,80," "," ",5.175,H,,R,Y,4,0,1,1,A,-,03,22350,,N,E,I,A,B,F,-,A,D,0,,,,,Y,,A,08,0,0,1,0,0,0,0,0,0,"- ","- ",38.779121398925781,-121.23394775390625,PLACER,ROCKLIN,-121.23388671875,38.779064178466797
94996681,2025,2026-01-02,9220,2025-12-25,1130,017863,,4,1,9,3100,0,1,1,,2,282,"I-80 W/B","NEWCASTLE RD. OVERCROSSING",2376.00,E,N,B,-,Y,PLA,,80," "," ",13.364,H,,L,Y,3,0,4,2,A,-,03,22350,,N,C,C,A,B,F,-,A,A,0,,,,,Y,,A,01,0,4,0,0,0,0,0,0,0,"- ","- ",38.866828918457031,-121.1326904296875,PLACER,UNINCORPORATED,-121.13270568847656,38.866832733154297
9499875,2022,2022-11-16,3105,2022-10-15,1803,1056,,6,5,5,3105,0,0,0,,0,007,"BASELINE RD","WATT AV",0.00,,Y,A,-,N,,,,,,,,,,Y,4,0,2,2,A,-,03,22350,,N,C,C,A,A,D,-,B,A,0,,,,,Y,,A,01,0,0,2,0,0,0,0,0,0,"- ","- ",,,PLACER,ROSEVILLE,-121.39266967773438,38.751758575439453
9499881,2022,2022-11-30,3105,2022-10-13,1508,1084,,4,5,5,3105,0,0,0,,0,003,"RIVERSIDE AV","5TH ST",196.00,S,N,A,-,N,,,,,,,,,,N,3,0,1,2,A,-,09,21804,A,N,D,C,A,A,H,-,A,D,0,,,Y,,Y,,A,01,0,1,0,0,0,0,0,0,1,"- ","- ",,,PLACER,ROSEVILLE,-121.29055786132812,38.737583160400391
94999273,2025,2026-01-05,9220,2025-12-27,2050,022556,,6,2,9,3100,0,3,5,,2,040,"BALD HILL RD","FRONTIER RD",2640.00,S,N,A,-,N,,,,,,,,,,Y,4,0,1,1,A,-,08,22107,,N,E,8,A,A,H,-,D,D,0,,,,,Y,,A,07,0,0,1,0,0,0,0,0,0,"- ","- ",38.912879943847656,-121.11682891845703,PLACER,UNINCORPORATED,-121.11592864990234,38.911964416503906
95000735,2025,2026-01-06,9220,2025-12-25,1700,016031,,4,2,9,3100,0,3,5,,2,070,"ROCK SPRINGS RD.","SUNNYDALE LN",350.00,S,N,B,-,N,,,,,,,,,,Y,4,0,2,3,A,-,07,21658,A,N,B,C,A,B,H,-,A,D,0,,,,,Y,,D,22,0,0,2,0,0,0,0,0,0,"- ","- ",38.848350524902344,-121.15791320800781,PLACER,UNINCORPORATED,-121.157958984375,38.848419189453125
9501977,2022,2022-12-27,3105,2022-09-02,1235,1090,,5,5,5,3105,0,0,0,,0,002,"CIRBY WY","SUNRISE AV",261.00,W,N,-,-,N,,,,,,,,,,N,4,0,1,2,A,-,09,21804,A,F,C,C,A,A,H,-,-,B,0,,,,,Y,Y,A,01,0,0,1,0,0,0,0,0,0,"- ","- ",,,PLACER,ROSEVILLE,-121.27300262451172,38.729511260986328
9504021,2022,2022-10-13,3105,2022-05-06,2230,140,,5,5,5,3105,0,0,0,,0,002,"S CIRBY WY","NIGHTHAWK CIR",0.00,,Y,A,-,N,,,,,,,,,,Y,1,1,0,2,A,-,11,21954,A,N,A,B,D,A,H,-,C,D,0,Y,,,,Y,,N,60,0,0,0,1,0,0,0,0,0,"- ","- ",38.726940155029297,-121.25105285644531,PLACER,ROSEVILLE,-121.25208282470703,38.727909088134766
9504610,2022,2022-10-31,3104,2022-09-28,0820,617,43,3,5,4,3104,0,0,0,,0,001,"ROCKLIN RD","RT 180",235.00,E,N,A,-,N,,,,,,,,,,N,3,0,1,2,A,-,03,22350,,N,C,C,A,A,H,-,A,D,0,,,Y,,Y,,C,02,0,1,0,0,0,0,0,0,1,"- ",WO,38.78961181640625,-121.22061920166016,PLACER,ROCKLIN,-121.22085571289062,38.789890289306641
9504625,2022,2022-11-03,3104,2022-10-08,1700,2304,33,6,5,4,3104,0,0,0,,0,002,"MEADOW WY","MIDAS AV",0.00,,Y,A,-,N,,,,,,,,,,N,4,0,1,2,A,-,03,22350,,M,H,C,A,A,H,-,D,D,0,,,,,Y,Y,-,99,0,0,1,0,0,0,0,0,0,"- ","- ",38.797821044921875,-121.23615264892578,PLACER,ROCKLIN,-121.23680114746094,38.797145843505859
9504762,2022,2022-11-22,3104,2022-10-12,1903,298,7,3,5,4,3104,0,0,0,,0,004,"WILDCAT BL",BRIDLEWOOD,0.00,,Y,A,-,N,,,,,,,,,,N,2,0,1,2,A,-,11,21950,B,N,G,B,B,A,H,-,C,A,0,Y,,,,Y,,N,60,1,0,0,0,1,0,0,0,0,"- ","- ",38.8272705078125,-121.28627014160156,PLACER,ROCKLIN,-121.28569030761719,38.826377868652344
9505205,2022,2022-10-11,3105,2022-04-27,1455,178,,3,5,5,3105,0,0,0,,0,003,"SUNRISE AV","COLOMA WY",46.00,S,N,A,-,N,,,,,,,,,,Y,2,0,7,5,A,-,00,21353,F,N,C,C,A,A,H,-,A,A,0,,,,,Y,Y,A,01,1,2,4,0,0,0,0,0,0,"- ","- ",,,PLACER,ROSEVILLE,-121.27201080322266,38.736644744873047
95052558,2025,2026-02-11,9220,2025-09-21,1610,022637,,7,2,9,3100,0,2,4,,2,027,"AUBURN FOLSOM ROAD","JOE RODGERS RD",0.00,,Y,A,-,N,,,,,,,,,,Y,1,1,0,2,A,-,09,21802,A,N,D,2,A,A,H,-,A,A,0,,,Y,,Y,,A,07,0,0,0,0,0,0,0,1,0,"- ","- ",38.750751495361328,-121.17031097412109,PLACER,UNINCORPORATED,-121.1702880859375,38.750759124755859
9506187,2022,2022-10-10,3104,2022-07-22,2240,316,11,5,5,4,3104,0,0,0,,0,004,"BLUE OAKS BL","FAIRWAY DR",0.00,,Y,A,-,N,,,,,,,,,,Y,3,0,1,1,A,-,01,23152,A,N,E,I,A,A,H,-,C,A,0,,,Y,,Y,Y,C,02,0,1,0,0,0,0,0,0,1,"- ","- ",38.7958984375,-121.29158782958984,PLACER,ROCKLIN,-121.29178619384766,38.795967102050781
9507128,2022,2022-10-31,3104,2022-10-15,1218,322,42,6,5,4,3104,0,0,0,,0,001,"SIERRA COLLEGE BL","SCHRIBER DR",0.00,,Y,A,-,N,,,,,,,,,,N,4,0,2,2,A,-,12,21453,A,N,D,C,A,A,H,-,A,A,0,,,,,Y,,A,01,0,0,2,0,0,0,0,0,0,"- ","- ",38.7994384765625,-121.20542144775391,PLACER,ROCKLIN,-121.20552062988281,38.799442291259766
9507492,2022,2022-10-04,3104,2022-09-21,1706,322,45,3,5,4,3104,0,0,0,,0,002,"PACIFIC ST","QUARRY PARK ENTRANCE",100.00,S,N,A,-,N,,,,,,,,,,N,3,0,1,2,A,-,05,21650,1,N,H,G,A,A,H,-,A,D,0,,Y,,,Y,,L,04,0,1,0,0,0,0,1,0,0,"- ","- ",38.788448333740234,-121.23777770996094,PLACER,ROCKLIN,-120.44467926025391,34.865955352783203
9507494,2022,2022-10-03,3104,2022-09-26,0804,324,11,1,5,4,3104,0,0,0,,0,004,"BLUE OAKS BL","HANNAH WY",0.00,,Y,A,-,N,,,,,,,,,,Y,3,0,2,2,A,-,09,21801,A,N,D,C,A,A,H,-,A,D,0,,,,,Y,,A,01,0,2,0,0,0,0,0,0,0,"- ","- ",38.806251525878906,-121.28175354003906,PLACER,ROCKLIN,-121.28176879882812,38.806255340576172
9507496,2022,2022-10-03,3104,2022-09-23,1755,325,17,5,5,4,3104,0,0,0,,0,004,"FARRIER RD","CLUB DR PROLONGATION",10.00,E,N,A,-,N,,,,,,,,,,N,3,0,2,2,A,-,03,22350,,N,C,C,A,A,H,-,A,D,0,,,,,Y,Y,A,01,0,1,1,0,0,0,0,0,0,"- ","- ",38.809619903564453,-121.26812744140625,PLACER,ROCKLIN,-121.26809692382812,38.809619903564453
9507576,2022,2022-10-11,3105,2022-08-13,1112,1164,,6,5,5,3105,0,0,0,,0,005,"PLEASANT GROVE BL","RT 65",0.00,,Y,A,-,Y,PLA,3,65,-,R,7.082,R,4,N,N,4,0,1,2,A,-,08,22107,,N,A,C,A,A,H,-,A,A,0,,,,,Y,,A,01,0,0,1,0,0,0,0,0,0,"- ",NO,38.785671234130859,-121.28648376464844,PLACER,ROSEVILLE,-121.28374481201172,38.786483764648438
9507708,2022,2022-11-29,3105,2022-09-21,1634,1108,,3,5,5,3105,0,0,0,,0,005,"STANFORD RANCH RD","RT 65",100.00,N,N,A,-,Y,PLA,3,65,-,R,6.204,R,4,N,Y,3,0,2,3,A,-,03,22350,I,N,C,C,A,A,H,-,A,A,0,,,,,Y,,D,22,0,1,1,0,0,0,0,0,0,"- ",NO,,,PLACER,ROSEVILLE,-121.27009582519531,38.779678344726562
9507976,2022,2022-10-25,3105,2022-08-27,0651,1178,,6,5,5,3105,0,0,0,,0,007,"FIDDYMENT RD","PRAIRIE TOWN WY",0.00,,Y,A,-,N,,,,,,,,,,Y,2,0,1,2,A,-,04,21703,,N,C,C,A,A,H,-,A,D,0,,,Y,,Y,,C,02,1,0,0,0,0,0,0,0,1,"- ","- ",38.802131652832031,-121.3548583984375,PLACER,ROSEVILLE,,
9507983,2022,2022-10-25,3105,2022-08-19,1645,1131,,5,5,5,3105,0,0,0,,0,006,"FOOTHILLS BL","FED EX",0.00,,Y,A,-,N,,,,,,,,,,N,4,0,1,3,A,-,09,21802,A,M,B,C,A,A,H,-,A,A,0,,,,,Y,,-,,0,0,1,0,0,0,0,0,0,"- ","- ",38.788261413574219,-121.31376647949219,PLACER,ROSEVILLE,,
9508043,2022,2022-10-26,3105,2022-09-26,1000,143,,1,5,5,3105,0,0,0,,0,003,"HARDING BL","DOUGLAS BL",0.00,,Y,A,-,N,,,,,,,,,,,3,0,2,2,A,-,12,21453,A,N,D,C,A,A,H,-,A,A,0,,,,,Y,,D,22,0,2,0,0,0,0,0,0,0,"- ","- ",38.743991851806641,-121.27435302734375,PLACER,ROSEVILLE,-121.27436065673828,38.7440185546875
9508147,2022,2022-10-24,3105,2022-09-24,2025,1186,,6,5,5,3105,0,0,0,,0,006,"JUNCTION BL","COUNTRY CLUB DR",0.00,,Y,A,-,N,,,,,,,,,,Y,3,0,2,2,A,-,17,21461,A,N,A,C,A,A,H,-,C,A,0,,,,,Y,,A,01,0,1,1,0,0,0,0,0,0,"- ","- ",38.756229400634766,-121.32711791992188,PLACER,ROSEVILLE,-121.32712554931641,38.756233215332031
9508151,2022,2022-10-25,3105,2022-09-27,1514,1181,,2,5,5,3105,0,0,0,,0,003,"SUN TREE DR","SUNRISE AV",0.00,,Y,A,-,N,,,,,,,,,,Y,4,0,1,4,A,-,08,22107,,N,B,C,A,A,H,-,A,A,0,,,,Y,Y,,A,01,0,0,1,0,0,0,0,0,0,"- ","- ",38.727161407470703,-121.27207183837891,PLACER,ROSEVILLE,-121.27206420898438,38.727161407470703
9508270,2022,2022-11-07,3101,2022-09-10,1840,A716,AU09,6,5,3,3101,0,0,0,,0,0A2,"COLLEGE WY","AUBURN FOLSOM RD",0.00,,Y,A,-,N,,,,,,,,,,N,2,0,1,1,A,-,01,23152,,N,E,I,A,A,H,-,A,D,0,,,,,Y,Y,-,,1,0,0,0,0,0,0,0,0,"- ","- ",38.896270751953125,-121.07527923583984,PLACER,AUBURN,-121.07527160644531,38.896297454833984
9508296,2022,2022-10-24,3105,2022-08-18,1254,3062,,4,5,5,3105,0,0,0,,0,002,"DOUGLAS BL","STAUCH DR",261.00,W,N,A,-,N,,,,,,,,,,N,4,0,1,2,A,-,03,22350,,N,C,C,A,A,H,-,A,A,0,,,,,Y,,-,,0,0,1,0,0,0,0,0,0,"- ","- ",,,PLACER,ROSEVILLE,-121.25593566894531,38.744182586669922
9508298,2022,2022-10-25,3105,2022-08-28,1236,1117,,7,5,5,3105,0,0,0,,0,004,"ATLANTIC ST","YOSEMITE ST",50.00,E,N,A,-,N,,,,,,,,,,N,4,0,1,2,A,-,08,22107,,F,B,C,A,-,H,-,A,D,0,,,,,Y,,A,01,0,0,1,0,0,0,0,0,0,"- ","- ",38.754169464111328,-121.28040313720703,PLACER,ROSEVILLE,-121.27940368652344,38.753368377685547
9508369,2022,2022-11-04,3105,2022-10-09,2500,1133,,7,5,5,3105,0,0,0,,0,005,"FAIRWAY DR","CENTRAL PARK DR",22.00,W,N,A,-,N,,,,,,,,,,Y,4,0,1,2,A,-,01,23152,F,N,C,C,A,A,H,-,A,A,0,,,,,Y,Y,A,01,0,0,1,0,0,0,0,0,0,"- ","- ",38.78662109375,-122.27778625488281,PLACER,ROSEVILLE,-121.27783966064453,38.786655426025391
9508370,2022,2022-11-14,3105,2022-10-17,2500,1133,,1,5,5,3105,0,0,0,,0,003,"DOUGLAS BL","HARDING BL",526.00,E,N,A,-,Y,PLA,3,80,-,-,2.188,R,4,W,Y,4,0,1,2,A,-,12,21453,A,N,D,C,A,A,H,-,C,A,0,,,,,Y,,A,01,0,0,1,0,0,0,0,0,0,"- ","- ",38.743968963623047,-121.27250671386719,PLACER,ROSEVILLE,-121.26905059814453,38.746837615966797
9508372,2022,2022-11-03,3105,2022-10-02,1258,1179,,7,5,5,3105,0,0,0,,0,006,"BLUE OAKS BL","PRAIRIE WOODS WY",86.00,E,N,A,-,N,,,,,,,,,,Y,3,0,1,1,A,-,03,22350,,N,E,J,A,A,H,-,A,D,0,,,Y,,Y,,C,02,0,1,0,0,0,0,0,0,1,"- ","- ",,,PLACER,ROSEVILLE,-121.33367919921875,38.795230865478516
9509842,2022,2022-12-14,3105,2022-11-08,1440,1187,,2,5,5,3105,0,0,0,,0,001,"EAST ROSEVILLE PKWY","NORTH SUNRISE AV",99.00,W,N,B,-,N,,,,,,,,,,N,4,0,1,2,A,-,03,22350,,N,A,C,A,B,H,-,A,A,0,,,,,Y,,A,07,0,0,1,0,0,0,0,0,0,"- ","- ",,,PLACER,ROSEVILLE,-121.25181579589844,38.762020111083984
9509846,2022,2022-12-20,3105,2022-11-14,1737,1137,,1,5,5,3105,0,0,0,,0,006,"PLEASANT GROVE BL","FOOTHILLS BL",700.00,E,N,A,-,N,,,,,,,,,,Y,4,0,2,3,A,-,03,22350,,N,C,C,A,A,H,-,C,A,0,,,,,Y,,A,01,0,0,2,0,0,0,0,0,0,"- ","- ",38.772609710693359,-121.31285858154297,PLACER,ROSEVILLE,-121.3104248046875,38.7724609375
9509849,2022,2022-12-20,3105,2022-11-15,1244,1148,,2,5,5,3105,0,0,0,,0,006,"JUNCTION BL","COUNTRY CLUB DR",0.00,,Y,A,-,N,,,,,,,,,,Y,4,0,1,2,A,-,17,21461,A,N,D,C,A,A,H,-,A,A,0,,,,,Y,,A,01,0,0,1,0,0,0,0,0,0,"- ","- ",38.756229400634766,-121.32711791992188,PLACER,ROSEVILLE,-121.32712554931641,38.756233215332031
9510115,2022,2022-12-08,3105,2022-10-11,1715,1173,,2,5,5,3105,0,0,0,,0,002,"NORTH SUNRISE AV","DOUGLAS BL",325.00,N,N,A,-,N,,,,,,,,,,Y,4,0,1,1,C,-,18,,,N,E,I,A,A,H,-,A,D,0,,,,,Y,,-,"- ",0,0,1,0,0,0,0,0,0,"- ","- ",38.744129180908203,-121.26622772216797,PLACER,ROSEVILLE,-121.26628875732422,38.744991302490234
9510493,2022,2023-01-27,3104,2022-12-02,1249,313,38,5,5,4,3104,0,0,0,,0,003,"STANFORD RANCH RD","SUNSET BL",0.00,,Y,A,-,N,,,,,,,,,,Y,3,0,1,2,A,-,09,21804,,N,D,C,A,A,H,-,A,D,0,,,,,Y,,A,01,0,1,0,0,0,0,0,0,0,"- ","- ",38.796249389648438,-121.26497650146484,PLACER,ROCKLIN,-121.26510620117188,38.796138763427734
9511138,2022,2023-02-01,3104,2022-12-30,2241,319,25,5,5,4,3104,0,0,0,,0,003,"PARK DR","SUNSET BL",0.00,,Y,C,-,N,,,,,,,,,,Y,3,0,1,1,A,-,03,22350,,N,E,I,A,B,G,-,C,D,0,,,,,Y,,A,01,0,1,0,0,0,0,0,0,0,"- ","- ",38.804740905761719,-121.27294158935547,PLACER,ROCKLIN,-121.27294921875,38.804740905761719
9511139,2022,2023-02-01,3104,2022-12-24,1605,324,25,6,5,4,3104,0,0,0,,0,003,"PARK AV","SUNSET BL",0.00,,Y,A,-,N,,,,,,,,,,Y,3,0,2,2,A,-,08,22107,,N,B,C,A,A,H,-,A,A,0,,,,,Y,,A,01,0,2,0,0,0,0,0,0,0,"- ","- ",38.804740905761719,-121.27294158935547,PLACER,ROCKLIN,-121.27294921875,38.804740905761719
9511462,2022,2023-01-17,3104,2022-11-12,1705,302,42,6,5,4,3104,0,0,0,,0,001,"SIERRA COLLEGE BL",SCHRIBER,0.00,,Y,A,-,N,,,,,,,,,,Y,3,0,1,2,A,-,12,21453,A,N,D,C,A,A,H,-,C,A,0,,,,,Y,,D,22,0,1,0,0,0,0,0,0,0,"- ","- ",38.7994384765625,-121.20542144775391,PLACER,ROCKLIN,-121.20552062988281,38.799442291259766
9512577,2022,2022-11-03,3105,2022-09-24,2500,1170,,6,5,5,3105,0,0,0,,0,003,"RIVERSIDE AV","RT 80",70.00,N,N,A,-,Y,PLA,3,80,-,-,0.565,R,4,W,Y,3,0,2,3,A,-,01,23152,B,F,C,E,A,A,H,-,C,A,0,,,,,Y,Y,A,01,0,2,0,0,0,0,0,0,0,"- ",WF,38.727809906005859,-121.28897857666016,PLACER,ROSEVILLE,-121.28694152832031,38.728057861328125
9513781,2022,2022-12-13,3105,2022-10-06,1802,1180,,4,5,5,3105,0,0,0,,0,002,"DOUGLAS BL","SUNRISE AV",0.00,,-,A,-,N,,,,,,,,,,Y,4,0,1,2,A,-,01,23153,A,F,C,C,A,A,H,-,A,A,0,,,,,Y,Y,A,01,0,0,1,0,0,0,0,0,0,"- ","- ",38.744129180908203,-121.26622772216797,PLACER,ROSEVILLE,-121.26619720458984,38.744098663330078
9517719,2022,2022-12-22,3105,2022-10-10,1512,1186,,1,5,5,3105,0,0,0,,0,002,"CIRBY WY","GREEN HILL DR",116.00,E,N,-,-,N,,,,,,,,,,Y,3,0,2,3,A,-,03,22350,,N,C,C,A,A,H,-,A,D,0,,,,,Y,,A,01,0,1,1,0,0,0,0,0,0,"- ","- ",38.729518890380859,-121.26233673095703,PLACER,ROSEVILLE,-121.26887512207031,38.729526519775391
9518697,2022,2023-02-01,3105,2022-12-31,1653,1159,,6,5,5,3105,0,0,0,,0,003,"SUNRISE AV","SMITH LN",0.00,,Y,C,-,N,,,,,,,,,,Y,4,0,1,2,A,-,03,22350,,N,D,C,A,B,H,-,C,D,0,,,,,Y,,A,01,0,0,1,0,0,0,0,0,0,"- ","- ",38.738811492919922,-121.27246856689453,PLACER,ROSEVILLE,-121.27201843261719,38.738582611083984
9518752,2023,2023-02-16,3101,2023-01-11,1623,A811,AU12,3,5,3,3101,0,0,0,,0,0A1,"GRASS VALLEY HWY","ELM AV",0.00,,Y,C,-,N,,,,,,,,,,N,4,0,1,2,A,-,04,21703,,N,C,C,A,B,H,-,A,D,0,,,,,Y,,A,08,0,0,1,0,0,0,0,0,0,"- ","- ",38.904708862304688,-121.07407379150391,PLACER,AUBURN,-121.07627105712891,38.903968811035156
9518760,2023,2023-02-16,3105,2023-01-10,2154,1175,,2,5,5,3105,0,0,0,,0,006,"PLEASANT GROVE BL","WASHINGTON BL",0.00,,Y,A,-,N,,,,,,,,,,Y,3,0,1,2,A,-,09,21453,C,N,D,C,A,B,H,-,C,A,0,,,,,Y,,A,07,0,1,0,0,0,0,0,0,0,"- ","- ",38.773880004882812,-121.30377960205078,PLACER,ROSEVILLE,-121.30375671386719,38.773899078369141
9520159,2022,2023-02-01,3104,2022-10-02,0945,275,17,7,5,4,3104,0,0,0,,0,004,"STANFORD RANCH RD","HARVEST RD",0.00,,Y,A,-,N,,,,,,,,,,Y,1,1,0,2,A,-,10,21950,A,N,G,B,B,A,H,-,A,A,0,Y,,,,Y,,A,01,0,0,0,1,0,0,0,0,0,"- ","- ",38.817459106445312,-121.2716064453125,PLACER,ROCKLIN,-121.27162933349609,38.817466735839844
9520221,2022,2023-01-11,3104,2022-10-19,0847,283,7,3,5,4,3104,0,0,0,,0,004,"WHITNEY RANCH PKWY","UNIVERSITY AV",0.00,,Y,A,-,N,,,,,,,,,,Y,1,1,3,3,A,-,12,22450,A,N,D,-,A,A,H,-,A,A,0,,,,,Y,,A,01,2,1,0,0,0,0,0,0,0,"- ","- ",38.830928802490234,-121.29297637939453,PLACER,ROCKLIN,-121.29325866699219,38.830986022949219
9520357,2022,2023-02-02,3103,2022-09-27,0735,BCSHN,L6,2,5,2,3103,0,0,0,,0,0L4,"VIOLET LN","TERA LN",575.00,E,N,A,-,N,,,,,,,,,,N,1,1,0,2,A,-,10,21952,,N,G,B,F,A,H,-,A,D,0,Y,,,,Y,,A,07,0,0,0,1,0,0,0,0,0,"- ","- ",38.876289367675781,-121.27465057373047,PLACER,LINCOLN,-121.27416229248047,38.876361846923828
9520519,2022,2023-05-24,3105,2022-10-07,1712,140,,5,5,5,3105,0,0,0,,0,006,"WASHINGTON BL","INDUSTRIAL AV",0.00,,Y,A,-,N,,,,,,,,,,Y,1,1,0,2,A,-,01,23152,F,N,D,C,A,A,H,-,A,A,0,,,Y,,Y,,C,02,0,0,0,0,0,0,0,1,0,"- ","- ",38.777149200439453,-121.30380249023438,PLACER,ROSEVILLE,-121.30381774902344,38.777164459228516
9523358,2022,2023-02-10,3104,2022-12-04,0012,1158,,7,5,4,3104,0,0,0,,0,,"BLUE OAKS BL","FAIRWAY DR",1000.00,W,N,C,-,N,,,,,,,,,,Y,4,0,1,2,A,-,09,21453,B,N,D,C,A,B,H,-,C,D,0,,,,,Y,,A,01,0,0,1,0,0,0,0,0,0,"- ","- ",38.795291900634766,-121.30029296875,PLACER,ROCKLIN,-121.2952880859375,38.796062469482422
9523360,2022,2023-01-26,3105,2022-12-03,0010,1160,,6,5,5,3105,0,0,0,,0,003,"HILLCREST AV","KEEHNER AV",0.00,,Y,A,-,N,,,,,,,,,,Y,3,0,1,1,A,-,03,22350,,M,E,I,A,A,H,-,C,D,0,,,,,Y,,A,01,0,1,0,0,0,0,0,0,0,"- ","- ",38.739841461181641,-121.27876281738281,PLACER,ROSEVILLE,-121.27902984619141,38.739997863769531
9523416,2022,2023-01-10,3105,2022-11-23,1058,3062,,3,5,5,3105,0,0,0,,0,001,"ROSEVILLE PW","GALLERIA BL",325.00,W,N,A,-,N,,,,,,,,,,Y,4,0,2,3,A,-,08,22107,,N,B,C,A,A,H,-,A,D,0,,,,,Y,,A,07,0,0,2,0,0,0,0,0,0,"- ","- ",,,PLACER,ROSEVILLE,-121.26696014404297,38.769020080566406
9523417,2022,2023-01-13,3105,2022-11-28,1246,1114,,1,5,5,3105,0,0,0,,0,002,"S CRESTMONT AV","CIRBY WY",100.00,S,N,A,-,N,,,,,,,,,,Y,3,0,2,2,A,-,09,21804,A,N,B,C,A,A,H,-,A,D,0,,,,,Y,,A,01,0,1,1,0,0,0,0,0,0,"- ","- ",38.729560852050781,-121.25746917724609,PLACER,ROSEVILLE,-121.25746154785156,38.729286193847656
9523812,2022,2022-11-23,3105,2022-09-08,1745,1094,,4,5,5,3105,0,0,0,,0,003,"VERNON ST","CIRBY WY",100.00,N,N,A,-,N,,,,,,,,,,Y,4,0,3,2,A,-,09,21804,A,N,D,C,A,A,A,H,A,A,0,,,,,Y,,A,01,0,0,3,0,0,0,0,0,0,"- ","- ",,,PLACER,ROSEVILLE,-121.29971313476562,38.729564666748047
9523842,2022,2022-11-22,3105,2022-09-28,0350,1171,,3,5,5,3105,0,0,0,,0,003,"FOLSOM AV","ZOLA AV",0.00,,Y,A,-,N,,,,,,,,,,Y,4,0,1,2,A,-,08,22107,1,N,F,E,A,A,H,-,C,D,0,,,,,Y,,A,01,0,0,1,0,0,0,0,0,0,"- ","- ",38.748008728027344,-121.27760314941406,PLACER,ROSEVILLE,-121.27755737304688,38.747951507568359
9524126,2022,2022-12-21,3105,2022-09-26,0954,1140,,1,5,5,3105,0,0,0,,0,002,"LEAD HILL BL","ROCKY RIDGE RD",0.00,,Y,A,-,N,,,,,,,,,,,4,0,1,2,A,-,07,21658,A,N,B,C,A,A,H,-,A,A,0,,,,,Y,,A,07,0,0,1,0,0,0,0,0,0,"- ","- ",38.748279571533203,-121.25306701660156,PLACER,ROSEVILLE,-121.25308227539062,38.748256683349609
9524338,2022,2022-12-28,3105,2022-11-15,1351,3062,,2,5,5,3105,0,0,0,,0,002,"SIERRA COLLEGE BL","EUREKA RD",624.00,S,N,A,-,N,,,,,,,,,,Y,4,0,1,1,A,-,08,22107,,N,A,I,A,A,H,-,A,D,0,,,,,Y,,A,01,0,0,1,0,0,0,0,0,0,"- ","- ",,,PLACER,ROSEVILLE,-121.22579193115234,38.734966278076172
9524340,2022,2022-12-28,3105,2022-11-23,1352,1108,,3,5,5,3105,0,0,0,,0,003,"ATLANTIC ST","TIGER WY",65.00,E,N,A,-,N,,,,,,,,,,Y,4,0,1,2,A,-,09,21804,A,N,D,C,A,A,H,-,A,A,0,,,,,Y,,A,01,0,0,1,0,0,0,0,0,0,"- ","- ",,,PLACER,ROSEVILLE,-121.273681640625,38.756656646728516