CASE_ID,ACCIDENT_YEAR,PROC_DATE,JURIS,COLLISION_DATE,COLLISION_TIME,OFFICER_ID,REPORTING_DISTRICT,DAY_OF_WEEK,CHP_SHIFT,POPULATION,CNTY_CITY_LOC,SPECIAL_COND,BEAT_TYPE,CHP_BEAT_TYPE,CITY_DIVISION_LAPD,CHP_BEAT_CLASS,BEAT_NUMBER,PRIMARY_RD,SECONDARY_RD,DISTANCE,DIRECTION,INTERSECTION,WEATHER_1,WEATHER_2,STATE_HWY_IND,CALTRANS_COUNTY,CALTRANS_DISTRICT,STATE_ROUTE,ROUTE_SUFFIX,POSTMILE_PREFIX,POSTMILE,LOCATION_TYPE,RAMP_INTERSECTION,SIDE_OF_HWY,TOW_AWAY,COLLISION_SEVERITY,NUMBER_KILLED,NUMBER_INJURED,PARTY_COUNT,PRIMARY_COLL_FACTOR,PCF_CODE_OF_VIOL,PCF_VIOL_CATEGORY,PCF_VIOLATION,PCF_VIOL_SUBSECTION,HIT_AND_RUN,TYPE_OF_COLLISION,MVIW,PED_ACTION,ROAD_SURFACE,ROAD_COND_1,ROAD_COND_2,LIGHTING,CONTROL_DEVICE,CHP_ROAD_TYPE,PEDESTRIAN_ACCIDENT,BICYCLE_ACCIDENT,MOTORCYCLE_ACCIDENT,TRUCK_ACCIDENT,NOT_PRIVATE_PROPERTY,ALCOHOL_INVOLVED,STWD_VEHTYPE_AT_FAULT,CHP_VEHTYPE_AT_FAULT,COUNT_SEVERE_INJ,COUNT_VISIBLE_INJ,COUNT_COMPLAINT_PAIN,COUNT_PED_KILLED,COUNT_PED_INJURED,COUNT_BICYCLIST_KILLED,COUNT_BICYCLIST_INJURED,COUNT_MC_KILLED,COUNT_MC_INJURED,PRIMARY_RAMP,SECONDARY_RAMP,LATITUDE,LONGITUDE,COUNTY,CITY,POINT_X,POINT_Y
9524771,2022,2022-12-08,3105,2022-10-03,1500,1134,,1,5,5,3105,0,0,0,,0,001,"GALLERIA BL","BERRY ST",1455.00,N,N,A,-,N,,,,,,,,,,Y,4,0,3,2,A,-,03,22350,,N,C,C,A,A,H,-,A,D,0,,,,,Y,,A,01,0,0,3,0,0,0,0,0,0,"- ","- ",38.763629913330078,-121.26773834228516,PLACER,ROSEVILLE,-121.26512145996094,38.759590148925781
9526565,2023,2023-02-22,3105,2023-01-21,1355,1193,,6,5,5,3105,0,0,0,,0,002,"LEAD HILL BL","ROCKY RIDGE DR",0.00,,Y,A,-,N,,,,,,,,,,Y,4,0,3,2,A,-,12,21453,A,N,D,C,A,A,H,-,A,A,0,,,,,Y,,A,01,0,0,3,0,0,0,0,0,0,"- ","- ",38.748279571533203,-121.25306701660156,PLACER,ROSEVILLE,-121.25308227539062,38.748256683349609
9526783,2023,2023-04-13,3105,2023-02-14,1309,1192,,2,5,5,3105,0,0,0,,0,005,"STANFORD RANCH RD","HIGHLAND PARK DR",0.00,,Y,A,-,N,,,,,,,,,,Y,4,0,1,2,A,-,12,21453,A,N,D,C,A,A,H,-,A,A,0,,,,,Y,,-,,0,0,1,0,0,0,0,0,0,"- ","- ",38.789920806884766,-121.26924896240234,PLACER,ROSEVILLE,-121.26929473876953,38.789962768554688
9526939,2023,2023-03-07,3105,2023-01-27,1653,1124,,5,5,5,3105,0,0,0,,0,004,"FOOTHILLS BL","DENIO LOOP",0.00,,Y,A,-,N,,,,,,,,,,Y,4,0,1,2,A,-,01,23152,A,F,D,C,A,A,H,-,A,A,0,,,,,Y,Y,D,22,0,0,1,0,0,0,0,0,0,"- ","- ",38.738449096679688,-121.30673217773438,PLACER,ROSEVILLE,-121.30622100830078,38.737926483154297
9527083,2023,2023-02-21,3105,2023-01-29,"104 ",1158,,7,5,5,3105,0,0,0,,0,006,"FOOTHILLS BL","JUNCTION BL",0.00,,Y,A,-,N,,,,,,,,,,Y,4,0,1,2,A,-,12,21453,A,N,D,C,A,A,H,-,C,A,0,,,,,Y,,A,01,0,0,1,0,0,0,0,0,0,"- ","- ",38.759128570556641,-121.31002044677734,PLACER,ROSEVILLE,-121.30995941162109,38.759185791015625
9527084,2023,2023-02-21,3105,2023-01-24,1617,1130,,2,5,5,3105,0,0,0,,0,003,"HARDING BL","ESTATE DR",304.00,S,N,A,-,N,,,,,,,,,,N,4,0,1,2,A,-,"- ",,,N,D,C,A,A,H,-,A,D,0,,,Y,,Y,,A,01,0,0,1,0,0,0,0,0,1,"- ","- ",38.746891021728516,-121.27182769775391,PLACER,ROSEVILLE,-121.27272796630859,38.746417999267578
9527086,2023,2023-02-17,3105,2023-01-30,1550,1193,,1,5,5,3105,0,0,0,,0,006,"BLUE OAKS BL","ROSEVILLE PKWY",0.00,,Y,A,-,N,,,,,,,,,,Y,4,0,3,2,A,-,12,21453,A,N,D,C,A,A,H,-,A,A,0,,,,,Y,,A,01,0,0,3,0,0,0,0,0,0,"- ","- ",38.795501708984375,-121.32479095458984,PLACER,ROSEVILLE,,
9528569,2022,2022-11-22,3105,2022-10-05,0754,1142,,3,5,5,3105,0,0,0,,0,002,"SUNRISE AV","COLOMA WY",500.00,S,N,A,-,N,,,,,,,,,,Y,3,0,1,2,A,-,03,22350,,N,D,C,A,A,H,-,A,D,0,,,Y,,Y,,C,02,0,1,0,0,0,0,0,0,1,"- ","- ",38.735149383544922,-121.27140808105469,PLACER,ROSEVILLE,-121.27201843261719,38.735397338867188
9528571,2022,2022-11-22,3105,2022-10-22,1931,1161,,6,5,5,3105,0,0,0,,0,002,"E ROSEVILLE PW","SIERRA COLLEGE BL",0.00,,Y,A,-,N,,,,,,,,,,Y,4,0,1,3,A,-,12,21453,A,N,D,C,A,A,H,-,C,A,0,,,,,Y,Y,A,01,0,0,1,0,0,0,0,0,0,"- ","- ",38.73114013671875,-121.22611999511719,PLACER,ROSEVILLE,-121.22586059570312,38.730976104736328
9528579,2022,2022-11-23,3105,2022-10-10,1423,196,,1,5,5,3105,0,0,0,,0,001,"CREEKSIDE RIDGE DR","ROSEVILLE PKWY",334.00,E,N,A,-,N,,,,,,,,,,Y,4,0,2,2,A,-,21,22106,,N,B,C,A,A,H,-,-,A,0,,,,,Y,,A,01,0,0,2,0,0,0,0,0,0,"- ","- ",38.767051696777344,-121.26306915283203,PLACER,ROSEVILLE,-121.26235961914062,38.767776489257812
9528580,2022,2022-11-28,3105,2022-10-04,2500,1133,,2,5,5,3105,0,0,0,,0,002,"ROCKY RIDGE DR","MCLAREN DR",160.00,S,N,A,-,N,,,,,,,,,,N,3,0,1,1,C,-,18,,,N,H,J,A,A,B,-,A,D,0,,,Y,,Y,,-,"- ",0,1,0,0,0,0,0,0,1,"- ","- ",38.733268737792969,-121.25373840332031,PLACER,ROSEVILLE,-121.25375366210938,38.732830047607422
9528904,2022,2022-12-02,3105,2022-10-24,1650,1137,,1,5,5,3105,0,0,0,,0,006,"BASELINE RD","WOODCREEK OAKS BL",70.00,W,N,A,-,N,,,,,,,,,,N,4,0,1,2,A,-,03,22350,,N,C,C,A,A,H,-,A,A,0,,,,,Y,,A,01,0,0,1,0,0,0,0,0,0,"- ","- ",38.751850128173828,-121.33702087402344,PLACER,ROSEVILLE,-121.33748626708984,38.751869201660156
9530022,2022,2022-12-12,3105,2022-10-24,2500,1119,,1,5,5,3105,0,0,0,,0,003,"AUBURN BL","ORLANDO AV",302.00,N,N,A,-,Y,PLA,3,80,-,-,0.406,R,4,E,Y,4,0,1,2,A,-,09,21804,A,N,D,C,A,A,A,H,B,D,0,,,,,Y,Y,A,01,0,0,1,0,0,0,0,0,0,"- ","- ",,,PLACER,ROSEVILLE,-121.28868865966797,38.726131439208984
9530129,2022,2022-12-28,3101,2022-10-29,1124,A777,AU10,6,5,3,3101,0,0,0,,0,0A2,"RT 80","RT 49",0.00,,Y,A,-,Y,PLA,3,49,-,-,3.149,I,5,S,N,3,0,2,2,A,-,"- ",,,M,B,C,A,A,H,-,A,D,0,,,,,Y,Y,A,01,0,1,1,0,0,0,0,0,0,EF,"- ",38.896720886230469,-121.07382202148438,PLACER,AUBURN,-121.07440185546875,38.899341583251953
9532199,2022,2022-11-16,3105,2022-09-29,0811,3062,,4,5,5,3105,0,0,0,,0,003,"VERNON ST","DOUGLAS BL",0.00,,Y,A,-,N,,,,,,,,,,N,4,0,1,2,A,-,02,22400,A,F,C,C,A,A,H,-,A,A,0,,,,,Y,,A,01,0,0,1,0,0,0,0,0,0,"- ","- ",,,PLACER,ROSEVILLE,-121.29051208496094,38.743892669677734
9532507,2022,2022-12-05,3105,2022-10-20,0732,148,,4,5,5,3105,0,0,0,,0,003,"FOOTHILLS BL","DENIO LOOP",1703.00,S,N,A,-,N,,,,,,,,,,N,4,0,1,2,A,-,03,22350,,N,C,C,A,A,H,-,A,D,0,,,,,Y,,D,72,0,0,1,0,0,0,0,0,0,"- ","- ",38.737380981445312,-121.30534362792969,PLACER,ROSEVILLE,-121.30213928222656,38.734634399414062
9532617,2022,2022-11-29,3101,2022-10-18,1830,A803,AU09,2,5,3,3101,0,0,0,,0,0A2,"AUBURN FOLSOM RD","HIGH ST",0.00,,Y,A,-,N,,,,,,,,,,Y,3,0,1,3,A,-,01,23152,G,N,C,C,-,A,H,-,A,A,0,Y,,,,Y,Y,A,01,0,1,0,0,0,0,0,0,0,"- ","- ",38.892341613769531,-121.07634735107422,PLACER,AUBURN,-121.07640838623047,38.892925262451172
9532629,2022,2022-11-30,3104,2022-10-28,0815,324,52,5,5,4,3104,0,0,0,,0,001,"SIERRA COLLEGE BL","SOUTHSIDE RANCH RD",0.00,,Y,A,-,N,,,,,,,,,,N,4,0,1,2,D,-,00,,,N,C,C,A,A,H,-,A,A,0,,,,,Y,,-,"- ",0,0,1,0,0,0,0,0,0,"- ","- ",38.781349182128906,-121.20407104492188,PLACER,ROCKLIN,-121.20413208007812,38.781322479248047
9532633,2022,2022-11-30,3105,2022-10-27,1131,137,,4,5,5,3105,0,0,0,,0,007,"PLEASANT GROVE BL","CHANDLER AV",625.00,E,N,A,-,N,,,,,,,,,,Y,4,0,1,1,A,-,08,22107,,N,F,I,A,A,H,-,A,D,0,,,,,Y,,A,07,0,0,1,0,0,0,0,0,0,"- ","- ",38.77545166015625,-121.37930297851562,PLACER,ROSEVILLE,-121.37716674804688,38.775478363037109
9532676,2022,2022-12-01,3103,2022-10-03,1655,32,L4,1,5,2,3103,0,0,0,,0,0L2,"JOINER PKWY","GROVELAND LN",0.00,,Y,A,-,N,,,,,,,,,,N,4,0,1,2,A,-,03,22350,,M,C,C,A,A,H,-,A,A,0,,,,,Y,,A,01,0,0,1,0,0,0,0,0,0,"- ","- ",38.876480102539062,-121.30590057373047,PLACER,LINCOLN,-121.30596923828125,38.876300811767578
9532800,2022,2022-11-28,3105,2022-09-09,1712,148,,5,5,5,3105,0,0,0,,0,006,"FOOTHILLS BL","MISTY WOOD DR",0.00,,Y,A,-,N,,,,,,,,,,Y,3,0,2,2,A,-,09,21453,C,N,D,C,A,A,H,-,A,A,0,,,,,Y,,A,07,0,1,1,0,0,0,0,0,0,"- ","- ",38.778141021728516,-121.31375122070312,PLACER,ROSEVILLE,-121.31378936767578,38.778148651123047
9532962,2022,2022-11-21,3105,2022-09-28,1830,1121,,3,5,5,3105,0,0,0,,0,003,"MADDEN LN","SUNRISE AV",19.00,W,N,A,-,N,,,,,,,,,,N,4,0,1,2,A,-,03,22350,,F,C,C,A,A,H,-,A,A,0,,,,,Y,,-,99,0,0,1,0,0,0,0,0,0,"- ","- ",38.731910705566406,-121.27239990234375,PLACER,ROSEVILLE,-121.27212524414062,38.731739044189453
9533296,2023,2023-03-08,3104,2023-01-05,1342,283,42,4,5,4,3104,0,0,0,,0,001,"SIERRA COLLEGE BL","RT 80",0.00,,Y,C,-,Y,PLA,3,80,-,-,7.249,R,4,E,Y,4,0,2,2,A,-,12,21453,A,N,D,C,A,B,H,-,A,A,0,,,,,Y,,-,"- ",0,0,2,0,0,0,0,0,0,"- ","- ",38.800521850585938,-121.20538330078125,PLACER,ROCKLIN,-121.20758056640625,38.801055908203125
9533561,2023,2023-02-15,3104,2023-01-16,2118,295,37,1,5,4,3104,0,0,0,,0,002,"SUNSET BL","SPRINGVIEW DR",100.00,W,N,B,-,N,,,,,,,,,,Y,3,0,1,2,A,-,04,21703,,N,B,C,A,A,H,-,C,D,0,,,,,Y,,A,01,0,1,0,0,0,0,0,0,0,SO,"- ",38.785598754882812,-121.24980926513672,PLACER,ROCKLIN,-121.24825286865234,38.784809112548828
9533565,2023,2023-02-15,3104,2023-01-12,1141,290,42,4,5,4,3104,0,0,0,,0,001,"SIERRA COLLEGE BL","SCHRIBER WY",0.00,,Y,A,-,N,,,,,,,,,,Y,3,0,1,2,A,-,12,21453,A,N,D,C,A,A,H,-,A,A,0,,,,,Y,,A,01,0,1,0,0,0,0,0,0,0,"- ","- ",38.7994384765625,-121.20542144775391,PLACER,ROCKLIN,-121.20552062988281,38.799442291259766
9533566,2023,2023-02-22,3104,2023-01-13,1705,313,24,5,5,4,3104,0,0,0,,0,003,"PARK DR","VICTORY DR",0.00,,Y,C,-,N,,,,,,,,,,N,4,0,1,2,A,-,11,21456,,N,G,B,B,B,H,-,B,A,0,Y,,,,Y,,N,60,0,0,1,0,1,0,0,0,0,"- ","- ",38.816188812255859,-121.257080078125,PLACER,ROCKLIN,-121.25704193115234,38.816215515136719
9533567,2023,2023-02-22,3104,2023-01-11,1057,283,11,3,5,4,3104,0,0,0,,0,004,"BLUE OAK BL","SUNSET BL",0.00,,Y,C,-,N,,,,,,,,,,Y,3,0,1,2,A,-,12,21453,A,N,D,C,A,B,H,-,A,A,0,,,,,Y,,A,01,0,1,0,0,0,0,0,0,0,"- ","- ",38.808509826660156,-121.27993011474609,PLACER,ROCKLIN,-117.17404937744141,34.255645751953125
9533568,2023,2023-02-15,3104,2023-01-12,1734,321,45,4,5,4,3104,0,0,0,,0,002,"PACIFIC ST","BUSH ST",26.00,E,N,A,-,N,,,,,,,,,,Y,3,0,2,1,A,-,07,21658,A,N,E,I,A,A,H,-,D,D,0,,,,,Y,,A,01,0,2,0,0,0,0,0,0,0,"- ","- ",38.790679931640625,-121.23590850830078,PLACER,ROCKLIN,-121.23676300048828,38.789642333984375
9537185,2022,2023-01-04,3105,2022-11-10,1355,1181,,4,5,5,3105,0,0,0,,0,003,"DOUGLAS BL","HARDING AV",0.00,,Y,A,-,N,,,,,,,,,,N,4,0,1,2,A,-,07,21658,A,N,B,C,A,A,H,-,A,A,0,,,,,Y,,A,01,0,0,1,0,0,0,0,0,0,"- ","- ",38.743991851806641,-121.27435302734375,PLACER,ROSEVILLE,-121.27436065673828,38.7440185546875
9537187,2022,2023-01-04,3105,2022-11-04,1721,1128,,5,5,5,3105,0,0,0,,0,003,"CIRBY WY","VERNON ST",329.00,W,N,A,-,N,,,,,,,,,,N,4,0,1,2,A,-,06,21750,A,N,B,C,A,A,H,-,B,D,0,,,Y,,Y,,C,02,0,0,1,0,0,0,0,0,1,"- ","- ",,,PLACER,ROSEVILLE,-121.30086517333984,38.729290008544922
9537778,2022,2023-01-30,3104,2022-12-01,1445,301,43,4,5,4,3104,0,0,0,,0,001,"ROCKLIN RD","RT 80",73.00,W,N,B,-,Y,PLA,3,80,-,-,5.927,R,4,W,N,4,0,1,3,A,-,21,22106,,N,C,C,A,B,H,-,A,A,0,,,,,Y,Y,A,01,0,0,1,0,0,0,0,0,0,"- ",WO,38.803489685058594,-121.20513153076172,PLACER,ROCKLIN,-121.2244873046875,38.787071228027344
9537898,2022,2023-02-02,3105,2022-12-04,0139,1169,,7,5,5,3105,0,0,0,,0,004,"WASHINGTON BL","CHURCH ST",0.00,,Y,B,-,N,,,,,,,,,,Y,4,0,1,1,A,-,03,22350,,N,F,I,A,B,H,-,C,D,0,,,,,Y,,A,01,0,0,1,0,0,0,0,0,0,"- ","- ",38.751251220703125,-121.28550720214844,PLACER,ROSEVILLE,-121.28643035888672,38.750839233398438
9538112,2022,2023-01-18,3105,2022-11-11,1748,1186,,5,5,5,3105,0,0,0,,0,006,"WASHINGTON BL","PLEASANT GROVE BL",0.00,,Y,A,-,N,,,,,,,,,,Y,2,0,5,2,A,-,12,21453,A,N,D,C,A,A,H,-,C,A,0,,,,,Y,Y,A,01,1,3,1,0,0,0,0,0,0,"- ","- ",38.773880004882812,-121.30377960205078,PLACER,ROSEVILLE,-121.30375671386719,38.773899078369141
9538113,2022,2023-01-26,3105,2022-11-14,0500,1168,,1,5,5,3105,0,0,0,,0,006,"E PLEASANT GROVE BL","RETREAT WY",146.00,E,N,A,-,N,,,,,,,,,,Y,3,0,1,1,C,-,18,,,N,E,I,A,A,H,-,C,A,0,,,,,Y,,-,"- ",0,1,0,0,0,0,0,0,0,"- ","- ",38.768199920654297,-121.32279968261719,PLACER,ROSEVILLE,-121.32636260986328,38.768157958984375
9538114,2022,2023-01-20,3105,2022-11-25,2330,1171,,5,5,5,3105,0,0,0,,0,002,"SIERRA GARDENS DR","DOUGLAS BL",0.00,,Y,A,-,N,,,,,,,,,,Y,3,0,1,2,A,-,12,21453,A,N,D,C,A,A,H,-,C,A,0,,,,,Y,,A,01,0,1,0,0,0,0,0,0,0,"- ","- ",38.74420166015625,-121.25921630859375,PLACER,ROSEVILLE,-121.25921630859375,38.744270324707031
9538115,2022,2023-01-18,3105,2022-11-30,1506,1108,,3,5,5,3105,0,0,0,,0,006,"JUNCTION BL","BASELINE RD",0.00,,Y,A,-,N,,,,,,,,,,Y,3,0,2,2,A,-,12,21453,A,N,D,C,A,A,H,-,A,A,0,,,,,Y,,A,01,0,1,1,0,0,0,0,0,0,"- ","- ",,,PLACER,ROSEVILLE,-121.35250091552734,38.751811981201172
9538117,2022,2023-01-20,3105,2022-11-21,1631,1114,,1,5,5,3105,0,0,0,,0,002,"SIERRA GARDENS DR","NORTH SUNRISE AV",0.00,,Y,A,-,N,,,,,,,,,,N,3,0,1,2,A,-,12,21453,A,N,D,J,A,A,H,-,A,A,0,,,,,Y,,M,94,0,1,0,0,0,0,0,0,0,"- ","- ",38.748359680175781,-121.26493835449219,PLACER,ROSEVILLE,-121.26497650146484,38.748348236083984
9538377,2022,2023-01-10,3105,2022-10-15,1349,1186,,6,5,5,3105,0,0,0,,0,003,"AUBURN BL","WHYTE AV",0.00,,Y,A,-,N,,,,,,,,,,Y,3,0,2,2,A,-,09,21804,A,N,D,C,A,A,H,-,B,D,0,,,,,Y,,-,,0,1,1,0,0,0,0,0,0,"- ","- ",38.722820281982422,-121.29039001464844,PLACER,ROSEVILLE,-121.29043579101562,38.722087860107422
9538381,2022,2023-01-11,3105,2022-10-29,1310,1148,,6,5,5,3105,0,0,0,,0,006,"FOOTHILLS BL","MACANALLY DR",0.00,,Y,A,-,N,,,,,,,,,,N,4,0,1,2,A,-,12,21453,A,N,D,C,A,A,H,-,A,A,0,,,Y,,Y,,C,02,0,0,1,0,0,0,0,0,1,"- ","- ",38.763431549072266,-121.311767578125,PLACER,ROSEVILLE,-121.311767578125,38.763450622558594
9538382,2022,2023-01-10,3105,2022-10-31,1352,1117,,1,5,5,3105,0,0,0,,0,002,"BRANDING IRON WY","ROCKY RIDGE DR",0.00,,Y,B,-,N,,,,,,,,,,N,4,0,1,2,A,-,11,21950,B,N,A,G,A,A,H,-,A,D,0,,Y,,,Y,,L,04,0,0,1,0,0,0,1,0,0,"- ","- ",38.738628387451172,-121.25375366210938,PLACER,ROSEVILLE,-121.25377655029297,38.738620758056641
9538516,2022,2023-02-02,3105,2022-12-02,2034,1181,,5,5,5,3105,0,0,0,,0,004,"FOOTHILLS BL","DENIO LP",0.00,,Y,A,-,N,,,,,,,,,,N,2,0,1,2,A,-,11,21954,A,N,G,B,D,A,H,-,C,A,0,Y,,,,Y,,N,60,1,0,0,0,1,0,0,0,0,"- ","- ",38.738449096679688,-121.30673217773438,PLACER,ROSEVILLE,-121.30622100830078,38.737926483154297
9538517,2022,2023-02-02,3105,2022-12-05,0819,143,,1,5,5,3105,0,0,0,,0,003,"DOUGLAS BL","IRENEN AV",40.00,E,N,B,-,N,,,,,,,,,,Y,4,0,1,2,A,-,03,22350,,N,C,C,A,B,H,-,A,D,0,,,,,Y,,A,01,0,0,1,0,0,0,0,0,0,"- ","- ",38.743911743164062,-121.26661682128906,PLACER,ROSEVILLE,-121.28646850585938,38.743915557861328
9538971,2022,2023-01-20,3105,2022-12-27,2040,1161,,2,5,5,3105,0,0,0,,0,002,"NORTH SUNRISE AV","EUREKA RD",0.00,,Y,A,-,N,,,,,,,,,,Y,4,0,1,1,A,-,08,22107,,N,E,I,A,A,H,-,C,A,0,,,,,Y,Y,A,07,0,0,1,0,0,0,0,0,0,"- ","- ",38.755599975585938,-121.25511932373047,PLACER,ROSEVILLE,-121.255126953125,38.755584716796875
9538973,2022,2023-01-31,3105,2022-12-10,1735,1137,,6,5,5,3105,0,0,0,,0,006,"WASHINGTON BL","PLEASANT GROVE BL",40.00,S,N,B,G,N,,,,,,,,,,N,4,0,2,3,A,-,03,22350,,N,C,C,A,B,H,-,C,A,0,,,,,Y,,A,07,0,0,2,0,0,0,0,0,0,"- ","- ",38.774200439453125,-121.30439758300781,PLACER,ROSEVILLE,-121.30373382568359,38.773792266845703
9539280,2022,2023-02-02,3105,2022-12-11,1419,575,,7,5,5,3105,0,0,0,,0,003,"OAK ST","WASHINGTON BL",0.00,,Y,A,-,N,,,,,,,,,,N,4,0,1,2,A,-,07,21658,A,N,B,C,A,A,H,-,A,D,0,,,,,Y,,A,01,0,0,1,0,0,0,0,0,0,"- ","- ",38.748180389404297,-121.28321075439453,PLACER,ROSEVILLE,-121.28322601318359,38.748207092285156
9539699,2022,2023-02-06,3105,2022-12-16,1910,1118,,5,5,5,3105,0,0,0,,0,006,"FOOTHILLS BL","MCANALLY DR",0.00,,Y,A,-,N,,,,,,,,,,Y,4,0,1,2,A,-,01,23152,A,N,D,C,A,A,H,-,C,A,0,,,,,Y,Y,A,01,0,0,1,0,0,0,0,0,0,"- ","- ",38.763431549072266,-121.311767578125,PLACER,ROSEVILLE,-121.311767578125,38.763450622558594
9539705,2022,2023-02-06,3105,2022-12-07,1224,3062,,3,5,5,3105,0,0,0,,0,005,"PLEASANT GROVE BL","ROSEVILLE PW",0.00,,Y,A,-,N,,,,,,,,,,Y,3,0,2,2,A,-,12,21453,A,N,A,C,A,A,H,-,A,A,0,,,,,Y,,A,01,0,1,1,0,0,0,0,0,0,"- ","- ",38.77825927734375,-121.28826141357422,PLACER,ROSEVILLE,-121.28829193115234,38.778236389160156
9539708,2022,2023-02-06,3105,2022-12-20,1214,3062,,2,5,5,3105,0,0,0,,0,005,"ROSEVILLE PW","GIBSON DR",0.00,,Y,A,-,N,,,,,,,,,,Y,4,0,2,2,A,-,08,22107,,N,D,C,A,A,H,-,A,D,0,,,,,Y,,A,01,0,0,2,0,0,0,0,0,0,"- ","- ",,,PLACER,ROSEVILLE,-121.28485107421875,38.777572631835938
9539712,2022,2023-02-06,3105,2022-12-11,0208,1177,,7,5,5,3105,0,0,0,,0,003,"VERNON ST","6TH ST",0.00,,Y,C,-,N,,,,,,,,,,Y,3,0,1,1,A,-,01,23152,A,N,E,I,A,B,H,-,C,A,0,,,,,Y,Y,A,07,0,1,0,0,0,0,0,0,0,"- ","- ",38.736610412597656,-121.29958343505859,PLACER,ROSEVILLE,-121.299560546875,38.736721038818359
9540295,2022,2023-01-31,3105,2022-12-27,0840,1164,,2,5,5,3105,0,0,0,,0,005,"FIVE STAR BL","STANFORD RANCH RD",916.00,W,N,C,-,N,,,,,,,,,,N,4,0,1,2,A,-,08,22107,,N,D,C,A,B,H,-,A,D,0,,,,,Y,,A,01,0,0,1,0,0,0,0,0,0,"- ","- ",38.780448913574219,-121.26985931396484,PLACER,ROSEVILLE,-121.26893615722656,38.781829833984375
9543035,2022,2023-02-01,3104,2022-12-21,1452,301,36,3,5,4,3104,0,0,0,,0,002,"WHITNEY BL","WHITNEY BL 5311",0.00,,-,A,-,N,,,,,,,,,,Y,3,0,1,1,C,-,18,,,N,F,I,A,A,H,-,A,D,0,,,,,Y,,-,"- ",0,1,0,0,0,0,0,0,0,"- ","- ",38.791458129882812,-121.25092315673828,PLACER,ROCKLIN,-121.25266265869141,38.786750793457031
9543037,2022,2023-02-01,3104,2022-12-21,0453,325,42,3,5,4,3104,0,0,0,,0,001,"GRANITE DR","LIGHT POLE #3532",30.00,W,N,A,-,N,,,,,,,,,,Y,3,0,1,1,A,-,08,22107,,N,E,J,A,A,H,-,C,A,0,,,,,Y,,A,01,0,1,0,0,0,0,0,0,0,"- ","- ",38.797210693359375,-121.21537017822266,PLACER,ROCKLIN,,
9544221,2022,2023-02-07,3105,2022-12-30,1659,1131,,5,5,5,3105,0,0,0,,0,005,"STANFORD RANCH RD","RT 65",82.00,N,N,B,C,Y,PLA,3,65,-,R,6.204,R,4,N,N,4,0,1,2,A,-,03,22350,,N,C,C,A,B,H,-,A,D,0,,,,,Y,,A,01,0,0,1,0,0,0,0,0,0,"- ",NO,38.778621673583984,-121.26580047607422,PLACER,ROSEVILLE,-121.27009582519531,38.779678344726562
9544621,2023,2023-03-02,3105,2023-01-19,1553,1191,,4,5,5,3105,0,0,0,,0,003,"GRANT ST","OAK ST",97.00,N,N,B,-,N,,,,,,,,,,N,2,0,1,2,A,-,21,22106,,N,G,B,D,A,H,-,A,A,0,Y,,,Y,Y,,F,26,1,0,0,0,1,0,0,0,0,"- ","- ",,,PLACER,ROSEVILLE,-121.284423828125,38.747463226318359
9544835,2023,2023-03-04,3105,2023-01-23,"928 ",1145,,1,5,5,3105,0,0,0,,0,004,"FOOTHILLS BL","CHIGNAHUAPAN WY",11.00,E,N,A,-,N,,,,,,,,,,N,4,0,1,2,A,-,09,21801,A,N,D,C,A,A,H,-,B,D,0,,,,,Y,,A,01,0,0,1,0,0,0,0,0,0,"- ","- ",,,PLACER,ROSEVILLE,-121.30948638916016,38.749420166015625
9545305,2023,2023-03-03,3105,2023-01-09,1414,1148,,1,5,5,3105,0,0,0,,0,004,"MAIN ST","N GRANT ST",0.00,,Y,B,-,N,,,,,,,,,,N,4,0,1,2,A,-,03,22350,,N,C,C,A,B,H,-,A,D,0,,,,,Y,,A,01,0,0,1,0,0,0,0,0,0,"- ","- ",38.751918792724609,-121.29003143310547,PLACER,ROSEVILLE,-121.29003143310547,38.751930236816406
9547202,2023,2023-02-27,3101,2023-01-24,1755,A811,AU12,2,5,3,3101,0,0,0,,0,0A1,"GRASS VALLEY HWY","FULWEILER AV",693.00,N,N,A,-,Y,PLA,3,49,-,-,3.600,H,-,S,N,3,0,1,2,A,-,11,21955,,N,G,B,D,A,H,-,C,D,0,Y,,,,Y,,N,60,0,1,0,0,1,0,0,0,0,"- ","- ",38.903938293457031,-121.07644653320312,PLACER,AUBURN,-121.07659149169922,38.905803680419922
9547799,2023,2023-03-06,3104,2023-02-18,2324,316,37,6,5,4,3104,0,0,0,,0,002,"SUNSET BL","SPRINGVIEW DR",261.00,E,N,A,-,N,,,,,,,,,,Y,3,0,2,1,A,-,01,23153,A,F,F,J,A,A,H,-,C,A,0,,,,,Y,Y,A,01,0,2,0,0,0,0,0,0,0,"- ","- ",38.784690856933594,-121.24796295166016,PLACER,ROCKLIN,-121.24720764160156,38.784255981445312
9547800,2023,2023-03-06,3104,2023-02-15,1640,234,17,3,5,4,3104,0,0,0,,0,004,"STANFORD RANCH RD","DARBY RD",0.00,,Y,A,-,N,,,,,,,,,,N,3,0,1,2,A,-,10,21950,,M,G,B,B,A,H,-,A,A,0,Y,,,,Y,,A,01,0,1,0,0,1,0,0,0,0,"- ","- ",38.816120147705078,-121.26952362060547,PLACER,ROCKLIN,-121.26951599121094,38.816108703613281