CASE_ID,ACCIDENT_YEAR,PROC_DATE,JURIS,COLLISION_DATE,COLLISION_TIME,OFFICER_ID,REPORTING_DISTRICT,DAY_OF_WEEK,CHP_SHIFT,POPULATION,CNTY_CITY_LOC,SPECIAL_COND,BEAT_TYPE,CHP_BEAT_TYPE,CITY_DIVISION_LAPD,CHP_BEAT_CLASS,BEAT_NUMBER,PRIMARY_RD,SECONDARY_RD,DISTANCE,DIRECTION,INTERSECTION,WEATHER_1,WEATHER_2,STATE_HWY_IND,CALTRANS_COUNTY,CALTRANS_DISTRICT,STATE_ROUTE,ROUTE_SUFFIX,POSTMILE_PREFIX,POSTMILE,LOCATION_TYPE,RAMP_INTERSECTION,SIDE_OF_HWY,TOW_AWAY,COLLISION_SEVERITY,NUMBER_KILLED,NUMBER_INJURED,PARTY_COUNT,PRIMARY_COLL_FACTOR,PCF_CODE_OF_VIOL,PCF_VIOL_CATEGORY,PCF_VIOLATION,PCF_VIOL_SUBSECTION,HIT_AND_RUN,TYPE_OF_COLLISION,MVIW,PED_ACTION,ROAD_SURFACE,ROAD_COND_1,ROAD_COND_2,LIGHTING,CONTROL_DEVICE,CHP_ROAD_TYPE,PEDESTRIAN_ACCIDENT,BICYCLE_ACCIDENT,MOTORCYCLE_ACCIDENT,TRUCK_ACCIDENT,NOT_PRIVATE_PROPERTY,ALCOHOL_INVOLVED,STWD_VEHTYPE_AT_FAULT,CHP_VEHTYPE_AT_FAULT,COUNT_SEVERE_INJ,COUNT_VISIBLE_INJ,COUNT_COMPLAINT_PAIN,COUNT_PED_KILLED,COUNT_PED_INJURED,COUNT_BICYCLIST_KILLED,COUNT_BICYCLIST_INJURED,COUNT_MC_KILLED,COUNT_MC_INJURED,PRIMARY_RAMP,SECONDARY_RAMP,LATITUDE,LONGITUDE,COUNTY,CITY,POINT_X,POINT_Y
9548371,2023,2023-03-14,3101,2023-01-21,1020,A716,AU12,6,5,3,3101,0,0,0,,0,0AI,"GRASS VALLEY HWY","CHANA DR",0.00,,Y,A,-,N,,,,,,,,,,N,3,0,2,2,A,-,09,21804,,N,D,C,A,A,H,-,A,D,0,,,,Y,Y,,A,01,0,2,0,0,0,0,0,0,0,"- ","- ",38.927631378173828,-121.08689117431641,PLACER,AUBURN,-121.07582855224609,38.902381896972656
9548375,2023,2023-03-24,3101,2023-02-18,1223,A716,AU09,6,5,3,3101,0,0,0,,0,0A2,"MAPLE ST","PLACER ST",0.00,,-,A,-,N,,,,,,,,,,N,3,0,2,2,A,-,01,23152,B,N,C,C,A,A,H,-,A,A,0,,,,,Y,Y,D,22,0,2,0,0,0,0,0,0,0,"- ","- ",38.896968841552734,-121.07763671875,PLACER,AUBURN,-121.07861328125,38.8978271484375
9548411,2023,2023-03-06,3104,2023-02-12,"712 ",327,35,7,5,4,3104,0,0,0,,0,003,"WHITNEY BL","PRAGON ST",1253.00,N,N,A,-,N,,,,,,,,,,N,3,0,1,2,A,-,05,21650,,N,C,E,A,A,H,-,A,D,0,,,,,Y,,A,01,0,1,0,0,0,0,0,0,0,"- ","- ",38.792911529541016,-121.25093841552734,PLACER,ROCKLIN,-121.25093841552734,38.791366577148438
9548412,2023,2023-03-06,3104,2023-02-14,1206,283,17,2,5,4,3104,0,0,0,,0,004,"SUNSET BL","PARK DR",355.00,E,N,A,-,N,,,,,,,,,,Y,4,0,1,2,A,-,09,21804,A,N,D,C,A,A,H,-,A,D,0,,,,,Y,,A,01,0,0,1,0,0,0,0,0,0,"- ","- ",38.804740905761719,-121.27294158935547,PLACER,ROCKLIN,-121.27230072021484,38.803909301757812
9549653,2023,2023-03-28,3105,2023-02-14,"855 ",186,,2,5,5,3105,0,0,0,,0,002,"SUNRISE AV",SANDRINGHAM,20.00,S,N,A,-,N,,,,,,,,,,N,3,0,1,3,A,-,21,22106,,N,C,C,A,A,H,-,A,A,0,,,,,Y,,A,07,0,1,0,0,0,0,0,0,0,"- ","- ",38.722591400146484,-121.27204895019531,PLACER,ROSEVILLE,-121.27202606201172,38.722545623779297
9550539,2023,2023-10-04,3104,2023-02-15,1220,617,9,3,5,4,3104,0,0,0,,0,004,"SUNSET BL","STANFORD RANCH RD",528.00,W,N,A,-,N,,,,,,,,,,Y,4,0,1,2,A,-,09,21804,,N,D,C,A,A,H,-,A,D,0,,,,,Y,,A,01,0,0,1,0,0,0,0,0,0,"- ","- ",38.813499450683594,-121.29136657714844,PLACER,ROCKLIN,-121.26634979248047,38.797218322753906
9550543,2023,2023-05-04,3104,2023-03-06,1624,295,52,1,5,4,3104,0,0,0,,0,001,"SIERRA COLLEGE BL","BROOKFIELD CIR",30.00,N,N,A,B,N,,,,,,,,,,Y,4,0,1,2,A,-,01,23152,B,N,B,D,A,A,H,-,A,A,0,,,,,Y,Y,A,01,0,0,1,0,0,0,0,0,0,"- ","- ",38.784011840820312,-121.20532989501953,PLACER,ROCKLIN,-121.20545959472656,38.784080505371094
9550629,2023,2023-03-21,3104,2023-03-06,1211,283,25,1,5,4,3104,0,0,0,,0,003,"SUNSET BL","PARK DR",0.00,,Y,B,-,N,,,,,,,,,,Y,3,0,1,2,A,-,09,21453,C,N,D,C,A,B,H,-,A,A,0,,,,,Y,,A,01,0,1,0,0,0,0,0,0,0,"- ","- ",38.804740905761719,-121.27294158935547,PLACER,ROCKLIN,-121.27294921875,38.804740905761719
9550721,2023,2023-04-06,3101,2023-02-25,1829,A803,AU12,6,5,3,3101,0,0,0,,0,0A1,"FULWEILER AV","CARSON AV",0.00,,Y,A,-,N,,,,,,,,,,N,3,0,1,2,A,-,14,21201,D,N,H,G,A,B,H,-,D,D,0,,Y,,,Y,Y,L,04,0,1,0,0,0,0,1,0,0,"- ","- ",38.903751373291016,-121.07949066162109,PLACER,AUBURN,-121.07955169677734,38.903778076171875
9551706,2023,2023-03-03,3105,2023-01-27,2008,1124,,5,5,5,3105,0,0,0,,0,004,"WASHINGTON BL","GROVE ST",0.00,,Y,A,-,N,,,,,,,,,,Y,4,0,1,2,A,-,09,21801,A,N,D,C,A,A,H,-,C,A,0,,,,,Y,,A,01,0,0,1,0,0,0,0,0,0,"- ","- ",38.753101348876953,-121.28833770751953,PLACER,ROSEVILLE,-121.28788757324219,38.752937316894531
9551725,2023,2023-02-27,3105,2023-02-12,1755,1191,,7,5,5,3105,0,0,0,,0,005,"PLEASANT GROVE BL","HIGHLAND POINTE DR",0.00,,Y,A,-,N,,,,,,,,,,Y,2,0,2,2,A,-,09,21453,C,N,A,C,A,A,H,-,C,A,0,,,,,Y,,A,01,1,0,1,0,0,0,0,0,0,"- ","- ",38.783298492431641,-121.28671264648438,PLACER,ROSEVILLE,-121.2867431640625,38.783275604248047
9551780,2023,2023-03-03,3103,2023-02-13,1054,JGERO,L4,1,5,2,3103,0,0,0,,0,0L2,"FIDDYMENT RD","MOORE RD",0.00,,Y,A,-,N,,,,,,,,,,Y,2,0,2,2,A,-,05,21650,,N,A,C,A,A,H,-,A,D,0,,,,,Y,,A,08,1,1,0,0,0,0,0,0,0,"- ","- ",38.868099212646484,-121.34931945800781,PLACER,LINCOLN,-121.34934234619141,38.868118286132812
9551909,2023,2023-03-03,3103,2023-01-22,1429,KSMOL,L5,7,5,2,3103,0,0,0,,0,0L3,"LINCOLN BL","1ST ST",235.00,S,N,A,-,N,,,,,,,,,,Y,3,0,1,2,A,-,08,22107,,N,D,C,A,A,H,-,A,D,0,,,,,Y,,A,01,0,1,0,0,0,0,0,0,0,"- ","- ",38.886539459228516,-121.29279327392578,PLACER,LINCOLN,-121.29290771484375,38.885898590087891
9551926,2023,2023-03-03,3103,2023-01-01,1149,JNERI,L3,7,5,2,3103,0,0,0,,0,0L1,"1ST ST","JOINER PKWY",0.00,,Y,A,-,N,,,,,,,,,,Y,3,0,1,2,A,-,12,21453,A,N,D,C,A,A,H,-,A,A,0,,,,,Y,,A,01,0,1,0,0,0,0,0,0,0,"- ","- ",38.886631011962891,-121.313232421875,PLACER,LINCOLN,-121.31346130371094,38.886669158935547
9553132,2023,2023-03-25,3101,2023-02-01,"900 ",A716,AU09,3,5,3,3101,0,0,0,,0,0A2,"HIGH ST","AUBURN FOLSOM RD",0.00,,Y,A,-,N,,,,,,,,,,N,3,0,1,2,A,-,12,21453,,N,H,G,A,A,H,-,A,A,0,,Y,,Y,Y,,F,76,0,1,0,0,0,0,1,0,0,"- ","- ",38.895889282226562,-121.07353973388672,PLACER,AUBURN,-121.07640838623047,38.892925262451172
9553475,2023,2023-03-10,3105,2023-02-21,1816,1132,,2,5,5,3105,0,0,0,,0,004,"DENIO LOOP","ATKINSON ST",0.00,,Y,B,-,N,,,,,,,,,,N,4,0,1,2,A,-,01,23153,A,F,D,C,A,A,H,-,C,A,0,,,,,Y,Y,D,82,0,0,1,0,0,0,0,0,0,"- ","- ",,,PLACER,ROSEVILLE,-121.30428314208984,38.738052368164062
9553495,2023,2023-03-15,3105,2023-01-28,1445,1072,,6,5,5,3105,0,0,0,,0,005,"PLEASANT GROVE BL","HIGHLAND POINTE DR",880.00,E,N,A,-,Y,PLA,3,65,-,R,7.323,R,4,S,N,4,0,1,2,A,-,00,38300,,F,B,C,A,A,A,H,A,A,0,,,,,Y,,A,01,0,0,1,0,0,0,0,0,0,"- ","- ",38.785400390625,-121.28501129150391,PLACER,ROSEVILLE,-121.28766632080078,38.788211822509766
9553503,2023,2023-03-09,3105,2023-02-02,"742 ",1189,,4,5,5,3105,0,0,0,,0,002,"EUREKA RD","NORTH SUNRISE AV",0.00,,Y,A,-,N,,,,,,,,,,Y,4,0,1,1,A,-,05,21651,A,N,E,I,A,A,H,-,B,A,0,,,,,Y,,D,22,0,0,1,0,0,0,0,0,0,"- ","- ",38.755599975585938,-121.25511932373047,PLACER,ROSEVILLE,-121.255126953125,38.755584716796875
9553518,2023,2023-03-10,3105,2023-02-10,1235,1189,,5,5,5,3105,0,0,0,,0,001,"GALLERIA BL","FIVE STAR BL",1695.00,S,N,A,-,N,,,,,,,,,,,4,0,1,2,A,-,08,22107,,N,B,C,A,A,H,-,A,A,0,,,,,Y,,A,01,0,0,1,0,0,0,0,0,0,"- ","- ",,,PLACER,ROSEVILLE,,
9553629,2023,2023-03-27,3105,2023-02-14,1858,1187,,2,5,5,3105,0,0,0,,0,003,"ATLANTIC ST","VERNON ST",0.00,,Y,A,-,N,,,,,,,,,,Y,4,0,1,2,A,-,01,23152,A,F,D,C,A,A,H,-,C,D,0,,,,,Y,Y,A,07,0,0,1,0,0,0,0,0,0,"- ","- ",38.751510620117188,-121.28141784667969,PLACER,ROSEVILLE,-121.28146362304688,38.751811981201172
9553634,2023,2023-03-27,3105,2023-02-11,2500,1128,,6,5,5,3105,0,0,0,,0,002,"NORTH SUNRISE AV","SIERRA GARDENS DR",284.00,S,N,A,-,N,,,,,,,,,,N,4,0,1,2,A,-,08,22107,,N,G,B,C,A,H,-,C,A,0,Y,,,,Y,,A,01,0,0,1,0,1,0,0,0,0,"- ","- ",,,PLACER,ROSEVILLE,-121.26543426513672,38.747653961181641
9553635,2023,2023-03-27,3105,2023-02-27,2119,1132,,1,5,5,3105,0,0,0,,0,006,"WASHINGTON BL","PLEASANT GROVE BL",0.00,,Y,B,-,N,,,,,,,,,,N,4,0,1,2,A,-,08,22107,,N,B,C,A,A,H,-,C,A,0,,,,,Y,Y,A,01,0,0,1,0,0,0,0,0,0,"- ","- ",,,PLACER,ROSEVILLE,-121.30375671386719,38.773899078369141
9553636,2023,2023-03-27,3105,2023-02-06,1443,1072,,1,5,5,3105,0,0,0,,0,006,"BASELINE RD","CAROLYN CT",0.00,,Y,A,-,N,,,,,,,,,,Y,4,0,1,2,A,-,03,22350,,N,C,C,A,A,H,-,A,D,0,,,,,Y,,A,07,0,0,1,0,0,0,0,0,0,"- ","- ",38.751838684082031,-121.33928680419922,PLACER,ROSEVILLE,-121.33934020996094,38.751857757568359
9553637,2023,2023-03-27,3105,2023-02-16,1835,1129,,4,5,5,3105,0,0,0,,0,007,"BLUE OAKS BL","FIDDYMENT RD",0.00,,Y,A,-,N,,,,,,,,,,,4,0,2,2,A,-,03,22350,,N,C,C,A,A,H,-,A,A,0,,,,,Y,,A,01,0,0,2,0,0,0,0,0,0,"- ","- ",38.795341491699219,-121.34127044677734,PLACER,ROSEVILLE,-121.35868835449219,38.791603088378906
9553638,2023,2023-03-27,3105,2023-02-22,1736,1118,,3,5,5,3105,0,0,0,,0,004,"WASHINGTON BL","JUNCTION BL",0.00,,Y,B,-,N,,,,,,,,,,Y,4,0,3,2,A,-,12,21453,A,N,D,C,A,B,H,-,A,A,0,,,,,Y,,A,01,0,0,3,0,0,0,0,0,0,"- ","- ",38.761421203613281,-121.29411315917969,PLACER,ROSEVILLE,-121.29416656494141,38.761432647705078
9553640,2023,2023-03-27,3105,2023-02-18,2139,1183,,6,5,5,3105,0,0,0,,0,006,"BLUE OAKS BL","FOOTHILLS BL",0.00,,Y,A,-,N,,,,,,,,,,Y,4,0,1,2,A,-,09,21453,C,N,A,C,A,A,H,-,C,A,0,,,,,Y,Y,A,01,0,0,1,0,0,0,0,0,0,"- ","- ",38.795478820800781,-121.32868957519531,PLACER,ROSEVILLE,-121.31382751464844,38.795516967773438
9554408,2022,2023-03-07,3105,2022-12-10,1820,1143,,6,5,5,3105,0,0,0,,0,004,"JUNCTION BL","WASHINGTON BL",95.00,W,N,B,-,N,,,,,,,,,,Y,4,0,1,2,A,-,03,22350,,N,C,C,A,B,H,-,C,A,0,,,,,Y,,A,07,0,0,1,0,0,0,0,0,0,"- ","- ",38.761409759521484,-121.29409790039062,PLACER,ROSEVILLE,-121.29440307617188,38.761241912841797
9554424,2023,2023-03-07,3105,2023-01-05,1601,99999,,4,5,5,3105,0,0,0,,0,,"DOUGLAS BL","SIERRA COLLEGE BL",110.00,W,N,B,C,N,,,,,,,,,,N,4,0,1,2,A,-,09,21804,A,N,D,C,A,B,H,-,A,D,0,,,,,Y,,A,07,0,0,1,0,0,0,0,0,0,"- ","- ",38.743850708007812,-121.22685241699219,PLACER,ROSEVILLE,-121.22660827636719,38.743949890136719
9554893,2023,2023-03-23,3105,2023-01-25,"817 ",3062,,3,5,5,3105,0,0,0,,0,006,"BLUE OAKS BL","WASHINGTON BL",0.00,,Y,A,-,Y,PLA,3,65,-,M,8.450,R,4,S,Y,4,0,1,2,A,-,12,21453,A,N,D,C,A,A,H,-,A,A,0,,,,,Y,,A,01,0,0,1,0,0,0,0,0,0,"- ","- ",38.795238494873047,-121.30055999755859,PLACER,ROSEVILLE,-121.30005645751953,38.801040649414062
9557544,2023,2023-05-24,3105,2023-03-11,"2   ",1082,,6,5,5,3105,0,0,0,,0,007,"VISTA GRANDE BL","VISTA PARK DR",486.00,E,N,A,-,N,,,,,,,,,,Y,3,0,3,1,A,-,03,22350,,N,F,J,A,A,C,-,D,D,0,,,Y,,Y,,C,02,0,2,1,0,0,0,0,0,3,"- ","- ",38.759090423583984,-121.37880706787109,PLACER,ROSEVILLE,,
9558319,2022,2023-03-13,3103,2022-12-30,1804,JGERO,L5,5,5,2,3103,0,0,0,,0,0L3,"LINCOLN BL","5TH ST",0.00,,Y,C,-,N,,,,,,,,,,N,4,0,2,2,A,-,03,22350,,N,C,C,A,B,H,-,C,A,0,,,,,Y,,A,01,0,0,2,0,0,0,0,0,0,"- ","- ",38.891830444335938,-121.29280090332031,PLACER,LINCOLN,-121.29282379150391,38.891807556152344
9558586,2023,2023-04-05,3105,2023-02-13,1445,178,,1,5,5,3105,0,0,0,,0,005,"STANFORD RANCH RD","GRAND CANYON DR",38.00,N,N,A,-,N,,,,,,,,,,Y,2,0,1,1,A,-,08,22107,,N,E,I,A,A,H,-,A,A,0,,,,,Y,,A,01,1,0,0,0,0,0,0,0,0,"- ","- ",,,PLACER,ROSEVILLE,-121.26828002929688,38.788078308105469
9558587,2023,2023-04-05,3105,2023-02-24,1603,1015,,5,5,5,3105,0,0,0,,0,001,"ROSEVILLE PKWY","WEST DR",73.00,E,N,B,C,N,,,,,,,,,,Y,4,0,4,4,A,-,03,22350,,N,C,C,A,B,H,-,A,D,0,,,,,Y,,A,07,0,0,4,0,0,0,0,0,0,"- ","- ",38.77056884765625,-121.27326202392578,PLACER,ROSEVILLE,-121.27283477783203,38.772212982177734
9559432,2023,2023-05-03,3104,2023-03-10,2151,319,12,5,5,4,3104,0,0,0,,0,004,"LONE TREE BL","ATHERTON RD",105.00,S,N,C,-,N,,,,,,,,,,Y,3,0,1,1,A,-,03,22350,,N,E,I,A,B,H,-,C,A,0,,,,,Y,,A,01,0,1,0,0,0,0,0,0,0,"- ","- ",38.810188293457031,-121.29257202148438,PLACER,ROCKLIN,-121.29236602783203,38.811405181884766
9559433,2023,2023-05-03,3104,2023-03-04,1045,326,24,6,5,4,3104,0,0,0,,0,002,"WHITNEY BL",ARGONAUT,0.00,,Y,C,-,N,,,,,,,,,,N,4,0,1,2,A,-,09,21802,A,N,D,C,A,B,H,-,A,A,0,,,,,Y,,A,01,0,0,1,0,0,0,0,0,0,"- ","- ",38.797470092773438,-121.25083160400391,PLACER,ROCKLIN,-121.25083160400391,38.797443389892578
9559579,2023,2023-05-01,3104,2023-03-02,1707,317,10,4,5,4,3104,0,0,0,,0,004,"SUNSET BL","BLUE OAK BL",21.00,N,N,A,-,N,,,,,,,,,,Y,3,0,3,2,A,-,03,22350,,N,C,C,A,A,H,-,A,A,0,,,,,Y,,A,07,0,3,0,0,0,0,0,0,0,"- ","- ",38.808509826660156,-121.27993011474609,PLACER,ROCKLIN,-119.30325317382812,34.390960693359375
9561485,2022,2023-03-27,3105,2022-09-10,2204,1137,,6,5,5,3105,0,0,0,,0,007,"FIDDYMENT RD","CRAWFORD PKWY",4.00,N,N,B,-,N,,,,,,,,,,N,3,0,1,2,A,-,10,21950,A,F,G,B,B,A,B,H,C,A,0,Y,,,,Y,Y,A,07,0,1,0,0,1,0,0,0,0,"- ","- ",38.797809600830078,-121.35851287841797,PLACER,ROSEVILLE,-121.35866546630859,38.797840118408203
9561539,2023,2023-04-29,3105,2023-03-12,1931,1154,,7,5,5,3105,0,0,0,,0,003,"VERNON ST",CIRBY,0.00,,Y,C,-,N,,,,,,,,,,N,4,0,1,2,A,-,12,21453,A,N,D,C,A,B,H,-,C,A,0,,,,,Y,,A,07,0,0,1,0,0,0,0,0,0,"- ","- ",38.72930908203125,-121.29972839355469,PLACER,ROSEVILLE,-121.29971313476562,38.729286193847656
9561860,2023,2023-03-29,3105,2023-02-15,2500,1123,,3,5,5,3105,0,0,0,,0,002,"SUNRISE AV","SUNDOWN WY",401.00,N,N,A,-,N,,,,,,,,,,,4,0,1,2,A,-,08,21460,5,F,A,C,A,A,H,-,A,A,0,,,,,Y,,-,99,0,0,1,0,0,0,0,0,0,"- ","- ",,,PLACER,ROSEVILLE,-121.27203369140625,38.734302520751953
9563919,2023,2023-04-18,3103,2023-02-21,1710,,L5,2,5,2,3103,0,0,0,,0,0L3,"E 9TH ST","HOITT AV",0.00,,Y,A,-,N,,,,,,,,,,N,4,0,1,2,A,-,08,22107,,M,A,C,A,A,H,-,A,D,0,,,,Y,Y,,F,26,0,0,1,0,0,0,0,0,0,"- ","- ",38.897239685058594,-121.28314971923828,PLACER,LINCOLN,-121.28300476074219,38.897422790527344
9563968,2023,2023-04-13,3103,2023-02-28,2220,DALEE,L8,2,5,2,3103,0,0,0,,0,0L4,"TWELVE BRIDGES DR","INDUSTRIAL AV",0.00,,Y,C,-,N,,,,,,,,,,Y,3,0,2,2,A,-,03,22350,A,N,C,C,A,B,H,-,C,A,0,,,,,Y,Y,A,01,0,2,0,0,0,0,0,0,0,"- ","- ",38.851139068603516,-121.30673980712891,PLACER,LINCOLN,-121.30677032470703,38.851119995117188
9563969,2023,2023-04-13,3103,2023-02-28,1756,DALEE,L7,2,5,2,3103,0,0,0,,0,0L4,"LINCOLN BL","FERRARI RANCH RD",0.00,,Y,C,-,N,,,,,,,,,,Y,3,0,1,2,A,-,12,21453,A,N,D,C,A,B,H,-,B,A,0,,,,,Y,,A,01,0,1,0,0,0,0,0,0,0,"- ","- ",38.879631042480469,-121.29543304443359,PLACER,LINCOLN,-121.29541015625,38.879631042480469
9567506,2023,2023-05-26,3104,2023-04-30,"846 ",291,37,7,5,4,3104,0,0,0,,0,002,"SUNSET BL","SPRINGVIEW DR",0.00,,Y,A,-,N,,,,,,,,,,Y,4,0,1,2,A,-,12,21453,A,N,B,C,A,A,H,-,A,A,0,,,,,Y,,-,"- ",0,0,1,0,0,0,0,0,0,"- ","- ",38.784690856933594,-121.24796295166016,PLACER,ROCKLIN,-121.24796295166016,38.784664154052734
9568619,2023,2023-05-11,3105,2023-04-24,2051,1128,,1,5,5,3105,0,0,0,,0,002,"SIERRA COLLEGE BL","EAST ROSEVILLE PKWY",521.00,S,N,A,-,N,,,,,,,,,,Y,4,0,1,1,A,-,03,22350,,N,E,I,A,A,H,-,C,D,0,,,Y,,Y,,C,02,0,0,1,0,0,0,0,0,1,"- ","- ",,,PLACER,ROSEVILLE,-121.22583770751953,38.729549407958984
9568819,2023,2023-05-30,3103,2023-04-05,"811 ",AVIRG,L8,3,5,2,3103,0,0,0,,0,0L4,"TWELVE BRIDGES DR","STONERIDGE BL",29.00,N,N,A,-,N,,,,,,,,,,N,2,0,1,2,A,-,12,22450,A,N,D,C,A,A,H,-,A,A,0,,Y,,,Y,,-,"- ",1,0,0,0,0,0,1,0,0,"- ","- ",,,PLACER,LINCOLN,-121.25294494628906,38.8638916015625
9568823,2023,2023-05-30,3103,2023-04-12,1633,AVIRG,L9,3,5,2,3103,0,0,0,,0,0L2,"FERRARI RANCH RD","GREEN RAVINE DR",0.00,,Y,A,-,N,,,,,,,,,,N,3,0,1,2,A,-,10,21950,A,N,G,B,B,A,H,-,A,A,0,Y,,,,Y,,A,01,0,1,0,0,1,0,0,0,0,"- ","- ",,,PLACER,LINCOLN,-121.29881286621094,38.880142211914062
9571513,2023,2023-06-05,3105,2023-04-15,1605,592,,6,5,5,3105,0,0,0,,0,007,"BASELINE RD","WATT AV",0.00,,Y,A,-,N,,,,,,,,,,Y,4,0,1,3,A,-,12,21453,A,N,B,C,A,A,H,-,A,A,0,,,,,Y,,A,01,0,0,1,0,0,0,0,0,0,"- ","- ",38.751750946044922,-121.39267730712891,PLACER,ROSEVILLE,-121.39266967773438,38.751758575439453
9571954,2023,2023-05-02,3105,2023-03-16,1721,1198,,4,5,5,3105,0,0,0,,0,003,"VERNON ST","RIVERSIDE AV",40.00,W,N,A,-,N,,,,,,,,,,Y,4,0,1,2,A,-,09,21804,A,N,D,C,A,A,H,-,A,D,0,,,,,Y,,A,07,0,0,1,0,0,0,0,0,0,"- ","- ",,,PLACER,ROSEVILLE,-121.29063415527344,38.743843078613281
9571955,2023,2023-05-10,3105,2023-03-26,1531,593,,7,5,5,3105,0,0,0,,0,001,"GALLERIA BL","ANTELOPE CREEK DR",405.00,N,N,A,-,N,,,,,,,,,,Y,4,0,2,2,A,-,07,21658,A,N,B,C,A,A,H,-,A,A,0,,,,,Y,,A,01,0,0,2,0,0,0,0,0,0,"- ","- ",38.773120880126953,-121.26528930664062,PLACER,ROSEVILLE,-121.26586151123047,38.773231506347656
9572185,2023,2023-05-19,3103,2023-04-25,1836,DALEE,,2,5,2,3103,0,0,0,,0,,"MERRITT LN","GLADDING RD",0.00,,Y,A,-,N,,,,,,,,,,Y,3,0,2,1,A,-,03,22350,,M,E,I,A,A,H,-,A,A,0,,,,,Y,Y,A,01,0,1,1,0,0,0,0,0,0,"- ","- ",,,PLACER,LINCOLN,-121.28923797607422,38.940994262695312
9572273,2023,2023-05-26,3103,2023-05-01,1820,JNERI,L8,1,5,2,3103,0,0,0,,0,0L4,"SOUTHCREEK DR","TWELVE BRIDGES DR",0.00,,Y,A,-,N,,,,,,,,,,Y,3,0,2,2,A,-,12,21453,A,N,D,C,A,A,H,-,A,A,0,,,,,Y,,A,07,0,2,0,0,0,0,0,0,0,"- ","- ",38.848838806152344,-121.27509307861328,PLACER,LINCOLN,-121.27510070800781,38.848831176757812
9572577,2023,2023-05-11,3104,2023-04-15,2311,320,10B,6,5,4,3104,0,0,0,,0,004,"SUNSET BL","PEBBLE CREEK DR",0.00,,Y,A,-,N,,,,,,,,,,Y,4,0,1,2,A,-,12,21453,A,N,D,C,A,A,H,-,C,A,0,,,,,Y,,A,01,0,0,1,0,0,0,0,0,0,"- ","- ",38.798110961914062,-121.26701354980469,PLACER,ROCKLIN,-121.26717376708984,38.797992706298828
9572592,2023,2023-05-10,3105,2023-04-04,1243,1195,,2,5,5,3105,0,0,0,,0,002,"SUNRISE AV","COLOMA WY",505.00,S,N,A,-,N,,,,,,,,,,Y,4,0,1,2,A,-,09,21804,A,N,D,C,A,A,H,-,A,D,0,,,,,Y,,A,01,0,0,1,0,0,0,0,0,0,"- ","- ",,,PLACER,ROSEVILLE,-121.27201843261719,38.735382080078125
9572963,2023,2023-05-05,3105,2023-03-12,1050,1188,,7,5,5,3105,0,0,0,,0,006,"INDUSTRIAL AV","WASHINGTON BL",2318.00,W,N,B,-,N,,,,,,,,,,Y,4,0,1,2,A,-,09,21804,A,N,D,C,A,B,H,-,A,D,0,,,,,Y,,A,07,0,0,1,0,0,0,0,0,0,"- ","- ",38.777149200439453,-121.30380249023438,PLACER,ROSEVILLE,-121.30765533447266,38.78240966796875
9574281,2023,2023-05-01,3105,2023-03-24,1954,1124,,5,5,5,3105,0,0,0,,0,007,"PLEASANT GROVE BL","SANTUCCI BL",0.00,,Y,A,-,N,,,,,,,,,,Y,4,0,1,1,A,-,01,23152,A,N,E,J,A,A,H,-,C,A,0,,,,,Y,Y,A,01,0,0,1,0,0,0,0,0,0,"- ","- ",38.775310516357422,-121.40026092529297,PLACER,ROSEVILLE,-121.40008544921875,38.775249481201172
9575667,2023,2023-08-11,3105,2023-07-08,1734,1186,,6,5,5,3105,0,0,0,,0,001,"TAYLOR RD","TAYLOR RD 1893",0.00,,Y,A,-,N,,,,,,,,,,Y,3,0,2,2,A,-,09,21801,A,N,F,C,A,A,H,-,A,A,0,,,,,Y,,A,01,0,2,0,0,0,0,0,0,0,"- ","- ",38.762008666992188,-121.25586700439453,PLACER,ROSEVILLE,-121.13181304931641,38.877487182617188
9577301,2023,2023-05-23,3105,2023-02-19,2350,1183,,7,5,5,3105,0,0,0,,0,006,"PLEASANT GROVE BL","WASHINGTON BL",0.00,,Y,A,-,N,,,,,,,,,,Y,4,0,1,2,D,-,00,,,N,A,C,A,-,H,-,C,A,0,,,,,Y,Y,-,"- ",0,0,1,0,0,0,0,0,0,"- ","- ",38.773880004882812,-121.30377960205078,PLACER,ROSEVILLE,-121.30375671386719,38.773899078369141
9577606,2023,2023-05-01,3105,2023-02-22,1404,1194,,3,5,5,3105,0,0,0,,0,002,"NORTH SUNRISE AV","OAK RIDGE",202.00,S,N,B,-,N,,,,,,,,,,N,4,0,1,2,A,-,08,22107,,M,C,C,A,A,H,-,A,A,0,,,Y,,Y,,A,07,0,0,1,0,0,0,0,0,1,"- ","- ",,,PLACER,ROSEVILLE,-121.27084350585938,38.742717742919922
9577642,2023,2023-05-04,3105,2023-03-12,1502,1168,,7,5,5,3105,0,0,0,,0,004,"W DENIO","S FOOTHILL BL",0.00,,Y,C,-,N,,,,,,,,,,Y,4,0,1,2,A,-,03,22350,,N,D,C,A,B,H,-,A,A,0,,,,,Y,,A,01,0,0,1,0,0,0,0,0,0,"- ","- ",38.738449096679688,-121.30673217773438,PLACER,ROSEVILLE,-121.30622100830078,38.737926483154297
9577701,2023,2023-05-10,3105,2023-02-27,2500,1145,,1,5,5,3105,0,0,0,,0,003,"DOUGLAS BL","PARK DR",0.00,,Y,B,-,N,,,,,,,,,,Y,3,0,4,2,A,-,12,21453,A,N,D,C,A,B,H,-,A,A,0,,,,,Y,,A,01,0,1,3,0,0,0,0,0,0,"- ","- ",,,PLACER,ROSEVILLE,-121.28243255615234,38.743938446044922