CASE_ID,ACCIDENT_YEAR,PROC_DATE,JURIS,COLLISION_DATE,COLLISION_TIME,OFFICER_ID,REPORTING_DISTRICT,DAY_OF_WEEK,CHP_SHIFT,POPULATION,CNTY_CITY_LOC,SPECIAL_COND,BEAT_TYPE,CHP_BEAT_TYPE,CITY_DIVISION_LAPD,CHP_BEAT_CLASS,BEAT_NUMBER,PRIMARY_RD,SECONDARY_RD,DISTANCE,DIRECTION,INTERSECTION,WEATHER_1,WEATHER_2,STATE_HWY_IND,CALTRANS_COUNTY,CALTRANS_DISTRICT,STATE_ROUTE,ROUTE_SUFFIX,POSTMILE_PREFIX,POSTMILE,LOCATION_TYPE,RAMP_INTERSECTION,SIDE_OF_HWY,TOW_AWAY,COLLISION_SEVERITY,NUMBER_KILLED,NUMBER_INJURED,PARTY_COUNT,PRIMARY_COLL_FACTOR,PCF_CODE_OF_VIOL,PCF_VIOL_CATEGORY,PCF_VIOLATION,PCF_VIOL_SUBSECTION,HIT_AND_RUN,TYPE_OF_COLLISION,MVIW,PED_ACTION,ROAD_SURFACE,ROAD_COND_1,ROAD_COND_2,LIGHTING,CONTROL_DEVICE,CHP_ROAD_TYPE,PEDESTRIAN_ACCIDENT,BICYCLE_ACCIDENT,MOTORCYCLE_ACCIDENT,TRUCK_ACCIDENT,NOT_PRIVATE_PROPERTY,ALCOHOL_INVOLVED,STWD_VEHTYPE_AT_FAULT,CHP_VEHTYPE_AT_FAULT,COUNT_SEVERE_INJ,COUNT_VISIBLE_INJ,COUNT_COMPLAINT_PAIN,COUNT_PED_KILLED,COUNT_PED_INJURED,COUNT_BICYCLIST_KILLED,COUNT_BICYCLIST_INJURED,COUNT_MC_KILLED,COUNT_MC_INJURED,PRIMARY_RAMP,SECONDARY_RAMP,LATITUDE,LONGITUDE,COUNTY,CITY,POINT_X,POINT_Y
9598963,2023,2024-02-22,3105,2023-12-21,1339,1168,,4,5,5,3105,0,0,0,,0,002,"SUNRISE AV","LEAD HILL BL",344.00,N,N,A,-,N,,,,,,,,,,Y,4,0,1,2,A,-,04,21703,,N,C,C,A,A,H,-,A,A,0,,,,,Y,,A,01,0,0,1,0,0,0,0,0,0,"- ","- ",,,PLACER,ROSEVILLE,-121.26283264160156,38.751678466796875
9599001,2023,2024-01-30,3103,2023-12-31,2246,JAEK,L8,7,5,2,3103,0,0,0,,0,0L4,"E JOINER PKWY","FIELDSTONE LN",0.00,,Y,A,-,N,,,,,,,,,,Y,3,0,1,1,A,-,01,23152,A,M,E,I,A,A,H,-,C,D,0,,,,,Y,Y,D,22,0,1,0,0,0,0,0,0,0,"- ","- ",38.848110198974609,-121.28582000732422,PLACER,LINCOLN,-121.28657531738281,38.847610473632812
9599059,2023,2024-01-29,3103,2023-12-19,2140,JNERI,L4,2,5,2,3103,0,0,0,,0,0L2,"JOINER PKWY","DOWNING CIR",0.00,,Y,A,-,N,,,,,,,,,,N,3,0,1,2,A,-,08,22107,,N,D,C,A,B,H,-,C,D,0,,,,,Y,,A,01,0,1,0,0,0,0,0,0,0,"- ","- ",38.880390167236328,-121.31271362304688,PLACER,LINCOLN,-121.31296539306641,38.880352020263672
9599089,2023,2024-01-30,3103,2023-12-12,1151,DGORB,L1,2,5,2,3103,0,0,0,,0,0L1,"FLIGHTLINE DR","FLIGHTLINE DR 1850",44.00,S,N,A,-,N,,,,,,,,,,N,3,0,1,2,A,-,08,22107,,N,D,C,A,A,H,-,A,D,0,,,,,Y,,A,01,0,1,0,0,0,0,0,0,0,"- ","- ",38.908950805664062,-121.34475708007812,PLACER,LINCOLN,,
9599090,2023,2024-01-30,3103,2023-12-25,1830,TDOMI,L3,1,5,2,3103,0,0,0,,0,0L1,"H ST","7TH ST",6.00,N,N,A,-,N,,,,,,,,,,Y,4,0,1,1,A,-,01,23152,A,N,H,A,A,A,H,-,C,A,0,,,Y,,Y,Y,C,02,0,0,1,0,0,0,0,0,1,"- ","- ",38.894458770751953,-121.29408264160156,PLACER,LINCOLN,-121.29408264160156,38.894477844238281
9599091,2023,2024-01-30,3103,2023-12-08,1612,BSCHN,L1,5,5,2,3103,0,0,0,,0,0L1,"LAKESIDE DR","COBBLESTONE DR",0.00,,Y,A,-,N,,,,,,,,,,Y,3,0,2,1,A,-,03,22350,,N,E,I,A,A,H,-,A,D,0,,,,,Y,,A,01,0,1,1,0,0,0,0,0,0,"- ","- ",38.901401519775391,-121.32341003417969,PLACER,LINCOLN,-121.32337951660156,38.901420593261719
9599414,2023,2023-08-07,3105,2023-06-22,1050,1107,,4,5,5,3105,0,0,0,,0,001,"GALLERIA BL","ROSEVILLE PKWY",0.00,,Y,B,-,N,,,,,,,,,,Y,3,0,1,2,A,-,09,21453,C,N,D,C,A,A,H,-,A,A,0,,,,,Y,,A,01,0,1,0,0,0,0,0,0,0,"- ","- ",,,PLACER,ROSEVILLE,-121.26589965820312,38.768695831298828
9599417,2023,2023-08-01,3105,2023-06-29,1713,1192,,4,5,5,3105,0,0,0,,0,002,"NORTH SUNRISE AV","DOUGLAS BL",710.00,N,N,A,-,N,,,,,,,,,,Y,3,0,2,2,A,-,09,21804,A,N,D,C,A,A,H,-,A,D,0,,,,,Y,,A,01,0,2,0,0,0,0,0,0,0,"- ","- ",,,PLACER,ROSEVILLE,-121.26622772216797,38.746040344238281
9599418,2023,2023-08-01,3105,2023-06-30,1741,1131,,5,5,5,3105,0,0,0,,0,003,"HARDING BL","ESTATES DR",166.00,N,N,A,-,N,,,,,,,,,,Y,3,0,5,2,A,-,09,21804,A,N,D,C,A,A,H,-,A,A,0,,,,,Y,,A,01,0,2,3,0,0,0,0,0,0,"- ","- ",38.746891021728516,-121.27182769775391,PLACER,ROSEVILLE,-121.27142333984375,38.747200012207031
9599419,2023,2023-08-01,3105,2023-06-30,2343,1195,,5,5,5,3105,0,0,0,,0,006,"FIDDYMENT RD","PLEASANT GROVE BL",0.00,,Y,A,-,N,,,,,,,,,,Y,4,0,3,2,A,-,12,21453,A,N,D,C,A,A,H,-,C,A,0,,,,,Y,,A,07,0,0,3,0,0,0,0,0,0,"- ","- ",,,PLACER,ROSEVILLE,-121.35873413085938,38.766292572021484
9599649,2023,2023-07-27,3105,2023-07-02,"731 ",1188,,7,5,5,3105,0,0,0,,0,006,"WOODCREEK OAKS BL","PLEASANT GROVE BL",0.00,,Y,A,-,N,,,,,,,,,,Y,3,0,2,2,A,-,12,21453,A,N,D,C,A,A,H,-,A,A,0,,,,,Y,,A,01,0,1,1,0,0,0,0,0,0,"- ","- ",,,PLACER,ROSEVILLE,-121.33007049560547,38.768562316894531
9599651,2023,2023-07-27,3105,2023-07-05,2002,1192,,3,5,5,3105,0,0,0,,0,001,"GALLERIA BL","ANTELOPE CREEK DR",398.00,N,N,A,-,N,,,,,,,,,,Y,3,0,2,2,A,-,01,23153,A,N,D,C,A,A,H,-,B,D,0,,,,,Y,Y,A,01,0,1,1,0,0,0,0,0,0,"- ","- ",,,PLACER,ROSEVILLE,-121.26586151123047,38.773212432861328
9599652,2023,2023-07-27,3105,2023-07-06,1638,1131,,4,5,5,3105,0,0,0,,0,003,"HARDING BL","ESTATES DR",481.00,N,N,A,-,N,,,,,,,,,,Y,3,0,1,2,A,-,09,21804,A,N,D,C,A,A,H,-,A,D,0,,,,,Y,,A,01,0,1,0,0,0,0,0,0,0,"- ","- ",38.748470306396484,-121.27101898193359,PLACER,ROSEVILLE,-121.27075958251953,38.747890472412109
9600577,2023,2023-08-15,3105,2023-07-16,2500,1133,,7,5,5,3105,0,0,0,,0,002,"DOUGLAS BL","EUREKA RD",761.00,W,N,A,-,N,,,,,,,,,,Y,3,0,1,1,C,-,18,,,N,E,I,A,A,H,-,A,D,0,,,,,Y,,-,"- ",0,1,0,0,0,0,0,0,0,"- ","- ",38.744338989257812,-121.2530517578125,PLACER,ROSEVILLE,-121.24977111816406,38.744190216064453
9600581,2023,2023-08-09,3105,2023-06-30,"237 ",1086,,5,5,5,3105,0,0,0,,0,005,"ROSEVILLE PKWY","GIBSON DR",0.00,,Y,A,-,N,,,,,,,,,,Y,3,0,1,1,A,-,01,23152,A,M,A,-,A,A,H,-,C,A,0,,,,,Y,Y,D,22,0,1,0,0,0,0,0,0,0,"- ","- ",,,PLACER,ROSEVILLE,-121.28485107421875,38.777572631835938
9602181,2023,2023-08-11,3105,2023-07-23,1455,1075,,7,5,5,3105,0,0,0,,0,005,"STANFORD RANCH RD","PLAZA DR",150.00,S,N,A,-,N,,,,,,,,,,N,4,0,2,2,A,-,01,23152,B,M,B,C,A,A,H,-,A,A,0,,,,,Y,Y,A,07,0,0,2,0,0,0,0,0,0,"- ","- ",38.788059234619141,-121.27571868896484,PLACER,ROSEVILLE,-121.26853942871094,38.793533325195312
9602182,2023,2023-08-14,3105,2023-07-29,2000,1131,,6,5,5,3105,0,0,0,,0,003,"ATLANTIC ST","YOSEMITE RD",15.00,W,N,A,-,N,,,,,,,,,,N,3,0,1,3,A,-,01,23153,A,F,B,C,A,A,H,-,B,A,0,,,Y,,Y,Y,A,01,0,1,0,0,0,0,0,0,1,"- ","- ",38.753261566162109,-121.27955627441406,PLACER,ROSEVILLE,-121.27959442138672,38.753269195556641
9602686,2023,2023-10-04,3105,2023-07-27,1508,1123,,4,5,5,3105,0,0,0,,0,003,"SUNRISE AV","MADDEN LN",0.00,,Y,A,-,N,,,,,,,,,,Y,4,0,3,2,A,-,03,22350,,N,D,C,A,A,A,H,A,D,0,,,,,Y,,A,01,0,0,3,0,0,0,0,0,0,"- ","- ",,,PLACER,ROSEVILLE,-121.27206420898438,38.731742858886719
9602746,2023,2023-10-09,3105,2023-08-14,2101,1158,,1,5,5,3105,0,0,0,,0,006,"WASHINGTON BL","BLUE OAKS BL",0.00,,Y,A,-,N,,,,,,,,,,Y,2,0,5,3,A,-,12,21453,A,N,A,C,A,A,H,-,A,A,0,,,,Y,Y,,A,01,1,2,2,0,0,0,0,0,0,"- ","- ",,,PLACER,ROSEVILLE,-121.30046081542969,38.795200347900391
9603409,2023,2023-08-14,3105,2023-07-22,2500,1133,,6,5,5,3105,0,0,0,,0,002,"ROCKY RIDGE DR","MAIDU DR",0.00,,Y,A,-,N,,,,,,,,,,Y,3,0,1,2,A,-,12,21453,A,N,D,C,A,A,H,-,A,A,0,,,,,Y,,A,01,0,1,0,0,0,0,0,0,0,"- ","- ",38.734081268310547,-121.25373840332031,PLACER,ROSEVILLE,-121.25376892089844,38.734775543212891
9603412,2023,2023-08-14,3105,2023-07-22,2125,1186,,6,5,5,3105,0,0,0,,0,001,"SECRET RAVINE PKWY","EAST ROSEVILLE PKWY",0.00,,Y,A,-,N,,,,,,,,,,Y,3,0,3,2,A,-,09,21801,A,N,A,C,A,A,H,-,C,D,0,,,,,Y,,A,08,0,1,2,0,0,0,0,0,0,"- ","- ",38.763969421386719,-121.24430847167969,PLACER,ROSEVILLE,-121.24774932861328,38.761756896972656
9604006,2023,2023-07-26,3105,2023-07-02,"752 ",1174,,7,5,5,3105,0,0,0,,0,002,"SUNRISE AV","COLOMA WY",500.00,S,N,A,-,N,,,,,,,,,,Y,4,0,1,2,A,-,09,21800,A,N,D,C,A,A,H,-,A,D,0,,,,,Y,,A,01,0,0,1,0,0,0,0,0,0,"- ","- ",,,PLACER,ROSEVILLE,-121.27201843261719,38.735397338867188
9604082,2023,2023-08-16,3105,2023-05-08,1712,1128,,1,5,5,3105,0,0,0,,0,,"OLD AUBURN RD","KENDALL CT",94.00,N,N,A,-,N,,,,,,,,,,Y,4,0,1,1,B,-,22,,,N,E,I,A,A,H,-,A,A,0,,,,,Y,,A,07,0,0,1,0,0,0,0,0,0,"- ","- ",,,PLACER,ROSEVILLE,-121.22480010986328,38.722103118896484
9604123,2023,2023-08-15,3101,2023-07-10,1651,A824,AU11,1,5,3,3101,0,0,0,,0,0A2,"GUM LN","PACIFIC AV",0.00,,Y,A,-,N,,,,,,,,,,Y,3,0,1,2,A,-,06,21751,,N,B,C,A,A,H,-,A,D,0,,,Y,,Y,,C,02,0,1,0,0,0,0,0,0,1,"- ","- ",38.8916015625,-121.06891632080078,PLACER,AUBURN,-121.07028198242188,38.890693664550781
9605532,2023,2023-08-09,3104,2023-07-05,1459,301,10B,3,5,4,3104,0,0,0,,0,004,"SUNSET BL","PEBBLE CREEK DR",0.00,,Y,A,-,N,,,,,,,,,,N,3,0,1,2,A,-,12,21453,A,N,D,C,A,A,H,-,A,A,0,,,Y,,Y,,C,02,0,1,0,0,0,0,0,0,1,"- ","- ",38.798110961914062,-121.26701354980469,PLACER,ROCKLIN,-121.26717376708984,38.797992706298828
9606046,2023,2023-08-29,3103,2023-07-22,1411,35,L7,6,5,2,3103,0,0,0,,0,0L4,"LINCOLN BL","FERRARI RANCH RD",0.00,,-,A,-,N,,,,,,,,,,Y,3,0,1,2,A,-,12,21453,A,N,D,C,A,A,H,-,A,A,0,,,,,Y,,A,07,0,1,0,0,0,0,0,0,0,"- ","- ",38.879631042480469,-121.29543304443359,PLACER,LINCOLN,-121.29541015625,38.879631042480469
9606055,2023,2023-09-08,3103,2023-07-01,2238,ADEOL,L5,6,5,2,3103,0,0,0,,0,0L3,"7TH ST","C ST",0.00,,Y,A,-,N,,,,,,,,,,Y,4,0,3,2,A,-,03,22350,,F,C,C,A,A,H,-,C,D,0,,,,,Y,,A,01,0,0,3,0,0,0,0,0,0,"- ","- ",38.894451141357422,-121.28775024414062,PLACER,LINCOLN,-121.28775024414062,38.894462585449219
9606061,2023,2023-09-08,3105,2023-07-08,2310,1177,,6,5,5,3105,0,0,0,,0,003,"ROSEVILLE PW","RESERVE DR",20.00,E,N,A,-,N,,,,,,,,,,N,3,0,1,3,A,-,03,22350,,N,C,C,A,A,H,-,C,A,0,,,,,Y,Y,A,01,0,1,0,0,0,0,0,0,0,"- ","- ",38.769969940185547,-121.26941680908203,PLACER,ROSEVILLE,-121.26937103271484,38.769950866699219
9606062,2023,2023-09-26,3105,2023-07-17,1253,1117,,1,5,5,3105,0,0,0,,0,002,"NORTH SUNRISE AV","DOUGLAS BL",650.00,N,N,A,-,N,,,,,,,,,,Y,3,0,1,2,A,-,09,21804,A,N,D,C,A,A,H,-,A,D,0,,,,Y,Y,,F,26,0,1,0,0,0,0,0,0,0,"- ","- ",38.744129180908203,-121.26622772216797,PLACER,ROSEVILLE,-121.26625823974609,38.745880126953125
9606063,2023,2023-08-18,3105,2023-07-22,1221,1190,,6,5,5,3105,0,0,0,,0,004,"WASHINGTON BL","CHURCH ST",0.00,,Y,A,-,N,,,,,,,,,,N,4,0,4,2,A,-,03,22350,,N,C,C,A,A,H,-,A,D,0,,,,,Y,,A,01,0,0,4,0,0,0,0,0,0,"- ","- ",,,PLACER,ROSEVILLE,-121.28643035888672,38.750839233398438
9606143,2023,2023-08-18,3103,2023-07-10,1450,35,L3,1,5,2,3103,0,0,0,,0,0L1,"I ST","5TH ST",0.00,,Y,A,-,N,,,,,,,,,,Y,2,0,1,2,A,-,09,21802,A,N,D,C,A,A,H,-,A,A,0,,,Y,,Y,,D,22,1,0,0,0,0,0,0,0,1,"- ","- ",38.891799926757812,-121.29532623291016,PLACER,LINCOLN,-121.29534149169922,38.891807556152344
9607039,2023,2023-11-17,3105,2023-09-05,1315,1207,,2,5,5,3105,0,0,0,,0,007,"BLUE OAK BL","WESTPARK DR",20.00,W,N,A,-,N,,,,,,,,,,Y,3,0,1,2,A,-,03,22350,,N,C,C,A,A,H,-,-,D,0,,,,,Y,,A,08,0,1,0,0,0,0,0,0,0,"- ","- ",38.795188903808594,-121.37982177734375,PLACER,ROSEVILLE,-120.74208831787109,38.546253204345703
9607450,2023,2023-11-17,3105,2023-09-06,1613,1147,,3,5,5,3105,0,0,0,,0,001,"WEST DR","ROSEVILLE PKWY",0.00,,Y,A,-,N,,,,,,,,,,Y,3,0,1,2,A,-,12,21453,A,N,B,C,A,A,H,-,A,A,0,,,,Y,Y,,F,26,0,1,0,0,0,0,0,0,0,"- ","- ",38.772369384765625,-121.27304840087891,PLACER,ROSEVILLE,-121.27301788330078,38.772350311279297
9607620,2023,2023-09-20,3104,2023-08-30,1748,276,PCSO,3,5,4,3104,0,0,0,,0,PCSO,"SIERRA COLLEGE BL","NIGHTWATCH DR",0.00,,Y,A,-,N,,,,,,,,,,Y,3,0,2,1,A,-,05,21650,,N,E,I,A,A,H,-,A,A,0,,,,,Y,,A,01,0,2,0,0,0,0,0,0,0,SO,"- ",38.773891448974609,-121.21037292480469,PLACER,ROCKLIN,-121.21042633056641,38.773944854736328
9607725,2023,2023-09-26,3105,2023-07-14,1102,3062,,5,5,5,3105,0,0,0,,0,001,"EAST ROSEVILLE PKWY","SECRET RAVINE PKWY",0.00,,Y,A,-,N,,,,,,,,,,Y,3,0,2,2,A,-,12,21453,A,N,A,C,A,A,H,-,A,A,0,,,,,Y,,A,01,0,2,0,0,0,0,0,0,0,"- ","- ",,,PLACER,ROSEVILLE,-121.24774932861328,38.761756896972656
9607859,2023,2023-09-21,3105,2023-08-28,"804 ",1173,,1,5,5,3105,0,0,0,,0,007,"MARKET ST","DUNHAM DR",0.00,,Y,A,-,N,,,,,,,,,,N,3,0,1,2,A,-,05,21202,A,N,D,G,A,A,H,-,A,D,0,,Y,,,Y,,L,04,0,1,0,0,0,0,0,0,0,"- ","- ",,,PLACER,ROSEVILLE,-121.37160491943359,38.774646759033203
9607881,2023,2023-11-07,3105,2023-09-11,1620,1138,,1,5,5,3105,0,0,0,,0,004,"PLEASANT GROVE BL","FOOTHILLS BL",855.00,E,N,A,-,N,,,,,,,,,,N,2,0,1,2,A,-,09,21804,A,N,D,-,A,A,A,-,A,D,0,,,,,Y,,A,01,1,0,0,0,0,0,0,0,0,"- ","- ",38.772178649902344,-121.30992889404297,PLACER,ROSEVILLE,-121.30988311767578,38.7724609375
9607895,2023,2023-11-01,3105,2023-09-08,"29  ",1159,,5,5,5,3105,0,0,0,,0,003,"CIRBY WY","RIVERSIDE AV",0.00,,Y,A,-,N,,,,,,,,,,N,4,0,2,2,A,-,03,22350,,N,C,C,A,A,H,-,C,A,0,,,,,Y,,A,01,0,0,2,0,0,0,0,0,0,"- ","- ",38.729339599609375,-121.29048156738281,PLACER,ROSEVILLE,-121.29045867919922,38.729347229003906
9609431,2023,2023-09-14,3105,2023-07-13,"738 ",3062,,4,5,5,3105,0,0,0,,0,007,"BASELINE RD","FIDDYMENT RD",154.00,W,N,A,-,N,,,,,,,,,,N,4,0,1,2,A,-,03,22350,A,F,C,D,A,A,H,-,A,A,0,,,,,Y,,D,22,0,0,1,0,0,0,0,0,0,"- ","- ",,,PLACER,ROSEVILLE,-121.35912322998047,38.75177001953125
9609791,2023,2023-08-28,3104,2023-08-06,1811,323,22,7,5,4,3104,0,0,0,,0,003,"PARK DR","PLEASANT CREEK DR",0.00,,Y,A,-,N,,,,,,,,,,Y,2,0,1,1,A,-,03,22350,,N,E,J,A,A,H,-,A,D,0,,,,,Y,,A,01,1,0,0,0,0,0,0,0,0,"- ","- ",38.837139129638672,-121.22989654541016,PLACER,ROCKLIN,-121.24153900146484,38.838771820068359
9609792,2023,2023-08-28,3104,2023-08-04,"956 ",283,37,5,5,4,3104,0,0,0,,0,002,"S WHITNEY BL","SUNSET BL",35.00,S,N,A,-,N,,,,,,,,,,Y,4,0,2,2,C,-,18,,,N,A,C,A,A,H,-,A,A,0,,,,,Y,,-,"- ",0,0,2,0,0,0,0,0,0,"- ","- ",38.786659240722656,-121.25270843505859,PLACER,ROCKLIN,-121.25290679931641,38.786609649658203
9609794,2023,2023-08-28,3104,2023-08-03,1044,283,53,4,5,4,3104,0,0,0,,0,001,"ROCKLIN RD","AGUILAR RD",0.00,,Y,A,-,N,,,,,,,,,,Y,3,0,1,2,A,-,12,21453,A,N,D,C,A,A,H,-,A,A,0,,,,,Y,,A,01,0,1,0,0,0,0,0,0,0,"- ","- ",38.788490295410156,-121.21970367431641,PLACER,ROCKLIN,-121.21969604492188,38.7884521484375
9610623,2023,2023-09-26,3101,2023-08-13,2036,A803,ALPHA,7,5,3,3101,0,0,0,,0,APD,"EDGEWOOD RD","GRASS VALLEY HWY",0.00,W,N,A,-,N,,,,,,,,,,Y,2,0,1,1,A,-,03,22350,,N,H,A,A,A,H,-,D,D,0,,,Y,,Y,,C,02,1,0,0,0,0,0,0,0,1,"- ","- ",38.903961181640625,-121.08287811279297,PLACER,AUBURN,-121.08214569091797,38.920402526855469
9611305,2023,2023-10-24,3104,2023-09-11,1853,276,43,1,5,4,3104,0,0,0,,0,001,"ROCKLIN RD","GRANITE DR",0.00,,Y,A,-,N,,,,,,,,,,N,3,0,1,2,A,-,03,22350,,N,H,G,A,A,H,-,B,D,0,,Y,,,Y,,A,01,0,1,0,0,0,0,1,0,0,"- ","- ",38.788448333740234,-121.22633361816406,PLACER,ROCKLIN,-121.22628021240234,38.788471221923828
9611308,2023,2023-10-24,3104,2023-09-06,"837 ",283,7,3,5,4,3104,0,0,0,,0,004,"ARROYO SIERRA WY","WILDCAT BL",18.00,E,N,A,-,N,,,,,,,,,,N,3,0,1,2,A,-,08,22107,,N,H,G,A,A,H,-,A,D,0,,Y,,,Y,,A,01,0,1,0,0,0,0,1,0,0,"- ","- ",38.829189300537109,-121.28739166259766,PLACER,ROCKLIN,-121.28729248046875,38.829154968261719
9612983,2023,2023-09-05,3105,2023-08-15,1353,1195,,2,5,5,3105,0,0,0,,0,007,"PLEASANT GROVE BL","VILLAGE PLAZA DR",0.00,,Y,A,-,N,,,,,,,,,,Y,3,0,1,2,A,-,08,22107,,N,D,C,A,A,H,-,A,D,0,,,,,Y,,A,01,0,1,0,0,0,0,0,0,0,"- ","- ",,,PLACER,ROSEVILLE,-121.36824035644531,38.770946502685547
9612984,2023,2023-09-05,3105,2023-08-14,1815,1158,,1,5,5,3105,0,0,0,,0,007,"VILLAGE CENTER DR","WOOLSTON AL",0.00,,Y,A,-,N,,,,,,,,,,N,2,0,1,2,A,-,12,22450,A,N,D,C,A,A,H,-,A,D,0,,,,,Y,,M,94,1,0,0,0,0,0,0,0,0,"- ","- ",,,PLACER,ROSEVILLE,-121.37065887451172,38.772972106933594
9612987,2023,2023-09-07,3105,2023-08-02,"849 ",1142,,3,5,5,3105,0,0,0,,0,007,"N KATAMA PL","HAYDEN PKWY",40.00,S,N,A,-,N,,,,,,,,,,N,3,0,1,1,A,-,08,22107,,N,E,I,A,A,H,-,A,D,0,,,Y,,Y,,C,02,0,1,0,0,0,0,0,0,1,"- ","- ",38.805179595947266,-121.36595916748047,PLACER,ROSEVILLE,,
9612988,2023,2023-09-05,3105,2023-08-01,1700,1131,,2,5,5,3105,0,0,0,,0,003,"DOUGLAS BL","SUNBURST ALLEY",55.00,E,N,A,-,N,,,,,,,,,,N,4,0,1,3,A,-,03,22350,,N,C,C,A,A,H,-,A,D,0,,,,,Y,,A,01,0,0,1,0,0,0,0,0,0,"- ","- ",38.743740081787109,-121.28813171386719,PLACER,ROSEVILLE,-121.28840637207031,38.743900299072266
9613049,2023,2023-09-01,3105,2023-08-06,1651,1137,,7,5,5,3105,0,0,0,,0,006,"JUNCTION BL","FOOTHILLS BL",0.00,W,N,A,-,N,,,,,,,,,,N,3,0,1,2,A,-,11,21453,D,N,G,B,B,A,H,-,A,A,0,Y,,,,Y,,N,60,0,1,0,0,1,0,0,0,0,"- ","- ",38.759128570556641,-121.31002044677734,PLACER,ROSEVILLE,-121.30995941162109,38.759185791015625
9613626,2023,2023-09-07,3105,2023-08-03,"859 ",1160,,4,5,5,3105,0,0,0,,0,003,"CIRBY WY","RIVERSIDE AV",0.00,,Y,A,-,N,,,,,,,,,,Y,3,0,1,2,A,-,12,21453,A,N,D,C,A,A,H,-,A,A,0,,,,,Y,,-,,0,1,0,0,0,0,0,0,0,"- ","- ",38.729339599609375,-121.29048156738281,PLACER,ROSEVILLE,-121.29045867919922,38.729347229003906
9613640,2023,2023-09-18,3105,2023-08-05,2500,1133,,6,5,5,3105,0,0,0,,0,002,"SIERRA COLLEGE BL","EAST ROSEVILLE PKWY",487.00,S,N,A,-,N,,,,,,,,,,Y,3,0,2,1,A,-,01,23152,A,N,F,I,A,A,H,-,A,D,0,,,,,Y,Y,A,01,0,2,0,0,0,0,0,0,0,"- ","- ",38.73114013671875,-121.22611999511719,PLACER,ROSEVILLE,-121.22584533691406,38.729644775390625
9613696,2023,2023-08-24,3105,2023-07-12,"843 ",188,,3,5,5,3105,0,0,0,,0,005,"BLUE OAKS BL","WASHINGTON BL",150.00,E,N,A,-,N,,,,,,,,,,N,4,0,1,2,A,-,08,22107,,N,B,C,A,A,H,-,A,A,0,,,,,Y,,A,01,0,0,1,0,0,0,0,0,0,"- ","- ",38.795238494873047,-121.30055999755859,PLACER,ROSEVILLE,-121.29993438720703,38.795211791992188
9613834,2023,2023-08-24,3103,2023-07-24,1136,JPOLL,L5,1,5,2,3103,0,0,0,,0,0L4,"E JOINTER PKWY","STERLING PKWY",0.00,,Y,A,-,N,,,,,,,,,,N,3,0,1,2,A,-,04,21703,,N,C,C,A,A,H,-,A,A,0,,,,,Y,,A,01,0,1,0,0,0,0,0,0,0,"- ","- ",38.872421264648438,-121.29514312744141,PLACER,LINCOLN,-121.29651641845703,38.870639801025391
9613893,2023,2023-10-25,3104,2023-08-28,"830 ",295,7,1,5,4,3104,0,0,0,,0,004,"RED SETTER WY","SPRING CREEK DR",0.00,,Y,A,-,N,,,,,,,,,,N,3,0,1,2,A,-,09,21801,A,N,D,G,A,A,H,-,A,D,0,,Y,,,Y,,A,01,0,1,0,0,0,0,1,0,0,"- ","- ",38.830760955810547,-121.28002166748047,PLACER,ROCKLIN,-121.27999114990234,38.830780029296875
9613894,2023,2023-10-25,3104,2023-09-01,1720,303,71,5,5,4,3104,0,0,0,,0,001,"SIERRA COLLEGE BL","ROCKLIN RD",0.00,,Y,A,-,N,,,,,,,,,,N,3,0,2,2,A,-,08,22107,,N,D,C,A,A,H,-,A,A,0,,,,,Y,,A,01,0,2,0,0,0,0,0,0,0,"- ","- ",38.788681030273438,-121.20614624023438,PLACER,ROCKLIN,-121.20607757568359,38.788623809814453
9613954,2023,2023-10-30,3105,2023-09-03,1407,1196,,7,5,5,3105,0,0,0,,0,005,"PLEASANT GROVE BL","FAIRWAY DR",25.00,S,N,A,-,N,,,,,,,,,,N,4,0,1,3,A,-,03,22350,1,N,C,C,A,A,H,-,A,A,0,,,,,Y,,A,01,0,0,1,0,0,0,0,0,0,"- ","- ",,,PLACER,ROSEVILLE,-121.28186798095703,38.789474487304688
9614200,2023,2024-04-10,3105,2023-09-04,1519,1180,,1,5,5,3105,0,0,0,,0,002,"CIRBY WY","CRESTMONT AV",0.00,,Y,A,-,N,,,,,,,,,,Y,3,0,2,2,A,-,09,21802,A,N,D,C,A,A,H,-,A,D,0,,,,,Y,,D,22,0,2,0,0,0,0,0,0,0,"- ","- ",,,PLACER,ROSEVILLE,-121.25746917724609,38.729557037353516
9614204,2023,2023-10-18,3105,2023-09-01,1425,1157,,5,5,5,3105,0,0,0,,0,007,"CANTAMAR CT","BAROSSA WY",0.00,,Y,A,-,N,,,,,,,,,,N,4,0,1,2,A,-,09,21803,A,N,D,C,A,A,H,-,A,D,0,,,,Y,Y,,F,26,0,0,1,0,0,0,0,0,0,"- ","- ",38.805408477783203,-121.34342956542969,PLACER,ROSEVILLE,-121.3436279296875,38.805641174316406
9615039,2023,2023-08-30,3105,2023-06-05,1156,1174,,1,5,5,3105,0,0,0,,0,002,"EUREKA RD","LEAD HILL BL",370.00,S,N,A,-,N,,,,,,,,,,N,3,0,1,2,A,-,08,22107,,N,H,G,A,A,H,-,A,D,0,,Y,,,Y,,L,04,0,1,0,0,0,0,1,0,0,"- ","- ",,,PLACER,ROSEVILLE,-121.24733734130859,38.747390747070312