CASE_ID,ACCIDENT_YEAR,PROC_DATE,JURIS,COLLISION_DATE,COLLISION_TIME,OFFICER_ID,REPORTING_DISTRICT,DAY_OF_WEEK,CHP_SHIFT,POPULATION,CNTY_CITY_LOC,SPECIAL_COND,BEAT_TYPE,CHP_BEAT_TYPE,CITY_DIVISION_LAPD,CHP_BEAT_CLASS,BEAT_NUMBER,PRIMARY_RD,SECONDARY_RD,DISTANCE,DIRECTION,INTERSECTION,WEATHER_1,WEATHER_2,STATE_HWY_IND,CALTRANS_COUNTY,CALTRANS_DISTRICT,STATE_ROUTE,ROUTE_SUFFIX,POSTMILE_PREFIX,POSTMILE,LOCATION_TYPE,RAMP_INTERSECTION,SIDE_OF_HWY,TOW_AWAY,COLLISION_SEVERITY,NUMBER_KILLED,NUMBER_INJURED,PARTY_COUNT,PRIMARY_COLL_FACTOR,PCF_CODE_OF_VIOL,PCF_VIOL_CATEGORY,PCF_VIOLATION,PCF_VIOL_SUBSECTION,HIT_AND_RUN,TYPE_OF_COLLISION,MVIW,PED_ACTION,ROAD_SURFACE,ROAD_COND_1,ROAD_COND_2,LIGHTING,CONTROL_DEVICE,CHP_ROAD_TYPE,PEDESTRIAN_ACCIDENT,BICYCLE_ACCIDENT,MOTORCYCLE_ACCIDENT,TRUCK_ACCIDENT,NOT_PRIVATE_PROPERTY,ALCOHOL_INVOLVED,STWD_VEHTYPE_AT_FAULT,CHP_VEHTYPE_AT_FAULT,COUNT_SEVERE_INJ,COUNT_VISIBLE_INJ,COUNT_COMPLAINT_PAIN,COUNT_PED_KILLED,COUNT_PED_INJURED,COUNT_BICYCLIST_KILLED,COUNT_BICYCLIST_INJURED,COUNT_MC_KILLED,COUNT_MC_INJURED,PRIMARY_RAMP,SECONDARY_RAMP,LATITUDE,LONGITUDE,COUNTY,CITY,POINT_X,POINT_Y
9704293,2024,2024-07-25,3105,2024-05-07,"753 ",1187,,2,5,5,3105,0,0,0,,0,002,"LEAD HILL BL","ROCKY RIDGE DR",817.00,W,N,A,-,N,,,,,,,,,,Y,3,0,1,2,A,-,12,21453,A,N,D,C,A,A,H,-,A,A,0,,,,Y,Y,,F,76,0,1,0,0,0,0,0,0,0,"- ","- ",38.748001098632812,-121.25299835205078,PLACER,ROSEVILLE,-121.25594329833984,38.748275756835938
9704771,2024,2024-08-07,3101,2024-05-29,1812,A824,AU12,3,5,3,3101,0,0,0,,0,0A1,"GRASS VALLEY HWY","GRASS VALLEY HWY 570",0.00,,N,A,-,Y,PLA,3,49,-,-,4.080,H,-,S,Y,2,0,3,3,A,-,01,23153,,N,A,C,A,A,H,-,A,D,0,,,,,Y,Y,A,01,1,2,0,0,0,0,0,0,0,"- ","- ",38.912651062011719,-121.07755279541016,PLACER,AUBURN,-121.07765197753906,38.912593841552734
9705628,2024,2024-10-04,3105,2024-06-10,1720,1206,,1,5,5,3105,0,0,0,,0,005,"ROSEVILLE PKWY","PLEASANT GROVE BL",0.00,,Y,A,-,N,,,,,,,,,,Y,4,0,1,2,A,-,12,21453,A,N,D,C,A,A,H,-,A,A,0,,,,,Y,,A,08,0,0,1,0,0,0,0,0,0,"- ","- ",,,PLACER,ROSEVILLE,-121.28829193115234,38.778236389160156
9705629,2024,2024-10-04,3105,2024-06-05,1800,1134,,3,5,5,3105,0,0,0,,0,004,"CHURCH ST","OAKLAND AV",15.00,W,N,A,-,N,,,,,,,,,,N,4,0,1,2,A,-,11,21954,A,F,G,B,E,A,H,-,A,D,0,Y,,,,Y,,N,60,0,0,1,0,1,0,0,0,0,"- ","- ",,,PLACER,ROSEVILLE,,
9705630,2024,2024-10-04,3105,2024-06-07,1103,1107,,5,5,5,3105,0,0,0,,0,001,"ROSEVILLE PKWY","WEST DR",0.00,,Y,A,-,N,,,,,,,,,,Y,3,0,1,2,A,-,09,21453,C,N,A,C,A,A,H,-,A,A,0,,,,,Y,,A,01,0,1,0,0,0,0,0,0,0,"- ","- ",,,PLACER,ROSEVILLE,-121.27301788330078,38.772350311279297
9705702,2024,2024-07-15,3105,2024-05-26,1524,1221,,7,5,5,3105,0,0,0,,0,003,"DOUGLAS BL","BONNY KNOLL RD",0.00,,Y,A,-,N,,,,,,,,,,N,4,0,1,2,A,-,09,21801,A,N,B,C,A,A,H,-,A,D,0,,,,,Y,,A,01,0,0,1,0,0,0,0,0,0,"- ","- ",,,PLACER,ROSEVILLE,-121.27550506591797,38.744010925292969
9706740,2024,2024-07-09,3104,2024-05-07,2320,320,10,2,5,4,3104,0,0,0,,0,004,"SUNSET BL","BLUE OAKS BL",0.00,,Y,A,-,N,,,,,,,,,,N,4,0,1,2,A,-,12,21453,A,M,C,C,A,A,H,-,C,A,0,,,,,Y,,-,99,0,0,1,0,0,0,0,0,0,"- ","- ",38.808509826660156,-121.27993011474609,PLACER,ROCKLIN,-121.27993774414062,38.808502197265625
9708905,2024,2024-08-02,3101,2024-06-30,1438,A737,AU09,7,5,3,3101,0,0,0,,0,0A2,"AUBURN FOLSOM RD","HIGH ST",0.00,,Y,A,-,N,,,,,,,,,,Y,3,0,1,2,A,-,03,22350,,N,C,C,A,A,H,-,A,A,0,,,,,Y,,A,01,0,1,0,0,0,0,0,0,0,"- ","- ",38.892341613769531,-121.07634735107422,PLACER,AUBURN,-121.07640838623047,38.892925262451172
9709225,2024,2024-08-05,3105,2024-06-27,1617,1215,,4,5,5,3105,0,0,0,,0,002,"SUNRISE AV","MADDEN LN",359.00,S,N,A,-,N,,,,,,,,,,Y,4,0,1,3,A,-,07,21658,A,N,C,C,A,A,H,-,A,D,0,,,,,Y,,A,07,0,0,1,0,0,0,0,0,0,"- ","- ",,,PLACER,ROSEVILLE,-121.27207946777344,38.730754852294922
9709261,2024,2024-07-23,3105,2024-05-20,"912 ",1071,,1,5,5,3105,0,0,0,,0,003,"ATLANTIC ST","CENTER ST",120.00,E,N,A,-,N,,,,,,,,,,N,4,0,1,2,A,-,08,22107,,N,G,G,A,A,H,-,A,D,0,,Y,,,Y,,A,01,0,0,1,0,0,0,1,0,0,"- ","- ",38.756580352783203,-121.27308654785156,PLACER,ROSEVILLE,-121.27351379394531,38.756729125976562
9709263,2024,2024-08-22,3103,2024-05-28,"6   ",JAEK,L7,2,5,2,3103,0,0,0,,0,0L4,"LINCOLN BL","RT 28",212.00,N,N,A,-,Y,PLA,3,65,-,R,12.609,R,4,N,Y,3,0,1,1,A,-,07,21658,A,N,E,I,A,A,H,-,C,A,0,,,,,Y,,A,01,0,1,0,0,0,0,0,0,0,"- ",NF,33.999729156494141,-118.46452331542969,PLACER,LINCOLN,-121.29994964599609,38.861087799072266
9709264,2024,2024-07-24,3103,2024-05-16,1422,KSMOL,L4,4,5,2,3103,0,0,0,,0,0L2,"JOINER PKWY","FERRAR RANCH RD",37.00,E,N,A,-,N,,,,,,,,,,Y,3,0,1,2,A,-,12,21453,A,N,D,C,A,A,H,-,A,A,0,,,,,Y,,A,01,0,1,0,0,0,0,0,0,0,"- ","- ",38.875568389892578,-121.30338287353516,PLACER,LINCOLN,-121.30347442626953,38.875579833984375
9709265,2024,2024-07-24,3103,2024-05-14,2252,DMALD,L5,2,5,2,3103,0,0,0,,0,0L3,"LINCOLN AV","LINCOLN BL 7TH",55.00,N,N,A,-,N,,,,,,,,,,Y,3,0,1,1,A,-,08,22107,,N,E,I,A,A,H,-,D,A,0,,,,,Y,,A,07,0,1,0,0,0,0,0,0,0,"- ","- ",38.894458770751953,-121.29293823242188,PLACER,LINCOLN,-121.30166625976562,38.864643096923828
9709862,2024,2024-08-19,3105,2024-07-15,1012,3066,,1,5,5,3105,0,0,0,,0,007,"BLUE OAKS BL","DEL WEBB BL",0.00,,Y,A,-,N,,,,,,,,,,Y,4,0,1,2,A,-,12,21453,A,N,D,C,A,A,H,-,A,A,0,,,,,Y,,A,01,0,0,1,0,0,0,0,0,0,"- ","- ",,,PLACER,ROSEVILLE,-121.34723663330078,38.793159484863281
9709903,2024,2024-08-14,3105,2024-06-27,1951,1072,,4,5,5,3105,0,0,0,,0,003,"VERNON ST","3RD ST",0.00,,Y,A,-,N,,,,,,,,,,Y,3,0,1,2,A,-,09,21804,B,N,D,C,A,A,H,-,B,A,0,,,,,Y,,A,01,0,1,0,0,0,0,0,0,0,"- ","- ",38.741001129150391,-121.29299926757812,PLACER,ROSEVILLE,-121.29396820068359,38.741329193115234
9710115,2024,2024-08-02,3104,2024-06-24,1000,617,43,1,5,4,3104,0,0,0,,0,001,"ROCKLIN RD","GRANITE DR",36.00,W,N,A,-,N,,,,,,,,,,N,4,0,2,2,A,-,03,22350,,N,C,C,A,A,H,-,A,A,0,,,,,Y,,D,22,0,0,2,0,0,0,0,0,0,"- ","- ",38.788448333740234,-121.22633361816406,PLACER,ROCKLIN,-121.22640991210938,38.788471221923828
9710157,2024,2024-08-07,3105,2024-06-29,1435,1216,,6,5,5,3105,0,0,0,,0,001,"E ROSEVILLE PW","OLYMPUS DR",0.00,,Y,A,-,N,,,,,,,,,,,4,0,1,2,A,-,03,22350,,N,C,C,A,A,H,-,A,A,0,,,,,Y,,D,22,0,0,1,0,0,0,0,0,0,"- ","- ",38.746280670166016,-121.23647308349609,PLACER,ROSEVILLE,-121.23648834228516,38.74627685546875
9710309,2024,2024-07-18,3105,2024-05-29,1523,1172,,3,5,5,3105,0,0,0,,0,004,"TAHOE AV",YOSEMITE,531.00,E,N,A,-,N,,,,,,,,,,,4,0,1,2,A,-,09,21804,A,N,D,B,A,-,H,-,A,D,0,,,,,Y,,-,,0,0,1,0,0,0,0,0,0,"- ","- ",38.755050659179688,-121.27858734130859,PLACER,ROSEVILLE,-121.27891540527344,38.755031585693359
9710444,2024,2024-08-09,3105,2024-05-27,1004,1220,,1,5,5,3105,0,0,0,,0,004,"CHURCH ST","N GRANT ST N",0.00,,Y,A,-,N,,,,,,,,,,Y,3,0,12,2,A,-,03,22350,,N,D,C,A,A,H,-,A,D,0,,,,,Y,,A,01,0,2,10,0,0,0,0,0,0,"- ","- ",,,PLACER,ROSEVILLE,-121.28759002685547,38.749958038330078
9710447,2024,2024-07-22,3103,2024-05-27,1010,THIOT,L8,1,5,2,3103,0,0,0,,0,0L4,"E JOINER PKWY","FIELDSTONE DR",187.00,S,N,A,-,N,,,,,,,,,,N,3,0,1,2,A,-,03,22350,,N,C,C,A,A,H,-,A,D,0,,,,Y,Y,,F,26,0,1,0,0,0,0,0,0,0,NO,"- ",38.847541809082031,-121.28662872314453,PLACER,LINCOLN,-121.28707885742188,38.847274780273438
9710448,2024,2024-08-20,3105,2024-07-01,1044,3066,,1,5,5,3105,0,0,0,,0,005,"STANFORD RANCH RD","FIVE STAR BL",503.00,S,N,A,-,N,,,,,,,,,,N,4,0,1,2,A,-,21,22106,,N,C,C,A,A,H,-,A,A,0,,,,,Y,,D,22,0,0,1,0,0,0,0,0,0,"- ","- ",,,PLACER,ROSEVILLE,-121.26573181152344,38.780418395996094
9710546,2024,2024-09-20,3101,2024-06-19,1447,A737,AU14,3,5,3,3101,0,0,0,,0,0A2,"EL DORADO ST","EL DORADO ST 200",0.00,W,N,A,-,Y,PLA,3,49,-,-,2.070,H,-,N,Y,3,0,2,3,A,-,05,21460,,N,D,C,A,A,H,-,A,D,0,,,,,Y,,D,22,0,1,1,0,0,0,0,0,0,"- ","- ",38.902328491210938,-121.06168365478516,PLACER,AUBURN,-121.06150817871094,38.902610778808594
9710670,2024,2024-08-20,3105,2024-07-06,2500,1138,,6,5,5,3105,0,0,0,,0,004,"WASHINGTON BL","LINCOLN ST",0.00,,Y,A,-,N,,,,,,,,,,Y,3,0,1,2,A,-,09,21800,A,N,D,C,A,A,H,-,A,D,0,,,,,Y,,A,01,0,1,0,0,0,0,0,0,0,"- ","- ",38.756969451904297,-121.28855895996094,PLACER,ROSEVILLE,-121.28859710693359,38.756988525390625
9710671,2024,2024-08-27,3105,2024-07-09,1016,1222,,2,5,5,3105,0,0,0,,0,006,"BLUE OAKS BL","DIAMOND CREEK BL",0.00,,Y,A,-,N,,,,,,,,,,N,4,0,1,2,A,-,04,21703,,N,C,C,A,A,H,-,A,A,0,,,,,Y,,A,01,0,0,1,0,0,0,0,0,0,"- ","- ",38.79547119140625,-121.33399963378906,PLACER,ROSEVILLE,-121.333984375,38.795482635498047
9710672,2024,2024-08-20,3105,2024-07-03,"950 ",1160,,3,5,5,3105,0,0,0,,0,004,"VINEYARD RD","RIESLING DR",0.00,,Y,A,-,N,,,,,,,,,,Y,3,0,3,2,A,-,09,21802,A,N,D,C,A,A,H,-,A,A,0,,,,,Y,,A,01,0,1,2,0,0,0,0,0,0,"- ","- ",,,PLACER,ROSEVILLE,-121.31085968017578,38.743820190429688
9710696,2024,2024-08-01,3103,2024-03-11,1600,NOLAH,L5,1,5,2,3103,0,0,0,,0,0L3,"D ST","7TH ST",50.00,S,N,A,-,N,,,,,,,,,,N,3,0,1,2,D,-,00,,,F,G,B,E,A,H,-,-,D,0,Y,,,,Y,,-,"- ",0,1,0,0,1,0,0,0,0,"- ","- ",38.889999389648438,-121.28399658203125,PLACER,LINCOLN,-121.28903198242188,38.894325256347656
9710698,2024,2024-07-23,3103,2024-03-21,1601,KSMOL,L4,4,5,2,3103,0,0,0,,0,0L2,"JOINER PKWY","STANMARK DR",20.00,W,N,A,-,N,,,,,,,,,,Y,3,0,1,2,A,-,08,22107,,N,B,C,A,A,H,-,A,D,0,,,,,Y,,A,01,0,1,0,0,0,0,0,0,0,"- ","- ",38.875,-121.3009033203125,PLACER,LINCOLN,-121.301025390625,38.875141143798828
9710874,2024,2024-07-29,3105,2024-07-14,"19  ",1204,,7,5,5,3105,0,0,0,,0,003,"CIRBY WY","LINDSAY DR",0.00,,Y,A,-,N,,,,,,,,,,Y,3,0,1,2,A,-,12,21453,A,N,D,C,A,A,H,-,C,A,0,,,,Y,Y,,A,01,0,1,0,0,0,0,0,0,0,"- ","- ",,,PLACER,ROSEVILLE,-121.29470062255859,38.729358673095703
9711051,2024,2024-08-20,3104,2024-07-20,"825 ",2304,10B,6,5,4,3104,0,0,0,,0,004,"FROST RIDGE WY","NIGHT RIDGE WY",0.00,,Y,A,-,N,,,,,,,,,,N,4,0,1,2,A,-,21,22106,,N,C,C,A,A,H,-,A,D,0,,,,,Y,,D,73,0,0,1,0,0,0,0,0,0,"- ","- ",38.799709320068359,-121.27401733398438,PLACER,ROCKLIN,-121.2740478515625,38.7996826171875
9711169,2024,2024-08-19,3105,2024-07-28,2221,1200,,7,5,5,3105,0,0,0,,0,001,"GALLERIA BL","E ROSEVILLE PK E",0.00,,Y,A,-,N,,,,,,,,,,Y,3,0,1,2,A,-,12,21453,A,N,D,C,A,A,H,-,C,A,0,,,Y,,Y,,C,02,0,1,0,0,0,0,0,0,1,"- ","- ",,,PLACER,ROSEVILLE,-121.26589965820312,38.768695831298828
9711171,2024,2024-08-19,3105,2024-07-22,"617 ",1203,,1,5,5,3105,0,0,0,,0,004,"CHURCH ST","HICKORY ST",0.00,,Y,A,-,N,,,,,,,,,,Y,3,0,2,2,A,-,09,21800,A,N,D,C,A,A,H,-,A,A,0,,,,,Y,,A,01,0,1,1,0,0,0,0,0,0,"- ","- ",,,PLACER,ROSEVILLE,-121.29551696777344,38.744731903076172
9711172,2024,2024-08-19,3105,2024-07-16,2211,1147,,2,5,5,3105,0,0,0,,0,005,"FAIRWAY DR","MONTROSE AV",304.00,N,N,A,-,N,,,,,,,,,,N,3,0,1,2,A,-,08,22107,,N,C,G,A,A,H,-,C,D,0,,Y,,,Y,Y,L,04,0,1,0,0,0,0,1,0,0,"- ","- ",38.7901611328125,-121.28427124023438,PLACER,ROSEVILLE,-121.28427124023438,38.790069580078125
9711174,2024,2024-08-19,3104,2024-07-13,1432,2304,52,6,5,4,3104,0,0,0,,0,001,"SIERRA COLLEGE BL","STADIUM WY",0.00,,Y,B,-,N,,,,,,,,,,Y,4,0,1,1,C,-,18,,,N,D,H,A,A,H,-,A,A,0,,,,,Y,,-,"- ",0,0,1,0,0,0,0,0,0,"- ","- ",38.788681030273438,-121.20614624023438,PLACER,ROCKLIN,-122.54930114746094,37.952701568603516
9711395,2024,2024-09-11,3104,2024-08-08,1639,268,38,4,5,4,3104,0,0,0,,0,003,"STANFORD RANCH RD","SUNSET BL",603.00,S,N,A,-,N,,,,,,,,,,Y,3,0,2,2,A,-,08,22107,,N,D,C,A,A,H,-,A,A,0,,,,,Y,,A,01,0,2,0,0,0,0,0,0,0,"- ","- ",38.796249389648438,-121.26497650146484,PLACER,ROCKLIN,-121.26673889160156,38.795082092285156
9711397,2024,2024-09-11,3104,2024-08-10,1052,336,43,6,5,4,3104,0,0,0,,0,001,"GRANITE DR","WARD LN",0.00,,Y,A,-,N,,,,,,,,,,Y,3,0,1,2,A,-,09,21800,A,N,D,C,A,A,H,-,A,D,0,,,,,Y,,A,01,0,1,0,0,0,0,0,0,0,"- ","- ",38.789569854736328,-121.22457122802734,PLACER,ROCKLIN,-121.22451782226562,38.789524078369141
9711579,2024,2024-08-28,3105,2024-07-31,2012,1221,,3,5,5,3105,0,0,0,,0,004,WASHINGTON,JUNCTION,0.00,,Y,A,-,N,,,,,,,,,,Y,4,0,2,2,A,-,09,21453,C,N,D,C,A,A,H,-,B,A,0,,,,,Y,Y,A,01,0,0,2,0,0,0,0,0,0,"- ","- ",38.761421203613281,-121.29411315917969,PLACER,ROSEVILLE,-121.29416656494141,38.761432647705078
9711597,2024,2024-08-29,3104,2024-08-19,1742,276,43,1,5,4,3104,0,0,0,,0,001,"MEYERS ST","ROCKLIN RD",0.00,,Y,A,-,N,,,,,,,,,,Y,3,0,1,1,A,-,03,22350,,N,E,I,A,A,H,-,A,A,0,,,,,Y,Y,A,01,0,1,0,0,0,0,0,0,0,"- ","- ",38.788509368896484,-121.22097015380859,PLACER,ROCKLIN,-121.22898101806641,38.788593292236328
9711598,2024,2024-08-30,3104,2024-08-14,"831 ",283,25,3,5,4,3104,0,0,0,,0,003,"STANFORD RANCH RD","STONEY RD",0.00,,Y,A,-,N,,,,,,,,,,Y,3,0,2,2,A,-,12,21453,A,N,D,C,A,A,H,-,A,A,0,,,,,Y,,A,01,0,2,0,0,0,0,0,0,0,"- ","- ",38.800048828125,-121.26197814941406,PLACER,ROCKLIN,-121.26199340820312,38.800025939941406
9711885,2024,2024-09-03,3104,2024-08-18,2308,303,38,7,5,4,3104,0,0,0,,0,003,"S WHITNEY BL","LIGHT POLE 592",85.00,N,N,A,-,N,,,,,,,,,,Y,3,0,1,2,A,-,01,23152,A,M,B,E,A,A,H,-,C,D,0,,,,,Y,Y,A,01,0,1,0,0,0,0,0,0,0,"- ","- ",38.780879974365234,-121.26096343994141,PLACER,ROCKLIN,,
9711902,2024,2024-09-05,3105,2024-08-05,1237,1208,,1,5,5,3105,0,0,0,,0,005,"HIGHLAND POINTE DR","JOSSELIN DR",240.00,E,N,A,-,N,,,,,,,,,,N,4,0,2,2,A,-,09,21804,A,N,D,C,A,A,H,-,A,A,0,,,,,Y,,A,01,0,0,2,0,0,0,0,0,0,"- ","- ",38.783298492431641,-121.28671264648438,PLACER,ROSEVILLE,-121.28801727294922,38.783992767333984
9718323,2024,2024-09-06,3105,2024-07-15,2010,1158,,1,5,5,3105,0,0,0,,0,006,"BLUE OAK BL","ALANTOWN DR",390.00,W,N,A,-,N,,,,,,,,,,Y,4,0,1,2,A,-,03,22350,,N,C,C,A,A,H,-,B,A,0,,,,,Y,,A,01,0,0,1,0,0,0,0,0,0,"- ","- ",,,PLACER,ROSEVILLE,,
9718346,2024,2024-07-30,3105,2024-06-21,"707 ",1015,,5,5,5,3105,0,0,0,,0,006,"WASHINGTON BL","PLEASANT GROVE BL",0.00,,Y,A,-,N,,,,,,,,,,Y,4,0,2,2,A,-,09,21453,C,N,D,C,A,A,H,-,A,A,0,,,,,Y,,A,01,0,0,2,0,0,0,0,0,0,"- ","- ",,,PLACER,ROSEVILLE,-121.30375671386719,38.773899078369141
9719221,2024,2024-08-23,3100,2024-07-09,1743,S38858,LOP,2,5,2,3106,0,0,0,,0,PAUL,"HORSESHOE BAR RD","TAYLOR RD",0.00,,-,A,-,N,,,,,,,,,,,4,0,1,2,A,-,21,22106,,N,D,D,A,A,H,-,A,D,0,,,,,Y,Y,A,71,0,0,1,0,0,0,0,0,0,"- ","- ",38.821430206298828,-121.19352722167969,PLACER,LOOMIS,-121.19340515136719,38.821418762207031
9721736,2024,2024-08-27,3104,2024-07-29,2337,333,52,1,5,4,3104,0,0,0,,0,001,"SIERRA COLLEGE BL","COBBLE CREEK CIR",0.00,,Y,A,-,N,,,,,,,,,,N,2,0,1,2,A,-,11,21954,A,N,G,B,D,A,H,-,C,D,0,Y,,,,Y,,N,60,1,0,0,0,1,0,0,0,0,"- ","- ",38.787128448486328,-121.20717620849609,PLACER,ROCKLIN,-121.20629119873047,38.786605834960938
9721737,2024,2024-08-19,3104,2024-07-26,1320,2304,43,5,5,4,3104,0,0,0,,0,001,"DOMINGUEZ RD","SIERRA PINE WY",0.00,,Y,A,-,N,,,,,,,,,,N,3,0,1,2,A,-,08,22107,,N,D,D,A,A,H,-,A,D,0,,,,Y,Y,,A,01,0,1,0,0,0,0,0,0,0,"- ","- ",38.802238464355469,-121.2161865234375,PLACER,ROCKLIN,-121.21538543701172,38.801761627197266
9721947,2024,2024-09-10,3105,2024-08-24,1517,1211,,6,5,5,3105,0,0,0,,0,003,"ATLANTIC ST","WILLS RD",45.00,W,N,B,C,N,,,,,,,,,,N,4,0,1,2,A,-,03,22350,,N,C,C,A,B,H,-,A,A,0,,,,,Y,,A,07,0,0,1,0,0,0,0,0,0,"- ","- ",,,PLACER,ROSEVILLE,-121.26806640625,38.758041381835938
9722070,2024,2024-09-23,3105,2024-08-11,1809,1222,,7,5,5,3105,0,0,0,,0,001,"GALLERIA CIR","ANTELOPE CREEK DR",213.00,S,N,A,-,N,,,,,,,,,,N,4,0,2,2,A,-,01,23153,A,F,B,C,A,A,H,-,A,D,0,,,,,Y,Y,A,01,0,0,2,0,0,0,0,0,0,"- ","- ",,,PLACER,ROSEVILLE,-121.26693725585938,38.772220611572266
9722071,2024,2024-09-13,3105,2024-08-28,1859,1131,,3,5,5,3105,0,0,0,,0,002,"ROCKY RIDGE BL","DOUGLAS BL",493.00,N,N,A,-,N,,,,,,,,,,Y,3,0,2,3,A,-,01,23152,A,F,A,C,A,A,H,-,A,D,0,,,,,Y,Y,A,01,0,1,1,0,0,0,0,0,0,"- ","- ",,,PLACER,ROSEVILLE,-121.25303649902344,38.745513916015625
9722072,2024,2024-09-13,3105,2024-08-16,"923 ",3062,,5,5,5,3105,0,0,0,,0,007,"FIDDYMENT RD","BASELINE RD",0.00,,Y,A,-,N,,,,,,,,,,Y,3,0,2,3,A,-,12,21453,A,N,A,C,A,A,H,-,A,A,0,,,,,Y,,A,01,0,1,1,0,0,0,0,0,0,"- ","- ",,,PLACER,ROSEVILLE,-121.35858154296875,38.751766204833984
9722073,2024,2024-09-23,3105,2024-08-22,1729,1193,,4,5,5,3105,0,0,0,,0,006,"PLEASANT GROVE BL","FOOTHILLS BL",620.00,W,N,A,-,N,,,,,,,,,,N,3,0,1,2,A,-,05,21650,1,N,A,G,A,A,H,-,A,D,0,,Y,,,Y,,L,04,0,1,0,0,0,0,1,0,0,"- ","- ",,,PLACER,ROSEVILLE,-121.31503295898438,38.772254943847656
9722074,2024,2024-09-13,3105,2024-08-23,1640,1180,,5,5,5,3105,0,0,0,,0,006,"FOOTHILLS BL","PLEASANT GROVE BL",0.00,,Y,A,-,N,,,,,,,,,,Y,4,0,1,3,A,-,12,21453,A,N,D,C,A,A,H,-,A,A,0,,,,,Y,,A,01,0,0,1,0,0,0,0,0,0,"- ","- ",,,PLACER,ROSEVILLE,-121.31288146972656,38.772449493408203
9722076,2024,2024-09-23,3105,2024-08-30,"750 ",1218,,5,5,5,3105,0,0,0,,0,002,"SIERRA GARDENS DR","LORETTO DR",0.00,,Y,A,-,N,,,,,,,,,,N,4,0,1,2,A,-,09,21800,A,N,D,G,A,A,H,-,-,A,0,,Y,,,Y,,A,01,0,0,1,0,0,0,1,0,0,"- ","- ",,,PLACER,ROSEVILLE,-121.25991821289062,38.738761901855469
9722207,2024,2024-10-09,3105,2024-09-06,1224,1160,,5,5,5,3105,0,0,0,,0,005,"PLEASANT GROVE BL","RT 65",253.00,W,N,A,-,N,,,,,,,,,,Y,4,0,1,2,A,-,03,22350,,N,C,C,A,A,H,-,A,A,0,,,,,Y,,-,,0,0,1,0,0,0,0,0,0,"- ",SO,,,PLACER,ROSEVILLE,-121.28461456298828,38.785873413085938
9722220,2024,2024-09-23,3105,2024-09-03,"726 ",1220,,2,5,5,3105,0,0,0,,0,006,"PLEASANT GROVE BL","MICHENER DR",340.00,E,N,A,-,N,,,,,,,,,,Y,4,0,1,2,A,-,03,22350,,N,C,C,A,A,H,-,B,D,0,,,,,Y,,A,01,0,0,1,0,0,0,0,0,0,"- ","- ",,,PLACER,ROSEVILLE,-121.33634948730469,38.768333435058594
9722229,2024,2024-09-20,3105,2024-08-20,"740 ",1102,,2,5,5,3105,0,0,0,,0,001,"ANTELOPE CREEK DR","CREEKSIDE RIDGE DR",1342.00,E,N,A,-,N,,,,,,,,,,N,4,0,1,2,A,-,10,21950,A,F,G,B,B,A,H,-,A,D,0,Y,,,,Y,,A,01,0,0,1,0,1,0,0,0,0,"- ","- ",,,PLACER,ROSEVILLE,-121.25729370117188,38.769557952880859
9722541,2024,2024-09-27,3105,2024-08-27,1717,1137,,2,5,5,3105,0,0,0,,0,003,"RIVERSIDE AV","CIRBY WY",96.00,N,N,A,-,N,,,,,,,,,,N,4,0,1,2,A,-,03,22350,,F,C,C,A,A,H,-,-,A,0,,,,,Y,,A,01,0,0,1,0,0,0,0,0,0,"- ","- ",,,PLACER,ROSEVILLE,-121.29046630859375,38.7296142578125
9722543,2024,2024-09-23,3105,2024-08-10,"745 ",1181,,6,5,5,3105,0,0,0,,0,003,"KEEHNER AV","DOUGLAS BL",258.00,S,N,A,-,N,,,,,,,,,,Y,4,0,2,2,A,-,09,21801,A,N,A,C,A,A,H,-,A,D,0,,,,,Y,,A,01,0,0,2,0,0,0,0,0,0,"- ","- ",,,PLACER,ROSEVILLE,-121.27900695800781,38.743270874023438
9722598,2024,2024-08-29,3105,2024-08-06,2500,1133,,2,5,5,3105,0,0,0,,0,004,"MAIN ST","FOOTHILLS BL",288.00,E,N,A,-,N,,,,,,,,,,N,4,0,1,2,A,-,08,22100,A,N,D,C,A,A,H,-,A,D,0,,,,,Y,,D,22,0,0,1,0,0,0,0,0,0,"- ","- ",,,PLACER,ROSEVILLE,-121.30838012695312,38.7518310546875
9722633,2024,2024-08-30,3105,2024-07-20,1924,1208,,6,5,5,3105,0,0,0,,0,003,CIRBY,"MELODY LN",0.00,,Y,A,-,N,,,,,,,,,,Y,4,0,2,2,A,-,12,21453,A,N,D,C,A,A,H,-,A,A,0,,,,,Y,,A,01,0,0,2,0,0,0,0,0,0,"- ","- ",38.729328155517578,-121.29212188720703,PLACER,ROSEVILLE,-121.29210662841797,38.729339599609375
9722646,2024,2024-09-06,3105,2024-08-17,1430,1041,,6,5,5,3105,0,0,0,,0,004,"WOODCREEK OAKS BL","MCANALLY DR",76.00,S,N,A,-,N,,,,,,,,,,Y,4,0,1,2,A,-,03,22350,,N,C,C,A,A,H,-,A,A,0,,,,,Y,,D,72,0,0,1,0,0,0,0,0,0,"- ","- ",,,PLACER,ROSEVILLE,-121.33066558837891,38.763999938964844
9722649,2024,2024-09-05,3105,2024-07-16,1356,1210,,2,5,5,3105,0,0,0,,0,,SUNRISE,"CIRBY WY",59.00,S,N,A,-,N,,,,,,,,,,Y,3,0,1,3,A,-,03,22350,,N,C,C,A,A,H,-,A,A,0,,,,,Y,,A,01,0,1,0,0,0,0,0,0,0,"- ","- ",38.729488372802734,-121.27207183837891,PLACER,ROSEVILLE,-121.27208709716797,38.729347229003906
9722659,2024,2024-09-11,3105,2024-07-29,1415,595,,1,5,5,3105,0,0,0,,0,004,"N SUNRISE","SIERRA GARDENS DR",0.00,,Y,A,-,N,,,,,,,,,,Y,4,0,1,2,A,-,12,21453,A,N,D,C,A,A,H,-,A,A,0,,,,,Y,,D,22,0,0,1,0,0,0,0,0,0,"- ","- ",,,PLACER,ROSEVILLE,-121.26497650146484,38.748348236083984