CASE_ID,ACCIDENT_YEAR,PROC_DATE,JURIS,COLLISION_DATE,COLLISION_TIME,OFFICER_ID,REPORTING_DISTRICT,DAY_OF_WEEK,CHP_SHIFT,POPULATION,CNTY_CITY_LOC,SPECIAL_COND,BEAT_TYPE,CHP_BEAT_TYPE,CITY_DIVISION_LAPD,CHP_BEAT_CLASS,BEAT_NUMBER,PRIMARY_RD,SECONDARY_RD,DISTANCE,DIRECTION,INTERSECTION,WEATHER_1,WEATHER_2,STATE_HWY_IND,CALTRANS_COUNTY,CALTRANS_DISTRICT,STATE_ROUTE,ROUTE_SUFFIX,POSTMILE_PREFIX,POSTMILE,LOCATION_TYPE,RAMP_INTERSECTION,SIDE_OF_HWY,TOW_AWAY,COLLISION_SEVERITY,NUMBER_KILLED,NUMBER_INJURED,PARTY_COUNT,PRIMARY_COLL_FACTOR,PCF_CODE_OF_VIOL,PCF_VIOL_CATEGORY,PCF_VIOLATION,PCF_VIOL_SUBSECTION,HIT_AND_RUN,TYPE_OF_COLLISION,MVIW,PED_ACTION,ROAD_SURFACE,ROAD_COND_1,ROAD_COND_2,LIGHTING,CONTROL_DEVICE,CHP_ROAD_TYPE,PEDESTRIAN_ACCIDENT,BICYCLE_ACCIDENT,MOTORCYCLE_ACCIDENT,TRUCK_ACCIDENT,NOT_PRIVATE_PROPERTY,ALCOHOL_INVOLVED,STWD_VEHTYPE_AT_FAULT,CHP_VEHTYPE_AT_FAULT,COUNT_SEVERE_INJ,COUNT_VISIBLE_INJ,COUNT_COMPLAINT_PAIN,COUNT_PED_KILLED,COUNT_PED_INJURED,COUNT_BICYCLIST_KILLED,COUNT_BICYCLIST_INJURED,COUNT_MC_KILLED,COUNT_MC_INJURED,PRIMARY_RAMP,SECONDARY_RAMP,LATITUDE,LONGITUDE,COUNTY,CITY,POINT_X,POINT_Y
9820642,2025,2025-10-01,3104,2025-09-16,1026,348,21,2,5,4,3104,0,0,0,,0,003,"PARK DR","CAMERON DR",0.00,,Y,A,-,N,,,,,,,,,,N,3,0,2,2,A,-,"- ",,,N,D,C,A,A,H,-,A,A,0,,,,,Y,,-,"- ",0,1,1,0,0,0,0,0,0,"- ","- ",38.820358276367188,-121.24974060058594,PLACER,ROCKLIN,-121.24970245361328,38.820384979248047
9821788,2025,2025-09-30,3105,2025-07-20,1921,178,,7,5,5,3105,0,0,0,,0,002,"DOUGLAS BL","SIERRA COLLEGE BL",764.00,W,N,A,-,N,,,,,,,,,,Y,2,0,2,1,A,-,00,23153,G,N,E,I,A,A,H,-,A,A,0,,,Y,,Y,Y,C,02,2,0,0,0,0,0,0,0,2,"- ","- ",,,PLACER,ROSEVILLE,-121.22889709472656,38.744007110595703
9823222,2025,2025-09-09,3105,2025-08-11,1502,1233,,1,5,5,3105,0,0,0,,0,002,"SUNRISE AV","CONROY LN",0.00,,Y,A,-,N,,,,,,,,,,Y,4,0,1,3,A,-,08,21460,5,N,A,C,A,A,H,-,A,D,0,,,,,Y,,A,07,0,0,1,0,0,0,0,0,0,"- ","- ",,,PLACER,ROSEVILLE,-121.27201843261719,38.737918853759766
9823224,2025,2025-09-09,3105,2025-08-25,1220,3066,,1,5,5,3105,0,0,0,,0,002,"SUNRISE AV","COLOMA WY",788.00,S,N,A,-,N,,,,,,,,,,Y,4,0,1,3,A,-,03,22350,,N,C,C,A,A,H,-,A,A,0,,,,,Y,,A,01,0,0,1,0,0,0,0,0,0,"- ","- ",,,PLACER,ROSEVILLE,-121.27202606201172,38.734607696533203
9823225,2025,2025-09-09,3105,2025-08-26,1137,3066,,2,5,5,3105,0,0,0,,0,005,"PLEASANT GROVE BL","FAIRWAY DR",305.00,W,N,A,-,N,,,,,,,,,,N,4,0,1,2,A,-,21,22106,,N,H,C,A,A,H,-,A,A,0,,,,,Y,,A,07,0,0,1,0,0,0,0,0,0,"- ","- ",,,PLACER,ROSEVILLE,-121.28239440917969,38.788822174072266
9823226,2025,2025-09-09,3105,2025-08-27,"800 ",3066,,3,5,5,3105,0,0,0,,0,002,"ANNABELLE LN","SIERRA COLLEGE BL",0.00,,Y,A,-,N,,,,,,,,,,N,3,0,1,2,A,-,09,21800,A,N,G,G,A,A,H,-,A,A,0,,Y,,,Y,,A,01,0,1,0,0,0,0,1,0,0,"- ","- ",,,PLACER,ROSEVILLE,-121.22560882568359,38.727603912353516
9823237,2025,2025-09-10,3104,2025-08-23,1535,345,7,6,5,4,3104,0,0,0,,0,004,"WILDCAT BL","WHITNEY RANCH PKWY",0.00,,Y,A,-,N,,,,,,,,,,Y,3,0,1,1,A,-,08,22107,,N,E,I,A,A,H,-,A,A,0,,,,,Y,,A,01,0,1,0,0,0,0,0,0,0,"- ","- ",38.830551147460938,-121.28795623779297,PLACER,ROCKLIN,-121.28809356689453,38.8304443359375
9823459,2025,2025-09-05,3105,2025-08-28,1414,1201,,4,5,5,3105,0,0,0,,0,004,"WASHINGTON BL","ELEFA ST",0.00,,Y,A,-,N,,,,,,,,,,Y,4,0,2,2,A,-,09,21801,A,N,D,C,A,A,H,-,B,D,0,,,,,Y,,A,01,0,0,2,0,0,0,0,0,0,"- ","- ",,,PLACER,ROSEVILLE,-121.28791046142578,38.754756927490234
9823461,2025,2025-09-15,3104,2025-08-18,2204,346,44,1,5,4,3104,0,0,0,,0,001,"PACIFIC ST","MIDAS AV",0.00,,Y,A,-,N,,,,,,,,,,Y,2,0,1,1,A,-,01,23152,A,N,E,I,A,A,H,-,C,A,0,,,,,Y,Y,D,72,1,0,0,0,0,0,0,0,0,"- ","- ",38.795341491699219,-121.23246002197266,PLACER,ROCKLIN,-121.23248291015625,38.795318603515625
9823874,2025,2025-09-18,3105,2025-08-30,2009,592,,6,5,5,3105,0,0,0,,0,001,"ROSEVILLE PKWY","RESERVE DR",119.00,W,N,A,-,N,,,,,,,,,,N,4,0,1,2,A,-,08,22107,,F,B,C,A,A,H,-,C,D,0,,,,,Y,,D,22,0,0,1,0,0,0,0,0,0,"- ","- ",,,PLACER,ROSEVILLE,-121.269775390625,38.770168304443359
9823886,2025,2025-09-18,3105,2025-08-27,1900,1242,,3,5,5,3105,0,0,0,,0,003,"VERSON ST","CIRBY WY",0.00,,Y,A,-,N,,,,,,,,,,N,3,0,1,2,A,-,08,22107,,N,B,C,A,A,H,-,A,D,0,,,Y,,Y,,C,02,0,1,0,0,0,0,0,0,1,"- ","- ",,,PLACER,ROSEVILLE,-121.29971313476562,38.729286193847656
9825303,2025,2025-09-03,3100,2025-08-21,"802 ",S40364,LOP,4,5,2,3106,0,0,0,,0,PAUL,"HORSESHOE BAR RD","LAIRD ST",26.00,S,N,A,-,N,,,,,,,,,,N,3,0,3,2,A,-,03,22350,,N,D,C,A,A,H,-,A,A,0,,,,,Y,,A,01,0,1,2,0,0,0,0,0,0,"- ","- ",38.821060180664062,-121.19277954101562,PLACER,LOOMIS,-121.192626953125,38.820968627929688
9826554,2025,2025-06-27,3105,2025-06-05,"958 ",1124,,4,5,5,3105,0,0,0,,0,002,"SUNRISE AV","SUNDOWN WAY",450.00,N,N,A,-,N,,,,,,,,,,Y,4,0,1,2,A,-,03,22350,,N,C,C,A,A,H,-,A,D,0,,,,,Y,,-,,0,0,1,0,0,0,0,0,0,"- ","- ",,,PLACER,ROSEVILLE,-121.27202606201172,38.73443603515625
9826959,2025,2025-07-21,3105,2025-06-10,1558,1188,,2,5,5,3105,0,0,0,,0,006,"PLEASANT GROVE BL","MICHENER DR",1139.00,E,N,A,-,N,,,,,,,,,,Y,4,0,1,2,A,-,08,22107,,N,D,C,A,A,H,-,-,A,0,,,,,Y,,D,22,0,0,1,0,0,0,0,0,0,"- ","- ",,,PLACER,ROSEVILLE,-121.33357238769531,38.768646240234375
9827195,2025,2025-07-08,3105,2025-06-02,1721,1154,,1,5,5,3105,0,0,0,,0,005,"ROSEVILLE PKWY","GIBSON DR",0.00,,Y,A,-,N,,,,,,,,,,Y,4,0,1,2,A,-,08,22102,,N,D,C,A,A,H,-,A,D,0,,,,,Y,,A,07,0,0,1,0,0,0,0,0,0,"- ","- ",,,PLACER,ROSEVILLE,-121.28485107421875,38.777572631835938
9827363,2025,2025-07-17,3105,2025-06-16,1525,3066,,1,5,5,3105,0,0,0,,0,005,"PLEASANT GROVE BL","HIGHLAND PARK DR",0.00,,Y,A,-,N,,,,,,,,,,N,4,0,1,2,A,-,21,22106,,N,C,C,A,A,H,-,A,A,0,,,,,Y,,D,22,0,0,1,0,0,0,0,0,0,"- ","- ",,,PLACER,ROSEVILLE,-121.27910614013672,38.792377471923828
9827484,2025,2025-07-25,3104,2025-07-02,1959,341,46,3,5,4,3104,0,0,0,,0,002,"PACIFIC ST","SUNSET BL",813.00,S,N,A,-,N,,,,,,,,,,Y,2,0,1,1,A,-,01,23152,A,N,E,I,A,A,H,-,A,D,0,,,,,Y,Y,A,01,1,0,0,0,0,0,0,0,0,"- ","- ",38.77996826171875,-121.24363708496094,PLACER,ROCKLIN,-121.24456787109375,38.780158996582031
9827671,2025,2025-06-25,3105,2025-04-14,1720,1158,,1,5,5,3105,0,0,0,,0,005,"ROSEVILLE PKWY","GIBSON DR",0.00,,Y,A,-,N,,,,,,,,,,Y,3,0,3,5,A,-,03,22350,,N,C,C,A,A,H,-,A,A,0,,,,,Y,,A,07,0,1,2,0,0,0,0,0,0,"- ","- ",,,PLACER,ROSEVILLE,-121.28485107421875,38.777572631835938
9828368,2025,2025-07-02,3103,2025-06-09,1858,KSMOL,L5,1,5,2,3103,0,0,0,,0,0L3,"LINCOLN BL","5TH ST",0.00,,Y,A,-,N,,,,,,,,,,N,3,0,1,2,A,-,10,21950,A,N,G,B,B,A,H,-,A,A,0,Y,,,,Y,,A,01,0,1,0,0,1,0,0,0,0,"- ","- ",38.891830444335938,-121.29280090332031,PLACER,LINCOLN,-121.29282379150391,38.891807556152344
9829791,2025,2025-07-18,3105,2025-06-22,"928 ",1227,,7,5,5,3105,0,0,0,,0,002,"LEAD HILL BL","ROCKY RIDGE DR",10.00,E,N,A,-,N,,,,,,,,,,Y,3,0,1,2,A,-,12,21453,A,N,D,C,A,-,H,-,A,A,0,,,,,Y,,A,01,0,1,0,0,0,0,0,0,0,"- ","- ",,,PLACER,ROSEVILLE,-121.25304412841797,38.748260498046875
9829792,2025,2025-07-18,3105,2025-06-25,1753,1238,,3,5,5,3105,0,0,0,,0,002,"DOUGLAS BL","ROSEVILLE PKWY",155.00,E,N,A,-,N,,,,,,,,,,N,4,0,1,2,A,-,03,22350,,N,C,C,A,A,H,-,A,A,0,,,,,Y,,A,01,0,0,1,0,0,0,0,0,0,"- ","- ",,,PLACER,ROSEVILLE,-121.23542022705078,38.744033813476562
9829793,2025,2025-07-18,3105,2025-06-27,1442,1220,,5,5,5,3105,0,0,0,,0,002,"AUTOMALL DR","SUNRISE AV",0.00,,Y,A,-,N,,,,,,,,,,Y,3,0,1,3,A,-,12,21453,A,N,A,C,A,A,H,-,A,A,0,,,,,Y,,A,07,0,1,0,0,0,0,0,0,0,"- ","- ",,,PLACER,ROSEVILLE,-121.25936126708984,38.753269195556641
9829809,2025,2025-08-20,3104,2025-07-11,1558,324,17,5,5,4,3104,0,0,0,,0,003,"SUNSET BL","WEST OAKS BL",0.00,,Y,A,-,N,,,,,,,,,,Y,4,0,1,2,A,-,12,21453,A,N,D,C,A,A,H,-,A,A,0,,,,,Y,,A,01,0,0,1,0,0,0,0,0,0,"- ","- ",38.810970306396484,-121.28369903564453,PLACER,ROCKLIN,-121.28376770019531,38.811069488525391
9829819,2025,2025-08-21,3105,2025-07-06,2253,1235,,7,5,5,3105,0,0,0,,0,002,"EAST ROSEVILLE PKWY","N CIRBY WAY",0.00,,Y,A,-,N,,,,,,,,,,Y,4,0,1,2,A,-,03,22350,,N,C,C,A,A,H,-,C,A,0,,,,,Y,,A,01,0,0,1,0,0,0,0,0,0,"- ","- ",,,PLACER,ROSEVILLE,-121.23155975341797,38.731498718261719
9829880,2025,2025-07-14,3101,2025-06-13,2500,A824,AU12,5,5,3,3101,0,0,0,,0,0A1,"GRASS VALLEY HWY","SAWYER ST",0.00,,N,A,-,Y,PLA,3,49,-,-,3.280,H,-,N,Y,3,0,1,2,A,-,03,22350,,N,C,C,A,A,D,-,A,D,0,,,,,Y,,A,01,0,1,0,0,0,0,0,0,0,"- ","- ",38.901290893554688,-121.07478332519531,PLACER,AUBURN,-121.0751953125,38.901290893554688
9831005,2025,2025-08-25,3105,2025-07-10,1705,3088,,4,5,5,3105,0,0,0,,0,005,"PLEASANT GROVE BL","FAIRWAY DR",667.00,W,N,A,-,N,,,,,,,,,,N,4,0,2,2,A,-,04,21703,,N,C,C,A,A,H,-,A,A,0,,,,,Y,,A,01,0,0,2,0,0,0,0,0,0,"- ","- ",,,PLACER,ROSEVILLE,-121.28306579589844,38.787982940673828
9831008,2025,2025-08-25,3101,2025-07-08,1456,A607,AU15,2,5,3,3101,0,0,0,,0,0A1,"AURBURN RAVINE RD","AUBURN RAVIN RD 771",0.00,,Y,A,-,N,,,,,,,,,,Y,3,0,1,1,A,-,03,22350,A,N,H,A,A,A,H,-,A,D,0,,,Y,,Y,,C,02,0,1,0,0,0,0,0,0,1,"- ","- ",38.911998748779297,-121.07399749755859,PLACER,AUBURN,,
9831549,2025,2025-07-08,3105,2025-06-21,"212 ",1193,,6,5,5,3105,0,0,0,,0,003,"VERNON ST",5TH,150.00,N,N,A,-,N,,,,,,,,,,Y,3,0,1,3,A,-,01,23152,A,N,A,C,A,A,H,-,C,D,0,,,,,Y,Y,-,,0,1,0,0,0,0,0,0,0,"- ","- ",,,PLACER,ROSEVILLE,-121.29780578613281,38.738353729248047
9831550,2025,2025-07-08,3105,2025-06-16,1531,1229,,1,5,5,3105,0,0,0,,0,006,"PLEASANT GROVE BL","FIDDYMENT RD",325.00,E,N,A,-,N,,,,,,,,,,Y,4,0,2,2,A,-,09,21802,A,N,D,C,A,A,H,-,A,A,0,,,,,Y,,A,01,0,0,2,0,0,0,0,0,0,"- ","- ",,,PLACER,ROSEVILLE,-121.35758972167969,38.766288757324219
9831559,2025,2025-07-08,3104,2025-06-20,1930,283,36,5,5,4,3104,0,0,0,,0,002,"WHITNEY BL","PARAGON CT",0.00,,Y,A,-,N,,,,,,,,,,N,3,0,1,2,A,-,09,21801,,N,F,C,A,A,H,-,A,D,0,,,Y,,Y,,C,02,0,1,0,0,0,0,0,0,1,"- ","- ",38.787998199462891,-121.25199890136719,PLACER,ROCKLIN,-121.25209045410156,38.788036346435547
9857847,2024,2025-01-06,3105,2024-11-23,1313,1205,,6,5,5,3105,0,0,0,,0,004,"FOOTHILLS BL","MCANALLY DR",410.00,S,N,B,-,N,,,,,,,,,,Y,3,0,2,3,A,-,09,21801,A,N,D,C,A,B,H,-,A,D,0,,,,,Y,,A,01,0,2,0,0,0,0,0,0,0,"- ","- ",,,PLACER,ROSEVILLE,-121.31095123291016,38.762523651123047
9866645,2025,2025-09-05,3105,2025-08-11,1553,1233,,1,5,5,3105,0,0,0,,0,002,"SUNRISE AV","RT 80",0.00,,Y,A,-,Y,PLA,3,80,-,-,1.868,R,3,E,Y,3,0,2,3,A,-,03,22350,,N,C,C,A,A,A,H,A,D,0,,,,,Y,,A,01,0,1,1,0,0,0,0,0,0,"- ",EO,,,PLACER,ROSEVILLE,-121.27153015136719,38.742691040039062
9866899,2025,2025-09-24,3105,2025-04-06,1712,140,,7,5,5,3105,0,0,0,,0,007,"BLUE OAK BL","WOODCREEK OAKS BL",0.00,,Y,A,-,N,,,,,,,,,,Y,1,1,0,2,A,-,09,21804,A,N,D,C,A,A,H,-,A,A,0,,,Y,,Y,,A,01,0,0,0,0,0,0,0,1,0,"- ","- ",,,PLACER,ROSEVILLE,,
9867105,2025,2026-01-07,3105,2025-08-21,1532,1160,,4,5,5,3105,0,0,0,,0,002,"SIERRA COLLEGE BL","HASKELL WY",0.00,,Y,A,-,N,,,,,,,,,,Y,1,1,0,2,A,-,03,22350,,N,D,C,A,A,H,-,A,D,0,,,Y,,Y,,C,02,0,0,0,0,0,0,0,1,0,"- ","- ",,,PLACER,ROSEVILLE,-121.2257080078125,38.723697662353516
9868605,2025,2025-08-11,3105,2025-07-21,1632,1238,,1,5,5,3105,0,0,0,,0,003,"DOUGLAS BL","NEVADA AV",0.00,,Y,A,-,N,,,,,,,,,,Y,4,0,1,2,A,-,09,21801,A,N,B,C,A,A,H,-,A,A,0,,,,,Y,,A,01,0,0,1,0,0,0,0,0,0,"- ","- ",,,PLACER,ROSEVILLE,-121.27948760986328,38.743972778320312
9868608,2025,2025-08-11,3105,2025-07-28,1431,1208,,1,5,5,3105,0,0,0,,0,001,"DOUGLAS BL","SIERRA COLLEGE BL",500.00,W,N,A,-,N,,,,,,,,,,N,4,0,1,2,A,-,07,21658,A,N,B,C,A,A,H,-,A,D,0,,,,,Y,,A,07,0,0,1,0,0,0,0,0,0,"- ","- ",,,PLACER,ROSEVILLE,-121.22797393798828,38.743988037109375
9869008,2025,2025-08-12,3104,2025-07-22,1342,308,42,2,5,4,3104,0,0,0,,0,001,"SIERRA COLLEGE BL","SCHRIBER WY",0.00,,Y,A,-,N,,,,,,,,,,Y,3,0,1,2,A,-,12,21453,,N,D,C,A,A,H,-,A,A,0,,,,,Y,,A,07,0,1,0,0,0,0,0,0,0,"- ","- ",38.798999786376953,-121.20500183105469,PLACER,ROCKLIN,-121.20552062988281,38.799442291259766
9869011,2025,2025-08-12,3104,2025-07-27,"800 ",346,43,7,5,4,3104,0,0,0,,0,001,"DOMINGUEZ RD","BONNEVILLE CIR",0.00,,Y,A,-,N,,,,,,,,,,Y,4,0,1,2,A,-,08,22107,,N,D,C,A,A,H,-,A,D,0,,,,,Y,,A,01,0,0,1,0,0,0,0,0,0,"- ","- ",38.798999786376953,-121.21199798583984,PLACER,ROCKLIN,-121.21385955810547,38.800350189208984
9869305,2025,2025-09-29,3105,2025-08-08,1300,1218,,5,5,5,3105,0,0,0,,0,001,"GALLERIA CIR","ANTELOPE CREEK DR",236.00,S,N,A,-,N,,,,,,,,,,N,4,0,1,2,A,-,08,22107,,N,A,C,A,A,H,-,-,A,0,,,,,Y,,A,01,0,0,1,0,0,0,0,0,0,"- ","- ",,,PLACER,ROSEVILLE,-121.26693725585938,38.772220611572266
9869490,2025,2025-08-29,3105,2025-08-09,2500,1145,,6,5,5,3105,0,0,0,,0,002,"EUREKA RD","E ROSEVILLE PKWY E",0.00,,Y,A,-,N,,,,,,,,,,Y,3,0,2,2,A,-,12,21453,A,N,D,C,A,A,H,-,-,A,0,,,,,Y,,A,01,0,1,1,0,0,0,0,0,0,"- ","- ",,,PLACER,ROSEVILLE,-121.23567962646484,38.736709594726562
9869491,2025,2025-08-29,3105,2025-08-07,1630,1218,,4,5,5,3105,0,0,0,,0,003,"SHARP CIR",BUEUNER,297.00,N,N,A,-,N,,,,,,,,,,N,4,0,1,2,A,-,03,22350,I,N,D,E,A,A,H,-,-,A,0,,,,,Y,,A,01,0,0,1,0,0,0,0,0,0,"- ","- ",,,PLACER,ROSEVILLE,-121.27023315429688,38.752357482910156
9869492,2025,2025-08-29,3105,2025-08-05,"735 ",1110,,2,5,5,3105,0,0,0,,0,007,"E BLUE OAKS BL","S WESTBROOK BL S",0.00,,Y,A,-,N,,,,,,,,,,N,3,0,1,2,A,-,12,21453,A,N,D,G,A,A,H,-,A,A,0,,Y,,,Y,,A,01,0,1,0,0,0,0,1,0,0,"- ","- ",,,PLACER,ROSEVILLE,-121.38712310791016,38.795570373535156
9869495,2025,2025-08-29,3105,2025-08-09,"957 ",1227,,6,5,5,3105,0,0,0,,0,006,"PLEASANT GROVE BL","GABLES CT",3.00,E,N,-,-,N,,,,,,,,,,N,4,0,1,2,A,-,00,21703,I,N,C,C,A,-,-,-,A,A,0,,,,,Y,,A,01,0,0,1,0,0,0,0,0,0,"- ","- ",,,PLACER,ROSEVILLE,,
9869510,2025,2025-08-28,3105,2025-07-27,1744,1230,,7,5,5,3105,0,0,0,,0,001,"ROSEVILLE PKWY","RESERVE DR",0.00,,Y,A,-,N,,,,,,,,,,N,4,0,2,2,A,-,03,22350,,N,C,C,A,A,H,-,A,A,0,,,,,Y,,A,07,0,0,2,0,0,0,0,0,0,"- ","- ",,,PLACER,ROSEVILLE,-121.26943206787109,38.769985198974609
9869511,2025,2025-08-28,3105,2025-07-23,"800 ",1056,,3,5,5,3105,0,0,0,,0,004,"JUNCTION BL","FOOTHILLS BL",11.00,E,N,A,-,N,,,,,,,,,,N,2,0,1,2,A,-,12,21453,A,N,D,C,A,A,H,-,A,A,0,,,,,Y,,-,,1,0,0,0,0,0,0,0,0,"- ","- ",,,PLACER,ROSEVILLE,-121.30992126464844,38.759178161621094
9869665,2025,2025-09-02,3105,2025-08-15,1002,1235,,5,5,5,3105,0,0,0,,0,001,"EAST ROSEVILLE PKWY","SECRET RAVINE PKWY",0.00,,Y,A,-,N,,,,,,,,,,N,4,0,1,2,A,-,12,21453,A,N,B,C,A,A,H,-,A,A,0,,,,,Y,,A,01,0,0,1,0,0,0,0,0,0,"- ","- ",,,PLACER,ROSEVILLE,-121.24774932861328,38.761756896972656
9869666,2025,2025-09-02,3105,2025-08-15,1749,1196,,5,5,5,3105,0,0,0,,0,006,"BASELINE RD","CAROLYN CT",0.00,,Y,A,-,N,,,,,,,,,,Y,3,0,1,2,A,-,03,22350,I,N,C,C,A,A,H,-,A,D,0,,,,,Y,,A,01,0,1,0,0,0,0,0,0,0,"- ","- ",,,PLACER,ROSEVILLE,-121.33934020996094,38.751857757568359
9869668,2025,2025-09-02,3105,2025-08-20,1303,1214,,3,5,5,3105,0,0,0,,0,006,"PARKSIDE WY","DIAMOND CREEK BL",0.00,,Y,A,-,N,,,,,,,,,,N,3,0,1,2,A,-,10,21950,A,N,G,B,B,A,H,-,A,D,0,Y,,,,Y,,-,,0,1,0,0,1,0,0,0,0,"- ","- ",,,PLACER,ROSEVILLE,-121.33394622802734,38.7978515625
9869671,2025,2025-09-02,3105,2025-08-09,"858 ",1240,,6,5,5,3105,0,0,0,,0,006,"MEADOW OAKS DR","RAMPART DR",0.00,,Y,A,-,N,,,,,,,,,,N,3,0,1,2,A,-,11,21954,A,N,G,C,E,A,H,-,A,A,0,Y,,,,Y,,N,60,0,1,0,0,1,0,0,0,0,"- ","- ",,,PLACER,ROSEVILLE,-121.26643371582031,38.731643676757812
9869675,2025,2025-09-11,3105,2025-08-18,1330,1231,,1,5,5,3105,0,0,0,,0,006,"AMERICANA DR","PROVIDENCE WY",0.00,,Y,A,-,N,,,,,,,,,,N,3,0,1,2,A,-,17,21235,G,N,D,-,A,A,H,-,A,D,0,,,,,Y,,M,94,0,1,0,0,0,0,0,0,0,"- ","- ",,,PLACER,ROSEVILLE,-121.31394195556641,38.75775146484375
9869677,2025,2025-09-02,3105,2025-08-03,1339,1240,,7,5,5,3105,0,0,0,,0,006,"DEL WEBB BL","SUN CITY BL",0.00,,Y,A,-,N,,,,,,,,,,Y,3,0,2,2,A,-,12,22450,A,N,D,C,A,A,H,-,A,A,0,,,,,Y,,A,01,0,1,1,0,0,0,0,0,0,"- ","- ",,,PLACER,ROSEVILLE,-121.35462188720703,38.776851654052734
9869678,2025,2025-09-02,3105,2025-08-04,"715 ",3066,,1,5,5,3105,0,0,0,,0,006,"BASELINE RD","BRADY LN",293.00,E,N,A,-,N,,,,,,,,,,N,4,0,1,2,A,-,00,21650,I,N,G,G,A,A,H,-,A,D,0,,,Y,,Y,,O,05,0,0,1,0,0,0,0,0,1,"- ","- ",,,PLACER,ROSEVILLE,-121.31282043457031,38.751853942871094
9869680,2025,2025-09-02,3105,2025-08-05,"943 ",3066,,2,5,5,3105,0,0,0,,0,002,"EAST ROSEVILLE PKWY","EUREKA RD",0.00,,Y,A,-,N,,,,,,,,,,N,3,0,1,2,A,-,10,21950,A,N,G,B,B,A,-,-,A,A,0,Y,,,,Y,,A,01,0,1,0,0,1,0,0,0,0,"- ","- ",,,PLACER,ROSEVILLE,-121.23567962646484,38.736709594726562
9869712,2025,2025-08-29,3105,2025-07-11,2017,1209,,5,5,5,3105,0,0,0,,0,007,"WESTBROOK BL","BLUE OAKS BL",0.00,,Y,A,-,N,,,,,,,,,,N,3,0,1,2,A,-,11,21453,D,N,D,G,A,A,-,-,B,A,0,,Y,,,Y,,L,04,0,1,0,0,0,0,1,0,0,"- ","- ",,,PLACER,ROSEVILLE,-121.38712310791016,38.795570373535156
9869714,2025,2025-08-29,3105,2025-07-28,2500,3088,,1,5,5,3105,0,0,0,,0,002,"DOUGLAS BL","SANTA CLARA DR",337.00,W,N,A,-,N,,,,,,,,,,N,4,0,1,2,A,-,17,21209,,F,B,G,A,A,H,-,A,D,0,,Y,,,Y,,-,,0,0,1,0,0,0,1,0,0,"- ","- ",,,PLACER,ROSEVILLE,-121.26335906982422,38.744163513183594
9870172,2025,2025-08-25,3105,2025-07-31,1555,3088,,4,5,5,3105,0,0,0,,0,003,"ATLANTIC ST","TIGER WY",46.00,E,N,A,-,N,,,,,,,,,,N,4,0,1,2,A,-,03,22350,,N,C,C,A,A,H,-,A,A,0,,,,,Y,,A,07,0,0,1,0,0,0,0,0,0,"- ","- ",,,PLACER,ROSEVILLE,-121.27373504638672,38.756629943847656
9870200,2025,2025-08-25,3105,2025-08-02,1404,1188,,6,5,5,3105,0,0,0,,0,006,"PLEASANT GROVE BL","FOOTHILLS BL",182.00,E,N,A,D,N,,,,,,,,,,Y,4,0,1,4,A,-,03,22350,,N,C,C,A,-,H,-,A,A,0,,,,,Y,,A,07,0,0,1,0,0,0,0,0,0,"- ","- ",,,PLACER,ROSEVILLE,-121.31224060058594,38.772449493408203
9870224,2025,2025-09-02,3105,2025-08-01,1257,1234,,5,5,5,3105,0,0,0,,0,004,"WASHINGTON BL","SAWTELL RD",0.00,,Y,A,-,N,,,,,,,,,,N,4,0,1,2,A,-,12,21453,A,N,D,C,A,A,H,-,-,A,0,,,,Y,Y,,A,07,0,0,1,0,0,0,0,0,0,"- ","- ",,,PLACER,ROSEVILLE,-121.29618835449219,38.762901306152344
9870426,2025,2025-09-23,3105,2025-08-13,1429,3066,,3,5,5,3105,0,0,0,,0,002,"DOUGLAS BL","SUNRISE AV",131.00,W,N,A,-,N,,,,,,,,,,N,4,0,2,2,A,-,03,22350,,F,C,C,A,A,H,-,A,A,0,,,,,Y,,A,07,0,0,2,0,0,0,0,0,0,"- ","- ",,,PLACER,ROSEVILLE,-121.26666259765625,38.744098663330078
9870532,2025,2025-09-17,3105,2025-08-27,"844 ",1218,,3,5,5,3105,0,0,0,,0,006,"JUNCTION BL","KENMARE CT",0.00,,Y,A,-,N,,,,,,,,,,Y,3,0,1,2,A,-,08,22107,,N,D,C,A,A,H,-,-,A,0,,,,,Y,,A,01,0,1,0,0,0,0,0,0,0,"- ","- ",,,PLACER,ROSEVILLE,-121.33055114746094,38.75689697265625
9870533,2025,2025-09-17,3105,2025-08-31,"945 ",595,,7,5,5,3105,0,0,0,,0,004,"WASHINGTON BL","LINCOLN ST",0.00,,Y,A,-,N,,,,,,,,,,Y,4,0,1,2,A,-,09,21803,A,N,D,C,A,A,H,-,A,A,0,,,,,Y,,-,,0,0,1,0,0,0,0,0,0,"- ","- ",,,PLACER,ROSEVILLE,-121.28859710693359,38.756988525390625
9870534,2025,2025-09-17,3105,2025-08-24,1200,1197,,7,5,5,3105,0,0,0,,0,005,"PLEASANT GROVE BL","FAIRWAY DR",610.00,S,N,A,-,N,,,,,,,,,,Y,4,0,2,4,A,-,08,22107,,N,B,C,A,A,H,-,A,A,0,,,Y,,Y,,A,01,0,0,2,0,0,0,0,0,0,"- ","- ",,,PLACER,ROSEVILLE,-121.282958984375,38.788108825683594
9870538,2025,2025-09-17,3105,2025-08-30,2500,1203,,6,5,5,3105,0,0,0,,0,004,"MAIN ST","DURANTA ST",27.00,W,N,A,-,N,,,,,,,,,,Y,3,0,1,2,A,-,01,23152,A,N,B,E,A,A,H,-,C,D,0,,,,,Y,Y,A,01,0,1,0,0,0,0,0,0,0,"- ","- ",,,PLACER,ROSEVILLE,-121.29625701904297,38.751876831054688
9874023,2025,2025-10-02,3105,2025-09-04,1757,3088,,4,5,5,3105,0,0,0,,0,004,"ATKINSON ST","DENIO LOOP",471.00,E,N,A,-,N,,,,,,,,,,N,4,0,1,2,A,-,03,22350,,N,C,C,A,A,H,-,A,D,0,,,,,Y,,A,01,0,0,1,0,0,0,0,0,0,"- ","- ",,,PLACER,ROSEVILLE,-121.30310821533203,38.738960266113281