CASE_ID,ACCIDENT_YEAR,PROC_DATE,JURIS,COLLISION_DATE,COLLISION_TIME,OFFICER_ID,REPORTING_DISTRICT,DAY_OF_WEEK,CHP_SHIFT,POPULATION,CNTY_CITY_LOC,SPECIAL_COND,BEAT_TYPE,CHP_BEAT_TYPE,CITY_DIVISION_LAPD,CHP_BEAT_CLASS,BEAT_NUMBER,PRIMARY_RD,SECONDARY_RD,DISTANCE,DIRECTION,INTERSECTION,WEATHER_1,WEATHER_2,STATE_HWY_IND,CALTRANS_COUNTY,CALTRANS_DISTRICT,STATE_ROUTE,ROUTE_SUFFIX,POSTMILE_PREFIX,POSTMILE,LOCATION_TYPE,RAMP_INTERSECTION,SIDE_OF_HWY,TOW_AWAY,COLLISION_SEVERITY,NUMBER_KILLED,NUMBER_INJURED,PARTY_COUNT,PRIMARY_COLL_FACTOR,PCF_CODE_OF_VIOL,PCF_VIOL_CATEGORY,PCF_VIOLATION,PCF_VIOL_SUBSECTION,HIT_AND_RUN,TYPE_OF_COLLISION,MVIW,PED_ACTION,ROAD_SURFACE,ROAD_COND_1,ROAD_COND_2,LIGHTING,CONTROL_DEVICE,CHP_ROAD_TYPE,PEDESTRIAN_ACCIDENT,BICYCLE_ACCIDENT,MOTORCYCLE_ACCIDENT,TRUCK_ACCIDENT,NOT_PRIVATE_PROPERTY,ALCOHOL_INVOLVED,STWD_VEHTYPE_AT_FAULT,CHP_VEHTYPE_AT_FAULT,COUNT_SEVERE_INJ,COUNT_VISIBLE_INJ,COUNT_COMPLAINT_PAIN,COUNT_PED_KILLED,COUNT_PED_INJURED,COUNT_BICYCLIST_KILLED,COUNT_BICYCLIST_INJURED,COUNT_MC_KILLED,COUNT_MC_INJURED,PRIMARY_RAMP,SECONDARY_RAMP,LATITUDE,LONGITUDE,COUNTY,CITY,POINT_X,POINT_Y
90085114,2015,2015-12-30,9221,2015-12-29,0125,017979,,2,3,9,3100,0,1,1,,2,386,"I-80 E/B","DRUM FOREBAY O/C",3168.00,E,N,B,-,Y,,,80,,,,,,E,Y,3,0,1,1,A,-,01,23152,A,N,E,I,A,A,H,-,D,D,0,,,,Y,Y,Y,G,25,0,1,0,0,0,0,0,0,0,"- ","- ",39.244169999999997,-120.74775,PLACER,UNINCORPORATED,-120.74776325000001,39.24420422
90088095,2015,2016-01-05,9220,2015-12-16,1820,014611,,3,2,9,3100,0,1,3,,1,249,"HWY 49 S/B","MARGUERITE MINE RD",40.00,N,N,A,-,Y,,,,,,,,,,N,4,0,1,5,A,-,03,22350,,N,C,C,A,A,H,-,C,A,0,,,,,Y,,A,01,0,0,1,0,0,0,0,0,0,"- ","- ",,,PLACER,UNINCORPORATED,,
90088525,2015,2016-01-07,9221,2015-12-26,1110,014821,,6,1,9,3100,0,1,1,,2,384,"INTERSTATE 80 E/B","CAPE HORN RD",8448.00,W,N,A,-,Y,,,80,,,,,,E,Y,3,0,4,4,A,-,04,21703,,F,C,C,A,A,H,-,A,D,0,,,,,Y,,A,07,0,1,3,0,0,0,0,0,0,"- ","- ",39.125230000000002,-120.93895999999999,PLACER,UNINCORPORATED,-120.93896929,39.125236119999997
90090772,2016,2016-01-07,9220,2016-01-06,1530,013794,,3,2,5,3105,0,1,1,,2,281,"I-80 (E/B)","SR-65 O/C",1056.00,W,N,B,-,Y,,,,,,,,,,N,4,0,1,2,A,-,07,21658,A,N,C,C,A,B,H,-,A,D,0,,,,,Y,,A,01,0,0,1,0,0,0,0,0,0,"- ","- ",,,PLACER,ROSEVILLE,,
90090890,2016,2016-01-07,9221,2016-01-01,1315,013036,,5,1,9,3100,0,1,1,,2,384,"I-80 (EASTBOUND)","CAPE HORN EAST",6336.00,W,N,A,-,Y,,,80,,,,,,,Y,4,0,4,3,A,-,03,22350,,N,C,C,A,A,H,-,A,D,0,,,,,Y,,A,01,0,0,4,0,0,0,0,0,0,"- ","- ",39.130670000000002,-120.93647,PLACER,UNINCORPORATED,-120.93643307000001,39.13065984
90091202,2016,2016-01-08,9221,2016-01-07,0105,018376,,4,3,9,3100,0,1,1,,2,385,"I-80 E/B","BAXTER ROAD O/C",92.00,E,N,D,-,Y,,,80,,,,,,E,Y,3,0,1,1,A,-,03,22350,,N,E,I,A,C,H,-,C,D,0,,,,,Y,,A,07,0,1,0,0,0,0,0,0,0,"- ","- ",39.214750000000002,-120.77649,PLACER,UNINCORPORATED,-120.77656694,39.214841079999999
90092071,2015,2016-01-11,9220,2015-12-05,1720,014611,,6,2,2,3106,0,2,S,,2,901,"SIERRA COLLEGE BLVD.","KING ROAD",2000.00,N,N,A,-,N,,,,,,,,,,Y,4,0,2,2,A,-,09,21801,A,N,D,C,A,A,H,-,D,D,0,,,,,Y,,A,07,0,0,2,0,0,0,0,0,0,"- ","- ",38.830559999999998,-121.21774000000001,PLACER,LOOMIS,-121.21757976000001,38.830419980000002
90092165,2016,2016-01-11,9220,2016-01-08,1605,016654,,5,2,9,3100,0,3,5,,2,010,"ATHENS AVE","FOOTHILLS BLVD. NORTH",158.00,W,N,A,-,N,,,,,,,,,,Y,4,0,1,2,A,-,09,21804,A,N,D,C,A,A,H,-,A,D,0,,,,,Y,,A,01,0,0,1,0,0,0,0,0,0,"- ","- ",38.839199999999998,-121.33162,PLACER,UNINCORPORATED,-121.32645472999999,38.838985950000001
90093107,2016,2016-01-12,9220,2016-01-05,0450,014282,,2,3,9,3100,0,1,3,,1,249,SR-49,"DRY CREEK RD",100.00,S,N,B,C,Y,,,49,,,,,,,Y,3,0,3,2,A,-,03,22350,,N,A,C,A,B,H,-,C,A,0,,,,,Y,,A,01,0,2,1,0,0,0,0,0,0,"- ","- ",38.956029999999998,-121.10111999999999,PLACER,UNINCORPORATED,-121.10119213,38.956015540000003
90094176,2016,2016-01-13,9220,2016-01-09,1420,15060,,6,2,4,3104,0,1,1,,2,281,"I-80 W/B",SR-65,2640.00,E,N,B,C,Y,,,,,,,,,,Y,4,0,2,2,A,-,03,22350,,N,C,C,A,B,H,-,A,D,0,,,,,Y,,A,01,0,0,2,0,0,0,0,0,0,"- ","- ",,,PLACER,ROCKLIN,,
90095308,2016,2016-01-14,9220,2016-01-05,1725,015239,,2,2,9,3100,0,2,4,,1,014,"PFE ROAD","COOK RIOLO ROAD",20.00,W,N,B,C,N,,,,,,,,,,N,3,0,1,2,A,-,11,21956,,N,G,B,D,B,H,-,C,A,0,Y,,,,Y,,N,60,0,1,0,0,1,0,0,0,0,"- ","- ",,,PLACER,UNINCORPORATED,-121.33696011000001,38.729020679999998
9009545,2019,2020-02-18,3105,2019-12-10,1649,1095,,2,5,5,3105,0,0,0,,0,005,"PLEASANT GROVE BL","HIGHLAND POINT DR",11.00,W,N,A,-,N,,,,,,,,,,Y,4,0,1,2,A,-,07,21658,A,N,B,C,A,A,H,-,C,A,0,,,,,Y,,A,01,0,0,1,0,0,0,0,0,0,"- ","- ",38.783298492431641,-121.28671264648438,PLACER,ROSEVILLE,-121.28652191162109,38.783176422119141
90097846,2016,2016-01-19,9221,2016-01-15,1755,017979,,5,2,9,3100,0,1,1,,2,384,"I-80 W/B","SR-174 O/C",300.00,E,N,B,-,Y,,,80,,,,,,W,Y,4,0,4,2,A,-,01,23152,A,N,C,C,A,A,H,-,D,D,0,,,,,Y,Y,A,07,0,0,4,0,0,0,0,0,0,"- ","- ",39.097029999999997,-120.9496,PLACER,UNINCORPORATED,-120.94949989,39.097016940000003
90098568,2016,2016-01-20,9220,2016-01-14,1210,013257,,4,1,9,3100,0,3,5,,2,030,"VIRGINIA TOWN RD.","COYOTE LANE",344.00,W,N,B,-,N,,,,,,,,,,Y,3,0,1,1,A,-,01,23152,A,N,E,I,A,B,H,-,A,D,0,,,,,Y,Y,D,22,0,1,0,0,0,0,0,0,0,"- ","- ",,,PLACER,UNINCORPORATED,-121.23928877,38.897462760000003
90098617,2016,2016-01-20,9220,2016-01-14,0730,015197,,4,1,9,3100,0,3,5,,2,020,"EAST ROSEVILLE PKWY","ELMHURST DR",12.00,S,N,B,-,N,,,,,,,,,,N,3,0,1,2,A,-,10,21950,A,N,G,B,B,A,H,-,A,D,0,Y,,,,Y,,A,01,0,1,0,0,1,0,0,0,0,"- ","- ",38.727960000000003,-121.21250999999999,PLACER,UNINCORPORATED,-121.21253688,38.727882469999997
90099506,2016,2016-01-21,9221,2016-01-15,0855,018940,,5,1,9,3100,0,1,1,,2,385,"I-80 W/B","DRUM FOREBAY RD",234.00,W,N,B,-,Y,,,80,,,,,,W,Y,4,0,1,2,A,-,03,22350,,N,E,I,A,C,H,-,A,D,0,,,,Y,Y,,A,01,0,0,1,0,0,0,0,0,0,"- ","- ",39.236499999999999,-120.75335,PLACER,UNINCORPORATED,-120.75326013999999,39.236448000000003
9010206,2019,2020-01-07,3105,2019-10-28,1335,1119,,1,5,5,3105,0,0,0,,0,003,"ATLANTIC ST","EAST ST",200.00,W,N,A,-,N,,,,,,,,,,N,4,0,1,2,A,-,03,22350,,N,C,C,A,A,H,-,A,D,0,,,,,Y,,A,01,0,0,1,0,0,0,0,0,0,"- ","- ",,,PLACER,ROSEVILLE,-121.27292633056641,38.756996154785156
9010253,2019,2020-01-02,3105,2019-11-17,1843,1141,,7,5,5,3105,0,0,0,,0,005,"PLEASANT GROVE BL","HIGHLAND POINTE DR",382.00,W,N,A,-,N,,,,,,,,,,Y,4,0,1,2,A,-,09,21804,A,N,B,C,A,A,H,-,C,D,0,,,,,Y,,A,01,0,0,1,0,0,0,0,0,0,"- ","- ",38.781459808349609,-121.28659057617188,PLACER,ROSEVILLE,-121.287109375,38.782272338867188
9010269,2019,2020-01-02,3105,2019-11-08,1645,1140,,5,5,5,3105,0,0,0,,0,002,"SIERRA COLLEGE BL","ANNABELLE AV",0.00,,Y,A,-,N,,,,,,,,,,N,3,0,1,1,D,-,00,,,N,F,A,A,A,H,-,B,D,0,,,Y,,Y,,-,"- ",0,1,0,0,0,0,0,0,1,"- ","- ",38.728748321533203,-121.22669982910156,PLACER,ROSEVILLE,-121.225830078125,38.72760009765625
9010289,2019,2020-01-02,3105,2019-11-16,1730,1141,,6,5,5,3105,0,0,0,,0,005,"PLEASANT GROVE BL","BROOKHAVEN DR",244.00,W,N,A,-,N,,,,,,,,,,Y,4,0,1,2,A,-,03,22350,1,N,C,C,A,A,H,-,C,D,0,,,,,Y,,A,01,0,0,1,0,0,0,0,0,0,"- ","- ",38.775699615478516,-121.29361724853516,PLACER,ROSEVILLE,-121.29857635498047,38.775291442871094
9010297,2019,2020-01-02,3105,2019-11-19,0743,3034,,2,5,5,3105,0,0,0,,0,004,"ALTA VISTA AV","LOS FLORES ST",18.00,N,N,A,-,N,,,,,,,,,,Y,4,0,1,2,A,-,08,22107,1,N,D,C,A,A,H,-,A,A,0,,,,,Y,,A,01,0,0,1,0,0,0,0,0,0,"- ","- ",38.759078979492188,-121.27822113037109,PLACER,ROSEVILLE,-121.27860260009766,38.758720397949219
90103641,2016,2016-01-27,9222,2016-01-24,0630,019477,,7,1,9,3100,0,1,3,,1,016,SR-267,"KINGSWOOD DRIVE",81.00,S,N,B,-,Y,,,267,,,,,,,Y,2,0,5,2,A,-,05,21460,A,N,A,C,A,C,H,-,D,D,0,,,,,Y,,A,07,2,1,2,0,0,0,0,0,0,"- ","- ",39.250340000000001,-120.03466,PLACER,UNINCORPORATED,-120.03459488999999,39.250403710000001
90104513,2016,2016-01-28,9221,2016-01-14,1047,020154,,4,1,9,3100,0,1,1,,2,388,"I-80 W/B","DONNER PASS RD. (RAINBOW RD.)",5280.00,W,N,B,-,Y,,,80,,,,,,W,Y,2,0,2,2,A,-,03,22350,,N,B,C,A,B,H,-,A,D,0,,,,,Y,,A,07,1,1,0,0,0,0,0,0,0,"- ","- ",39.312739999999998,-120.5168,PLACER,UNINCORPORATED,-120.51676565,39.312680329999999
90104750,2016,2016-01-28,9220,2016-01-20,0830,013466,,3,1,5,3105,0,1,1,,2,281,"I-80 E/B","LEAD HILL BL.",200.00,E,N,B,-,Y,,,,,,,,,,Y,4,0,1,2,A,-,07,21658,A,F,E,I,A,B,H,-,A,A,0,,,,,Y,,A,07,0,0,1,0,0,0,0,0,0,"- ","- ",,,PLACER,ROSEVILLE,-121.26529264,38.752219760000003
90107252,2016,2016-02-02,9220,2016-01-22,1845,012412,,5,2,9,3100,0,3,5,,2,050,"BELL ROAD","HERITAGE OAK LN",35.00,E,N,B,C,N,,,,,,,,,,N,2,0,1,2,A,-,11,21954,A,N,G,B,D,B,H,-,C,D,0,Y,,,,Y,Y,N,60,1,0,0,0,1,0,0,0,0,"- ","- ",38.941890000000001,-121.09866,PLACER,UNINCORPORATED,-121.09871699,38.941912649999999
90109260,2016,2016-02-04,9220,2016-02-02,1815,013794,,2,2,4,3104,0,1,1,,2,281,"I-80 (W/B)","SR-65 O/C",1584.00,E,N,B,-,Y,,,,,,,,,,Y,4,0,1,2,A,-,03,22350,,N,C,C,A,B,H,-,D,D,0,,,,,Y,Y,A,01,0,0,1,0,0,0,0,0,0,"- ","- ",,,PLACER,ROCKLIN,,
90115671,2016,2016-02-16,9220,2016-02-03,1630,013794,,3,2,5,3105,0,1,1,,2,281,"I-80 (W/B)","CIRBY WAY O/C",800.00,E,N,B,-,Y,,,,,,,,,,Y,4,0,1,2,A,-,03,22350,,N,C,C,A,A,H,-,A,D,0,,,,,Y,,A,01,0,0,1,0,0,0,0,0,0,"- ","- ",,,PLACER,ROSEVILLE,-121.28363181,38.731082630000003
90116198,2016,2016-02-16,9220,2016-01-31,1252,013466,,7,1,4,3104,0,1,1,,2,281,"I-80 W/B",SR-65,2112.00,E,N,A,-,Y,,,,,,,,,,Y,4,0,3,3,A,-,03,22350,,N,C,C,A,A,H,-,A,A,0,,,,,Y,,D,22,0,0,3,0,0,0,0,0,0,"- ","- ",,,PLACER,ROCKLIN,,
90116213,2016,2016-02-16,9220,2016-02-09,0855,013466,,2,1,5,3105,0,1,1,,2,281,"I-80 E/B","DOUGLAS BL.",2112.00,W,N,A,-,Y,,,,,,,,,,Y,4,0,1,2,A,-,03,22350,,N,C,C,A,A,H,-,A,A,0,,,,,Y,,A,01,0,0,1,0,0,0,0,0,0,"- ","- ",,,PLACER,ROSEVILLE,-121.2744747,38.739119719999998
90118302,2016,2016-02-18,9220,2016-02-13,1215,013257,,6,1,4,3104,0,1,3,,1,265,"SR-65 N/B","TAYLOR RD",200.00,S,N,A,-,Y,,,,,,,,,,N,4,0,2,2,A,-,07,21658,A,N,C,C,A,A,H,-,A,D,0,,,,,Y,,A,01,0,0,2,0,0,0,0,0,0,"- ","- ",,,PLACER,ROCKLIN,,
90118796,2016,2016-02-18,9220,2016-02-14,0425,012546,9220,7,3,5,3105,0,1,1,,2,281,"I-80 E/B","LEAD HILL BLVD",1584.00,W,N,A,-,Y,,,80,,,,,,E,Y,4,0,1,2,A,-,01,23152,A,N,C,C,A,A,H,-,D,A,0,,,,,Y,Y,A,01,0,0,1,0,0,0,0,0,0,"- ","- ",38.748660000000001,-121.26743999999999,PLACER,ROSEVILLE,-121.26755141,38.748735349999997
90120380,2016,2016-02-22,9220,2016-01-01,1230,014611,,5,1,9,3100,0,2,4,,2,042,"MOUNT VERNON RD","VISTA ROBLE DR",1500.00,W,N,A,-,N,,,,,,,,,,Y,3,0,3,2,A,-,03,22350,,N,A,C,A,A,H,-,A,D,0,,,,,Y,,A,01,0,2,1,0,0,0,0,0,0,"- ","- ",,,PLACER,UNINCORPORATED,-121.11842649,38.926244879999999
90120840,2015,2016-02-22,9220,2015-10-23,1520,014611,,5,2,9,3100,0,2,4,,2,051,"PLACER HILLS RD","LAKE ARTHUR RD",968.00,N,N,A,-,N,,,,,,,,,,Y,1,1,0,2,A,-,08,22107,,N,B,C,A,A,H,-,A,D,0,,,,,Y,,A,01,0,0,0,0,0,0,0,0,0,"- ","- ",38.970570000000002,-121.01911,PLACER,UNINCORPORATED,-121.02000045,38.973120950000002
90121127,2016,2016-02-22,9222,2016-02-16,1055,017091,,2,1,9,3100,0,1,3,,1,011,"STATE ROUTE 89","FAWN STREET",33.00,S,N,A,-,Y,,,89,,,,,,,Y,4,0,1,2,A,-,03,22350,,N,C,C,A,A,H,-,A,D,0,,,,Y,Y,,F,26,0,0,1,0,0,0,0,0,0,"- ","- ",39.08446,-120.15962,PLACER,UNINCORPORATED,-120.15967236,39.084434610000002
90121399,2016,2016-02-23,9222,2016-02-15,1628,017515,,1,2,9,3100,0,1,3,,1,013,"STATE ROUTE 89 SOUTH","WEST RIVER STREET",5808.00,S,N,A,-,Y,,,89,,,,,,,Y,3,0,1,1,A,-,01,23152,A,N,E,I,A,A,H,-,A,D,0,,,,,Y,Y,A,01,0,1,0,0,0,0,0,0,0,"- ","- ",39.298639999999999,-120.20547000000001,PLACER,UNINCORPORATED,-120.20556388999999,39.298661420000002
90125614,2016,2016-02-29,9220,2016-02-16,1800,013794,,2,2,5,3105,0,1,1,,2,281,"I-80 (W/B) FROM ATLANTIC STREET","ATLANTIC STREET O/C",900.00,W,N,A,-,Y,,,,,,,,,,Y,4,0,1,2,A,-,03,22350,,N,C,C,A,A,H,-,D,A,0,,,,,Y,,A,01,0,0,1,0,0,0,0,0,0,"- ","- ",,,PLACER,ROSEVILLE,,
90125805,2016,2016-02-29,9220,2016-02-25,1740,15060,,4,2,5,3105,0,1,1,,2,281,"I-80 W/B FROM RIVERSIDE AVE.","RIVERSIDE AVE.",528.00,W,N,A,-,Y,,,80,,,,R,,W,Y,3,0,3,2,A,-,03,22350,,N,C,C,A,A,H,-,B,D,0,,,,,Y,,A,01,0,1,2,0,0,0,0,0,0,"- ","- ",38.723350000000003,-121.29237000000001,PLACER,ROSEVILLE,-121.29237000000001,38.723350000000003
90128475,2016,2016-03-03,9222,2016-02-29,0920,017091,,1,1,9,3100,0,1,3,,1,016,"STATE ROUTE 267","HIGHLANDS VIEW ROAD",2112.00,S,N,A,-,Y,,,267,,,,,,,N,4,0,1,2,A,-,04,21703,,N,C,C,A,A,H,-,A,D,0,,,,,Y,,A,07,0,0,1,0,0,0,0,0,0,"- ","- ",39.27722,-120.10281999999999,PLACER,UNINCORPORATED,-120.10287275,39.277187269999999
9012873,2019,2019-12-28,3105,2019-04-18,1905,1077,,4,5,5,3105,0,0,0,,0,006,"JUNCTION BL","CARNELIAN RD",243.00,S,N,A,-,N,,,,,,,,,,N,3,0,1,2,A,-,09,21804,A,N,G,B,D,A,H,-,A,D,0,Y,,,,Y,,A,01,0,1,0,0,1,0,0,0,0,"- ","- ",38.754650115966797,-121.35356140136719,PLACER,ROSEVILLE,-121.35169982910156,38.754833221435547
90132426,2016,2016-03-09,9220,2016-02-26,1230,013257,,5,1,9,3100,0,3,5,,2,010,"FIDDYMENT RD. N/B","SUNSET BLVDW",2640.00,S,N,A,-,N,,,,,,,,,,Y,4,0,2,2,A,-,03,22350,,N,C,C,A,A,C,-,A,D,0,,,,,Y,,A,01,0,0,2,0,0,0,0,0,0,"- ","- ",,,PLACER,UNINCORPORATED,-121.34932637,38.817303879999997
9013341,2019,2020-01-07,3105,2019-02-12,1930,1105,,2,5,5,3105,0,0,0,,0,004,"N FOOTHILLS BL","E SWITCHMAN DR",0.00,,Y,A,-,N,,,,,,,,,,Y,4,0,3,2,A,-,09,21801,A,N,D,C,A,A,H,-,C,A,0,,,,,Y,,A,07,0,0,3,0,0,0,0,0,0,"- ","- ",38.749969482421875,-121.30937194824219,PLACER,ROSEVILLE,-121.30940246582031,38.749961853027344
9013444,2019,2020-01-09,3105,2019-02-13,1856,1018,,3,5,5,3105,0,0,0,,0,003,"HARDING BL","MAHAN CT",329.00,S,N,B,C,N,,,,,,,,,,Y,4,0,1,2,A,-,09,21801,A,N,A,C,A,B,H,-,C,D,0,,,,,Y,,A,01,0,0,1,0,0,0,0,0,0,"- ","- ",38.748958587646484,-121.27046966552734,PLACER,ROSEVILLE,-121.27006530761719,38.748760223388672
90134919,2016,2016-03-11,9221,2016-03-04,1120,013036,,5,1,9,3100,0,1,1,,2,384,"INTERSTATE 80(WESTBOUND)","CAPE HORN E",2112.00,W,N,C,-,Y,,,80,,,,,,,Y,4,0,1,1,A,-,03,22350,,N,F,I,A,B,H,-,A,A,0,,,,,Y,,A,07,0,0,1,0,0,0,0,0,0,"- ","- ",39.139009999999999,-120.92682000000001,PLACER,UNINCORPORATED,-120.9268254,39.139040700000002
9013943,2019,2020-01-14,3105,2019-01-27,1033,1123,,7,5,5,3105,0,0,0,,0,005,"FOOTHILLS BL","JUNCTION BL",0.00,,Y,A,-,N,,,,,,,,,,Y,4,0,1,3,A,-,12,21453,A,N,D,C,A,A,H,-,A,A,0,,,,,Y,,A,01,0,0,1,0,0,0,0,0,0,"- ","- ",,,PLACER,ROSEVILLE,-121.30995941162109,38.759178161621094
9013967,2019,2020-01-14,3105,2019-02-03,1048,140,,7,5,5,3105,0,0,0,,0,003,"VERNON ST",BRITTAIN,0.00,,Y,B,C,N,,,,,,,,,,N,4,0,2,2,A,-,03,22350,1,N,C,C,A,B,H,-,A,A,0,,,,,Y,,A,01,0,0,2,0,0,0,0,0,0,"- ","- ",38.751510620117188,-121.28141784667969,PLACER,ROSEVILLE,-121.28140258789062,38.751499176025391
90141915,2016,2016-03-23,9220,2016-03-09,1400,15060,,3,2,4,3104,0,1,1,,2,281,"I-80 W/B FROM ROCKLIN RD.","ROCKLIN RD",0.00,,N,B,-,Y,,,,,,,,,,Y,4,0,1,2,A,-,03,22350,,N,C,C,A,A,H,-,A,D,0,,,,,Y,,A,01,0,0,1,0,0,0,0,0,0,"- ","- ",,,PLACER,ROCKLIN,-121.22280993,38.788489970000001
90141960,2016,2016-03-23,9220,2016-03-09,1145,013856,,3,1,9,3100,0,2,4,,2,056,"BELL RD.","PROFESSIONAL DR",0.00,,Y,B,-,Y,,,,,,,,,,Y,3,0,3,2,A,-,12,21453,A,N,A,C,A,A,H,-,A,A,0,,,,,Y,,A,07,0,1,2,0,0,0,0,0,0,"- ","- ",,,PLACER,UNINCORPORATED,-121.10087996999999,38.941899990000003
90142138,2016,2016-03-23,9221,2016-03-10,2020,018376,,4,2,9,3100,0,1,1,,2,385,"I-80 W/B","ALTA BONNYNOOK RD",2112.00,E,N,C,-,Y,,,80,,,,,,W,Y,4,0,1,1,A,-,03,22350,,N,E,I,A,B,H,-,D,D,0,,,,,Y,,A,01,0,0,1,0,0,0,0,0,0,"- ","- ",39.203319999999998,-120.80539,PLACER,UNINCORPORATED,-120.8053834,39.203272560000002
90145854,2016,2016-05-13,9220,2016-03-16,0735,013466,,3,1,2,3103,0,1,3,,1,265,"SR-65 N/B","LINCOLN BL.",1584.00,S,N,A,-,Y,,,,,,,,,,Y,3,0,1,1,A,-,01,23152,E,N,E,I,A,A,H,-,A,A,0,,,,,Y,,A,01,0,1,0,0,0,0,0,0,0,"- ","- ",,,PLACER,LINCOLN,-121.29979245,38.860409560000001
90145916,2016,2016-03-28,9220,2016-03-15,1855,014282,,2,2,9,3100,0,2,4,,2,026,"CAVITT STALLMAN RD","GRANITE MANOR PL",11.00,E,N,A,-,N,,,,,,,,,,Y,3,0,3,2,A,-,09,21801,A,N,A,C,A,A,H,-,B,D,0,,,,,Y,,A,01,0,3,0,0,0,0,0,0,0,"- ","- ",38.766750000000002,-121.19757,PLACER,UNINCORPORATED,-121.19771142,38.766820000000003
90147554,2016,2016-03-30,9220,2016-03-15,1220,012412,,2,1,9,3100,0,1,3,,1,249,"SR-49 GRASS VALLEY HWY","KEMPER RD",420.00,N,N,A,-,Y,,,49,,,,,,,Y,4,0,1,2,A,-,09,21801,A,N,D,C,A,A,H,-,A,D,0,,,,,Y,,D,22,0,0,1,0,0,0,0,0,0,"- ","- ",38.933390000000003,-121.09184,PLACER,UNINCORPORATED,-121.09175492,38.933467759999999
90148039,2016,2016-04-08,9221,2016-03-18,0020,014289,,5,3,9,3100,0,1,S,,2,904,"STATE HIGHWAY 174","LAZZARINI ROAD",199.00,N,N,A,-,Y,,,174,,,,,,,Y,1,1,0,1,A,-,03,22350,,N,E,I,A,A,H,-,D,D,0,,,Y,,Y,,C,02,0,0,0,0,0,0,0,1,0,"- ","- ",39.114440000000002,-120.94987,PLACER,UNINCORPORATED,-120.94993406,39.114469710000002
90150242,2016,2016-04-04,9220,2016-03-21,1310,014282,,1,1,9,3100,0,3,5,,2,010,"SUNSET BLVD WEST","FIDDYMENT RD",7392.00,W,N,B,C,N,,,,,,,,,,Y,3,0,1,1,A,-,08,22107,,N,F,A,A,A,H,-,A,D,0,,,,,Y,,A,01,0,1,0,0,0,0,0,0,0,"- ","- ",38.824440000000003,-121.37474,PLACER,UNINCORPORATED,-121.37521821999999,38.8243996
90152881,2016,2016-04-07,9220,2016-04-01,0615,016668,,5,1,5,3105,0,1,3,,1,265,"SR-65 S/B","PLEASANT GROVE BLVD",1584.00,N,N,A,-,Y,,,,,,,,,,N,4,0,1,1,C,-,18,,,N,E,H,A,A,H,-,B,D,0,,,,,Y,,-,"- ",0,0,1,0,0,0,0,0,0,"- ","- ",,,PLACER,ROSEVILLE,-121.28880411,38.788790749999997
90155626,2016,2016-04-12,9220,2016-02-17,0700,014466,,3,1,9,3100,0,2,4,,2,062,"FORESTHILL ROAD","OLD AUBURN FORESTHILL RD",6864.00,E,N,B,-,N,,,,,,,,,,Y,1,1,1,2,A,-,05,21460,A,N,A,C,A,A,H,-,A,D,0,,,,Y,Y,,A,01,0,0,1,0,0,0,0,0,0,"- ","- ",38.941630000000004,-120.98694999999999,PLACER,UNINCORPORATED,-120.98516459,38.942498469999997
90158549,2016,2016-04-15,9222,2016-03-11,1850,019272,,5,2,9,3100,0,1,3,,1,013,"STATE ROUTE 89 SOUTH","CABIN CREEK RD.",12672.00,S,N,B,F,Y,,,89,,,,,,,Y,1,1,4,5,C,-,18,,,N,A,C,A,C,H,-,D,D,0,,,,,Y,,-,"- ",1,0,3,0,0,0,0,0,0,"- ","- ",39.243859999999998,-120.2106,PLACER,UNINCORPORATED,-120.21059321,39.243862589999999
90160028,2016,2016-04-18,9220,2016-04-09,1245,016668,,6,1,4,3104,0,1,1,,2,281,"I-80 W/B",SR-65,1584.00,E,N,C,-,Y,,,,,,,,,,Y,4,0,1,3,A,-,03,22350,,N,C,C,A,B,H,-,A,D,0,,,,,Y,,A,07,0,0,1,0,0,0,0,0,0,"- ","- ",,,PLACER,ROCKLIN,,
90160745,2016,2016-04-19,9220,2016-04-12,2320,016682,,2,3,9,3100,0,1,3,,1,249,"SR-49 SOUTHBOUND","DRY CREEK RD",0.00,,Y,A,-,Y,,,49,,,,,,S,Y,4,0,1,2,A,-,12,21453,A,N,D,C,A,A,H,-,C,A,0,,,Y,,Y,,C,02,0,0,1,0,0,0,0,0,1,"- ","- ",38.956600000000002,-121.10142999999999,PLACER,UNINCORPORATED,-121.10132007,38.95662385
90160964,2016,2016-04-19,9220,2016-04-12,1205,016654,,2,1,9,3100,0,1,3,,1,249,"SR-49 S/B","BELL RD",20.00,N,N,A,-,Y,,,49,,,,,,S,N,4,0,1,2,A,-,03,22350,,N,C,C,A,A,H,-,A,D,0,,,,Y,Y,,G,25,0,0,1,0,0,0,0,0,0,"- ","- ",38.942700000000002,-121.09780000000001,PLACER,UNINCORPORATED,-121.09732456,38.942842740000003
90165068,2016,2016-04-25,9220,2016-04-20,1034,016654,,3,1,9,3100,0,2,4,,2,077,"AUBURN FOLSOM RD","HORSESHOE BAR RD",20.00,S,N,A,-,N,,,,,,,,,,N,4,0,1,2,A,-,03,22350,,N,C,C,A,A,H,-,A,D,0,,,,,Y,,A,01,0,0,1,0,0,0,0,0,0,"- ","- ",38.811369999999997,-121.12690000000001,PLACER,UNINCORPORATED,-121.12716191,38.811167830000002