CASE_ID,ACCIDENT_YEAR,PROC_DATE,JURIS,COLLISION_DATE,COLLISION_TIME,OFFICER_ID,REPORTING_DISTRICT,DAY_OF_WEEK,CHP_SHIFT,POPULATION,CNTY_CITY_LOC,SPECIAL_COND,BEAT_TYPE,CHP_BEAT_TYPE,CITY_DIVISION_LAPD,CHP_BEAT_CLASS,BEAT_NUMBER,PRIMARY_RD,SECONDARY_RD,DISTANCE,DIRECTION,INTERSECTION,WEATHER_1,WEATHER_2,STATE_HWY_IND,CALTRANS_COUNTY,CALTRANS_DISTRICT,STATE_ROUTE,ROUTE_SUFFIX,POSTMILE_PREFIX,POSTMILE,LOCATION_TYPE,RAMP_INTERSECTION,SIDE_OF_HWY,TOW_AWAY,COLLISION_SEVERITY,NUMBER_KILLED,NUMBER_INJURED,PARTY_COUNT,PRIMARY_COLL_FACTOR,PCF_CODE_OF_VIOL,PCF_VIOL_CATEGORY,PCF_VIOLATION,PCF_VIOL_SUBSECTION,HIT_AND_RUN,TYPE_OF_COLLISION,MVIW,PED_ACTION,ROAD_SURFACE,ROAD_COND_1,ROAD_COND_2,LIGHTING,CONTROL_DEVICE,CHP_ROAD_TYPE,PEDESTRIAN_ACCIDENT,BICYCLE_ACCIDENT,MOTORCYCLE_ACCIDENT,TRUCK_ACCIDENT,NOT_PRIVATE_PROPERTY,ALCOHOL_INVOLVED,STWD_VEHTYPE_AT_FAULT,CHP_VEHTYPE_AT_FAULT,COUNT_SEVERE_INJ,COUNT_VISIBLE_INJ,COUNT_COMPLAINT_PAIN,COUNT_PED_KILLED,COUNT_PED_INJURED,COUNT_BICYCLIST_KILLED,COUNT_BICYCLIST_INJURED,COUNT_MC_KILLED,COUNT_MC_INJURED,PRIMARY_RAMP,SECONDARY_RAMP,LATITUDE,LONGITUDE,COUNTY,CITY,POINT_X,POINT_Y
9051570,2020,2020-05-15,3105,2020-01-20,1731,1107,,1,5,5,3105,0,0,0,,0,001,"TAYLOR RD","EUREKA RD",174.00,N,N,B,-,N,,,,,,,,,,N,4,0,1,3,A,-,03,22350,,N,C,C,A,A,H,-,C,A,0,,,,,Y,,A,01,0,0,1,0,0,0,0,0,0,"- ","- ",38.758258819580078,-121.25950622558594,PLACER,ROSEVILLE,-121.25930786132812,38.757827758789062
90515760,2017,2017-08-03,9221,2017-07-30,1200,018740,,7,1,9,3100,0,1,1,,2,385,"I-80 W/B","BAXTER RD O/C",5808.00,E,N,A,-,Y,,,80,,,,,,W,Y,3,0,1,1,A,-,08,22107,,N,E,I,A,A,H,-,A,D,0,,,,,Y,,E,22,0,1,0,0,0,0,0,0,0,"- ","- ",39.229419999999998,-120.7615,PLACER,UNINCORPORATED,-120.76140866,39.229373789999997
9051579,2020,2020-10-20,3105,2020-01-01,2143,1099,,3,5,5,3105,0,0,0,,0,003,"DOUGLAS BL","RT 80",0.00,,Y,A,-,Y,PLA,3,80,-,-,1.990,R,4,E,N,4,0,1,2,A,-,05,21202,,N,G,G,A,A,H,-,C,A,0,,Y,,,Y,,L,04,0,0,1,0,0,0,1,0,0,"- ",EF,,,PLACER,ROSEVILLE,-121.27050018310547,38.744277954101562
90515800,2017,2017-08-03,9221,2017-07-30,1325,016862,,7,1,9,3100,0,1,1,,2,388,"I-80 W/B","KINGVALE U/C",528.00,W,N,A,-,Y,,,80,,,,,,W,N,4,0,3,2,A,-,04,21703,,N,C,C,A,A,H,-,A,D,0,,,,,Y,,A,01,0,0,3,0,0,0,0,0,0,"- ","- ",39.314169999999997,-120.44905,PLACER,UNINCORPORATED,-120.44905412999999,39.314062569999997
90516522,2017,2017-08-04,9220,2017-07-27,1545,016031,,4,2,9,3100,0,2,4,,2,027,"AUBURN FOLSOM RD","GRANITE ROCK LN",45.00,S,N,A,-,N,,,,,,,,,,Y,3,0,2,3,A,-,03,22350,,N,C,C,A,A,H,-,A,D,0,,,,,Y,,E,22,0,1,1,0,0,0,0,0,0,"- ","- ",38.772210000000001,-121.15309000000001,PLACER,UNINCORPORATED,-121.15246372,38.773160740000002
90519664,2017,2017-08-09,9220,2017-08-07,1740,016685,,1,2,9,3100,0,3,5,,2,060,"TODD VALLEY ROAD","GREEN LEAF LANE",450.00,E,N,A,-,N,,,,,,,,,,N,4,0,1,2,A,-,03,22350,,N,C,C,A,A,H,-,A,D,0,,,,,Y,,D,22,0,0,1,0,0,0,0,0,0,"- ","- ",38.98939,-120.88104,PLACER,UNINCORPORATED,-120.88109765,38.989382249999998
90520742,2017,2017-08-10,9220,2017-08-09,1620,016685,,3,2,9,3100,0,1,1,,2,282,"I-80 E/B","NEWCASTLE ROAD",5280.00,W,N,A,-,Y,,,80,,,,,,E,Y,4,0,2,2,A,-,03,22350,,N,C,C,A,A,H,-,A,D,0,,,,,Y,,A,01,0,0,2,0,0,0,0,0,0,"- ","- ",38.85895,-121.13826,PLACER,UNINCORPORATED,-121.13824311,38.858929629999999
90521101,2017,2017-08-10,9220,2017-08-03,1405,017375,,4,2,4,3104,0,1,1,,2,281,"I-80 W/B","ROCKLIN RD",5280.00,W,N,A,-,Y,,,80,,,,,,W,Y,4,0,1,1,A,-,08,22107,,N,E,I,A,A,H,-,A,D,0,,,,,Y,,A,01,0,0,1,0,0,0,0,0,0,"- ","- ",38.778120000000001,-121.23582,PLACER,ROCKLIN,-121.23578628999999,38.778065759999997
90522716,2017,2017-08-14,9222,2017-08-04,1010,018593,,5,1,9,3100,0,3,5,,2,010,"STATE ROUTE 89","COLWELL ST.",450.00,N,N,A,-,Y,,,89,,,,,,,N,4,0,1,2,A,-,03,22350,,N,C,C,A,A,H,-,A,D,0,,,,,Y,,D,22,0,0,1,0,0,0,0,0,0,"- ","- ",39.071480000000001,-120.14285,PLACER,UNINCORPORATED,-120.14283374999999,39.071503280000002
90524623,2017,2017-08-16,9220,2017-08-11,2245,016419,,5,3,9,3100,0,2,4,,2,066,"MOSQUITO RIDGE RD","FORESTHILL RD.",52800.00,W,N,A,-,N,,,,,,,,,,Y,2,0,2,1,A,-,08,22107,,N,E,I,A,A,H,-,D,D,0,,,,,Y,,A,01,1,0,1,0,0,0,0,0,0,"- ","- ",39.013579999999997,-120.73242,PLACER,UNINCORPORATED,-120.82604000000001,39.019289999999998
90526282,2017,2017-08-18,9220,2017-07-28,1500,014611,,5,2,9,3100,0,3,5,,2,010,"RIOSA RD",SR-65,40.00,W,N,A,-,Y,,,,,,,,,,N,4,0,1,2,A,-,03,22350,,F,C,C,A,A,H,-,A,B,0,,,,,Y,,A,01,0,0,1,0,0,0,0,0,0,"- ","- ",,,PLACER,UNINCORPORATED,-121.37825144,38.981002930000002
90527218,2017,2017-08-21,9220,2017-08-17,1020,013794,,4,1,9,3100,0,2,4,,2,022,"DOUGLAS BOULVARD","BERG STREET",350.00,W,N,A,-,N,,,,,,,,,,Y,4,0,3,2,A,-,03,22350,,N,C,C,A,A,H,-,A,D,0,,,,,Y,,A,01,0,0,3,0,0,0,0,0,0,"- ","- ",,,PLACER,UNINCORPORATED,-121.19987369,38.744155409999998
9052857,2020,2020-03-03,3105,2020-01-04,0845,197,,6,5,5,3105,0,0,0,,0,001,"EAST ROSEVILLE PKWY","OLYMPUS DR",20.00,N,N,C,-,N,,,,,,,,,,N,4,0,1,2,A,-,03,22350,,F,C,C,A,B,H,-,A,A,0,,,,,Y,,A,01,0,0,1,0,0,0,0,0,0,"- ","- ",38.746280670166016,-121.23647308349609,PLACER,ROSEVILLE,-121.23652648925781,38.746326446533203
90530303,2017,2017-08-24,9220,2017-08-16,1830,017397,,3,2,9,3100,0,2,4,,2,022,"DOUGLAS BLVD","BARTON RD",0.00,,Y,A,-,N,,,,,,,,,,Y,3,0,2,3,A,-,01,23152,F,N,D,C,A,A,H,-,A,A,0,,,,,Y,,A,01,0,1,1,0,0,0,0,0,0,"- ","- ",38.744070000000001,-121.18922999999999,PLACER,UNINCORPORATED,-121.18918997,38.744069940000003
90530439,2017,2017-08-24,9220,2017-07-22,0204,016419,,6,3,9,3100,0,1,3,,1,265,"SR-65 NORTHBOUND TO SUNSET BOULEVARD","SUNSET BOULEVARD",1420.00,S,N,A,-,Y,,,65,,,,R,,N,Y,1,1,1,1,A,-,08,22107,,N,E,I,A,A,H,-,C,D,0,,,,,Y,,A,01,1,0,0,0,0,0,0,0,0,"- ","- ",38.813789999999997,-121.29979,PLACER,UNINCORPORATED,-121.29979,38.813789999999997
90534205,2017,2017-08-25,9220,2017-08-21,1456,017397,,1,2,9,3100,0,2,4,,2,022,"DOUGLAS BLVD","QUAIL OAKS DR",200.00,W,N,A,-,N,,,,,,,,,,Y,3,0,1,4,A,-,03,22350,,N,C,C,A,A,H,-,A,D,0,,,,,Y,,A,07,0,1,0,0,0,0,0,0,0,"- ","- ",38.743850000000002,-121.2187,PLACER,UNINCORPORATED,-121.21853126000001,38.743851309999997
90535975,2017,2017-08-29,9220,2017-08-23,1420,012239,,3,2,9,3100,0,1,1,,2,282,"I-80 E/B","SR-193 U/C",528.00,E,N,A,-,Y,,,,,,,,,,Y,4,0,1,2,A,-,03,22350,,N,C,C,A,A,H,-,A,D,0,,,,,Y,,A,01,0,0,1,0,0,0,0,0,0,"- ","- ",38.312109999999997,-121.93003,PLACER,UNINCORPORATED,-121.12399971000001,38.878239479999998
90538814,2017,2017-09-01,9220,2017-08-25,1409,017375,,5,2,9,3100,0,1,1,,2,282,"I-80 E/B","GILARDI RD",1056.00,W,N,A,-,Y,,,,,,,,,,Y,3,0,2,2,A,-,04,21703,,N,C,C,A,A,H,-,A,D,0,,,,,Y,,A,01,0,2,0,0,0,0,0,0,0,"- ","- ",38.523800000000001,-121.1461,PLACER,UNINCORPORATED,-121.14615356,38.852387499999999
90540315,2017,2017-09-05,9220,2017-08-12,2340,012773,,6,3,9,3100,0,1,3,,1,265,"SR-65 S/B","WISE ROAD",4200.00,S,N,A,-,Y,,,,,,,,,,Y,4,0,1,2,A,-,07,21658,A,N,B,C,A,A,H,-,D,D,0,,,,,Y,Y,D,22,0,0,1,0,0,0,0,0,0,"- ","- ",,,PLACER,UNINCORPORATED,,
90540331,2017,2017-09-05,9220,2017-08-09,0930,014611,,3,1,9,3100,0,3,5,,2,050,"WALGRA MEADOWS CIRCLE","OXBOW COURT",500.00,E,N,A,-,N,,,,,,,,,,N,4,0,1,2,D,-,00,,,N,H,A,E,A,H,-,A,D,0,Y,,,,Y,,-,"- ",0,0,1,0,1,0,0,0,0,"- ","- ",,,PLACER,UNINCORPORATED,-121.02291902,39.013027399999999
90540399,2017,2017-09-05,9221,2017-09-02,1620,017818,,6,2,9,3100,0,3,5,,2,070,"CULBERSON RD","DRUM POWERHOUSE RD",5280.00,E,N,A,-,N,,,,,,,,,,Y,2,0,2,1,A,-,01,23152,A,N,F,A,A,A,H,-,A,D,0,,,,,Y,Y,D,22,1,1,0,0,0,0,0,0,0,"- ","- ",39.224310000000003,-120.80704,PLACER,UNINCORPORATED,-120.80778646,39.225074769999999
90543400,2017,2017-09-08,9221,2017-09-02,0945,017669,,6,1,9,3100,0,1,1,,2,385,"I-80 W/B","ALTA UNDER CROSSING",528.00,E,N,A,-,Y,,,80,,,,,,W,Y,3,0,1,1,A,-,03,22406,B,N,E,I,A,A,H,-,A,D,0,,,,,Y,,B,07,0,1,0,0,0,0,0,0,0,"- ","- ",39.203499999999998,-120.7962,PLACER,UNINCORPORATED,-120.79626342,39.203612540000002
90543887,2017,2017-09-08,9220,2017-09-01,1550,013465,,5,2,5,3105,0,1,1,,2,281,"I-80 E/B","LEAD HILL BLVD",430.00,W,N,A,-,Y,,,,,,,,,,Y,4,0,1,3,A,-,03,22350,,N,C,C,A,A,H,-,A,D,0,,,,,Y,,A,01,0,0,1,0,0,0,0,0,0,"- ","- ",38.45232,-121.15589,PLACER,ROSEVILLE,-121.26630410999999,38.750681759999999
90543925,2017,2017-09-08,9220,2017-09-01,1430,15060,,5,2,9,3100,0,2,4,,2,022,"DOUGLAS BLVD.","BARTON RD.",725.00,W,N,A,-,N,,,,,,,,,,Y,4,0,2,4,A,-,03,22350,,N,C,C,A,A,H,-,A,D,0,,,,,Y,,E,22,0,0,2,0,0,0,0,0,0,"- ","- ",38.744219999999999,-121.19105999999999,PLACER,UNINCORPORATED,-121.19173059000001,38.744136990000001
90544859,2017,2017-09-11,9220,2017-09-03,1340,016668,,7,1,5,3105,0,1,3,,1,265,"SR-65 SOUTHBOUND","PLEASANT GROVE BLVD",1056.00,S,N,A,-,Y,,,65,,,,,,S,Y,4,0,1,2,A,-,03,22350,,N,C,C,A,A,H,-,A,D,0,,,,,Y,,A,01,0,0,1,0,0,0,0,0,0,"- ","- ",38.783279999999998,-121.27782999999999,PLACER,ROSEVILLE,-121.27782091,38.783298209999998
90545129,2017,2017-09-11,9220,2017-09-06,0300,017397,,3,3,4,3104,0,1,3,,1,265,"SR-65 N/B","BLUE OAKS BLVD",2600.00,N,N,A,-,Y,,,65,,,,,,N,Y,3,0,2,2,A,-,03,22350,,N,C,C,A,A,H,-,D,D,0,,,,,Y,,A,01,0,1,1,0,0,0,0,0,0,"- ","- ",38.803379999999997,-121.3001,PLACER,ROCKLIN,-121.30010143,38.803379929999998
9054616,2020,2020-06-04,3105,2020-02-11,1455,1099,,2,5,5,3105,0,0,0,,0,001,"ROSEVILLE PKWY","CREEKSIDE RIDGE DR",175.00,W,N,A,-,N,,,,,,,,,,Y,4,0,1,3,A,-,03,22350,I,N,C,C,A,A,H,-,A,D,0,,,,,Y,,D,22,0,0,1,0,0,0,0,0,0,"- ","- ",,,PLACER,ROSEVILLE,-121.26347351074219,38.767425537109375
90552021,2017,2017-09-20,9220,2017-09-04,1320,016031,,1,1,9,3100,0,1,1,,2,282,"I-80 E/B",SR-193,1848.00,E,N,A,-,Y,,,80,,,,,,E,Y,2,0,1,1,A,-,03,22350,,N,F,A,A,A,H,-,A,D,0,,,Y,,Y,,C,02,1,0,0,0,0,0,0,0,1,"- ","- ",38.878430000000002,-121.11897,PLACER,UNINCORPORATED,-121.1189767,38.87852067
90552189,2017,2017-09-27,9220,2017-07-06,1439,017118,,4,2,9,3100,0,1,3,,1,267,SR-65,"LEVEE ROAD",240.00,N,N,A,-,Y,,,65,,,,,,,Y,2,0,5,4,A,-,03,22350,,N,C,C,A,A,H,-,A,D,0,,,,,Y,,A,01,3,0,2,0,0,0,0,0,0,"- ","- ",38.999380000000002,-121.40564000000001,PLACER,UNINCORPORATED,-121.40563375000001,38.99939097
90552198,2017,2017-09-20,9220,2017-09-15,1507,015343,,5,2,9,3100,0,2,4,,2,046,"BELL RD","PROFESSIONAL DR",0.00,,Y,A,-,N,,,,,,,,,,Y,4,0,1,2,A,-,12,21453,A,N,D,C,A,A,H,-,A,A,0,,,,,Y,,D,22,0,0,1,0,0,0,0,0,0,"- ","- ",38.941920000000003,-121.10091,PLACER,UNINCORPORATED,-121.10087996999999,38.941899990000003
90553003,2017,2017-09-21,9220,2017-09-07,0725,016682,,4,1,9,3100,0,3,5,,2,020,"BARTON RD","VIA DEL LA ROSA",942.00,S,N,A,-,N,,,,,,,,,,Y,4,0,1,1,A,-,08,22107,,N,E,I,A,A,H,-,A,D,0,,,,,Y,,D,22,0,0,1,0,0,0,0,0,0,"- ","- ",38.757109999999997,-121.19199999999999,PLACER,UNINCORPORATED,-121.19192,38.760643330000001
90553682,2017,2017-09-22,9220,2017-08-25,1500,013676,,5,2,9,3100,0,1,1,,2,282,"I-80 E/B","HORSESHOE BAR ROAD O/C",100.00,W,N,A,-,Y,,,,,,,,,,Y,4,0,2,3,A,-,08,22107,,N,E,I,A,A,H,-,A,D,0,,,,,Y,,A,01,0,0,2,0,0,0,0,0,0,"- ","- ",38.816690000000001,-121.18875,PLACER,UNINCORPORATED,-121.18926808000001,38.816455769999997
90559855,2017,2017-09-29,9220,2017-09-16,1650,013856,,6,2,9,3100,0,1,1,,2,282,"I-80 W/B","NEWCASTLE RD.",2640.00,W,N,A,-,Y,,,,,,,,,,N,4,0,2,3,A,-,08,22107,,M,E,A,A,A,H,-,A,D,0,,,,,Y,,A,01,0,0,2,0,0,0,0,0,0,"- ","- ",,,PLACER,UNINCORPORATED,-121.13280697,38.866038699999997
90562335,2017,2017-10-03,9220,2017-09-20,0545,014699,,3,3,3,3101,0,1,1,,2,283,"I-80 E/B TO AUBURN RAVINE ROAD","AUBURN RAVINE ROAD",400.00,W,N,A,-,Y,,,,,,,,,,Y,3,0,1,2,A,-,08,22107,,N,C,E,A,A,H,-,C,D,0,,,,Y,Y,,A,01,0,1,0,0,0,0,0,0,0,"- ","- ",38.921599999999998,-121.05800000000001,PLACER,AUBURN,-121.05782811,38.922435559999997
90564662,2017,2017-10-06,9220,2017-09-30,1600,015197,,6,2,9,3100,0,2,4,,1,013,"WALERGA RD","PFE RD",1000.00,S,N,A,-,N,,,,,,,,,,Y,4,0,2,2,A,-,03,22350,,N,C,C,A,A,H,-,A,A,0,,,,,Y,,A,07,0,0,2,0,0,0,0,0,0,"- ","- ",38.726640000000003,-121.36461,PLACER,UNINCORPORATED,-121.36459431,38.726064139999998
90564782,2017,2017-10-06,9221,2017-06-25,1840,017320,,7,2,9,3100,0,3,5,,2,070,"YANKEE JIMS RD","GILLIS HILL RD",6864.00,S,N,A,-,N,,,,,,,,,,Y,1,1,2,1,A,-,08,22107,,N,F,I,A,A,A,B,A,D,0,,,,,Y,Y,A,07,0,2,0,0,0,0,0,0,0,"- ","- ",39.044179999999997,-120.92779,PLACER,UNINCORPORATED,-120.92975914,39.047106640000003
90566070,2017,2017-10-09,9220,2017-10-04,1720,014438,,3,2,5,3105,0,1,1,,2,281,"I-80 WESTBOUND","CIRBY WAY",240.00,W,N,A,-,Y,,,80,,,,,,W,Y,4,0,1,2,A,-,03,22350,,N,C,C,A,A,H,-,A,D,0,,,,,Y,,A,01,0,0,1,0,0,0,0,0,0,"- ","- ",38.7288,-121.286,PLACER,ROSEVILLE,-121.28606221,38.728867350000002
90566185,2017,2017-10-23,9220,2017-10-04,0710,016616,,3,1,9,3100,0,3,5,,2,070,"ENGLISH COLONY WAY","FAGER HILL RD",500.00,E,N,A,-,N,,,,,,,,,,Y,4,0,1,2,A,-,09,21804,A,N,D,C,A,A,H,-,A,D,0,,,,,Y,,D,22,0,0,1,0,0,0,0,0,0,"- ","- ",38.854120000000002,-121.1951,PLACER,UNINCORPORATED,-121.19368415,38.854120000000002
90566264,2017,2017-10-09,9220,2017-10-02,0805,013794,,1,1,9,3100,0,1,3,,1,249,SR-49,"FLORENCE LANE",0.00,,Y,A,-,Y,,,49,,,,,,,Y,4,0,1,2,A,-,09,21802,A,N,D,C,A,A,H,-,A,A,0,,,,,Y,,A,01,0,0,1,0,0,0,0,0,0,"- ","- ",38.978189999999998,-121.10831,PLACER,UNINCORPORATED,-121.10832252,38.978186209999997
90566722,2017,2017-10-10,9222,2017-10-09,1025,018593,,1,1,9,3100,0,1,3,,1,013,"STATE ROUTE 89","BRIDGE 3",500.00,N,N,A,-,Y,,,89,,,,,,,Y,3,0,1,1,A,-,08,22107,,N,E,I,A,A,H,-,A,D,0,,,,,Y,,A,01,0,1,0,0,0,0,0,0,0,"- ","- ",39.213169999999998,-120.20071,PLACER,UNINCORPORATED,-120.20069409,39.213184310000003
90567316,2017,2017-10-11,9220,2017-10-05,0805,013676,,4,1,9,3100,0,1,1,,2,281,"1-80 W/B","CIRBY WAY O/C",500.00,W,N,A,-,Y,,,,,,,,,,Y,4,0,1,2,A,-,03,22350,,N,C,C,A,A,H,-,A,D,0,,,,,Y,,A,01,0,0,1,0,0,0,0,0,0,"- ","- ",38.725050000000003,-121.29051,PLACER,UNINCORPORATED,,
90567346,2017,2017-10-11,9220,2017-10-05,1540,014438,,4,2,5,3105,0,1,1,,2,281,"I-80 WESTBOUND",SR-65,540.00,W,N,A,-,Y,,,80,,,,,,W,Y,4,0,1,2,A,-,03,22350,,N,C,C,A,A,H,-,A,D,0,,,,,Y,,A,01,0,0,1,0,0,0,0,0,0,"- ","- ",38.768599999999999,-121.2509,PLACER,ROSEVILLE,-121.25092060999999,38.768633039999997
90568241,2017,2017-10-11,9220,2017-10-05,1645,014438,,4,2,5,3105,0,1,1,,2,281,"I-80 EASTBOUND","CIRBY WAY",60.00,E,N,A,-,Y,,,80,,,,,,E,Y,4,0,2,3,A,-,03,22350,,N,C,C,A,A,H,-,A,D,0,,,,,Y,,A,01,0,0,2,0,0,0,0,0,0,"- ","- ",38.729599999999998,-121.2847,PLACER,ROSEVILLE,-121.284806,38.729718820000002
90568710,2017,2017-10-12,9220,2017-10-02,0807,016031,,1,1,9,3100,0,2,4,,2,056,"BELL RD","QUARTZ DR",0.00,,Y,A,-,N,,,,,,,,,,Y,4,0,1,2,A,-,12,21453,A,N,A,C,A,A,H,-,A,A,0,,,,,Y,,A,07,0,0,1,0,0,0,0,0,0,"- ","- ",38.942309999999999,-121.09432,PLACER,UNINCORPORATED,-121.09431988,38.942389910000003
90568880,2017,2017-10-12,9220,2017-10-05,1610,014438,,4,2,5,3105,0,1,1,,2,281,"I-80 EASTBOUND","ATLANTIC ST.",528.00,E,N,A,-,Y,,,80,,,,,,E,Y,4,0,1,2,A,-,04,21703,,N,C,C,A,A,H,-,A,D,0,,,,,Y,,A,01,0,0,1,0,0,0,0,0,0,"- ","- ",38.759799999999998,-121.2602,PLACER,ROSEVILLE,-121.2603373,38.759891449999998
90569774,2017,2017-10-13,9220,2017-10-05,0900,016682,,4,1,9,3100,0,3,5,,2,020,"DOUGLAS BLVD","JOE RODGERS RD",0.00,,Y,A,-,N,,,,,,,,,,Y,4,0,1,2,A,-,09,21801,A,N,A,C,A,A,H,-,A,D,0,,,,,Y,,D,22,0,0,1,0,0,0,0,0,0,"- ","- ",38.743940000000002,-121.18487,PLACER,UNINCORPORATED,-121.18489993999999,38.743839970000003
90569895,2017,2017-10-13,9220,2017-10-06,0940,013997,,5,1,9,3100,0,1,1,,2,283,"I-80 W/B FROM WEIMAR CROSS ROAD","WEIMAR CROSS RD O/C",528.00,W,N,A,-,Y,,,80,,,,R,,W,Y,3,0,1,2,A,-,03,22350,,N,C,C,A,A,H,-,A,D,0,,,,,Y,,A,07,0,1,0,0,0,0,0,0,0,"- ","- ",39.042380000000001,-120.97421,PLACER,UNINCORPORATED,-120.97421,39.042380000000001
90572050,2017,2017-10-18,9220,2017-10-04,1610,013605,,3,2,5,3105,0,1,3,,1,265,"SR-65 S/B","TAYLOR RD",900.00,N,N,A,-,Y,,,,,,,,,,Y,4,0,1,2,A,-,07,21658,A,F,E,I,A,A,H,-,A,D,0,,,,,Y,,A,01,0,0,1,0,0,0,0,0,0,"- ","- ",38.732900000000001,-121.6473,PLACER,ROSEVILLE,,
90573637,2017,2017-10-26,9220,2017-10-13,0620,013997,,5,1,9,3100,0,2,4,,2,054,"LUTHER ROAD","SHOCKLEY ROAD",59.00,E,N,A,-,N,,,,,,,,,,Y,3,0,1,2,A,-,09,21802,A,F,E,I,A,A,H,-,D,A,0,,,,,Y,,-,99,0,1,0,0,0,0,0,0,0,"- ","- ",38.927860000000003,-121.06546,PLACER,UNINCORPORATED,-121.06597282,38.927907400000002
90574078,2017,2017-10-19,9221,2017-10-12,0655,018376,,4,1,9,3100,0,1,3,,1,320,"SR-20 E/B","LAKE SPAULDING RD",528.00,W,N,A,-,Y,,,20,,,,,,E,Y,4,0,1,1,A,-,08,22107,,N,E,I,A,A,H,-,A,D,0,,,,,Y,,A,07,0,0,1,0,0,0,0,0,0,"- ","- ",39.313090000000003,-120.64237,PLACER,UNINCORPORATED,-120.64235001999999,39.313027650000002
90574325,2017,2017-10-19,9220,2017-10-15,1230,013466,,7,1,9,3100,0,2,4,,2,022,"DOUGLAS BL.","BARTON RD.",350.00,W,N,A,-,N,,,,,,,,,,N,3,0,1,2,A,-,03,22350,,N,C,C,A,A,H,-,A,A,0,,,,,Y,,A,01,0,1,0,0,0,0,0,0,0,"- ","- ",38.74389,-121.1904,PLACER,UNINCORPORATED,-121.19041641,38.744104319999998
90574798,2017,2017-10-20,9220,2017-10-13,1803,014438,,5,2,9,3100,0,2,4,,2,015,"INDUSTRIAL AVE","TINKER RD",0.00,,Y,A,-,N,,,,,,,,,,Y,4,0,1,3,A,-,09,21802,A,N,D,C,A,A,H,-,B,A,0,,,,,Y,,A,01,0,0,1,0,0,0,0,0,0,"- ","- ",38.811799999999998,-121.30719999999999,PLACER,UNINCORPORATED,-121.30727985,38.81194996
90575308,2017,2017-10-20,9220,2017-10-17,1730,016685,,2,2,4,3104,0,1,1,,2,281,"I-80 W/B",SR-65,3168.00,E,N,B,-,Y,,,,,,,,,,Y,3,0,3,3,A,-,03,22350,,N,C,C,A,A,H,-,A,D,0,,,,,Y,,A,08,0,2,1,0,0,0,0,0,0,"- ","- ",,,PLACER,ROCKLIN,,
90578031,2017,2017-11-07,9220,2017-10-20,1905,014438,,5,2,9,3100,0,2,4,,2,023,"BARTON RD.","OAK CREEK PL",200.00,N,N,B,-,N,,,,,,,,,,N,4,0,1,2,A,-,03,22350,,F,C,C,A,A,H,-,D,D,0,,,,,Y,,A,01,0,0,1,0,0,0,0,0,0,"- ","- ",38.731000000000002,-121.1888,PLACER,UNINCORPORATED,-121.18886657,38.731029040000003
90579543,2017,2017-10-26,9220,2017-10-12,1645,013856,,4,2,5,3105,0,1,3,,1,265,"SR-65 N/B","GALLERIA BOULEVARD",2112.00,S,N,A,-,Y,,,,,,,,,,Y,3,0,2,2,A,-,03,22350,,N,C,C,A,A,H,-,A,D,0,,,,,Y,,A,01,0,2,0,0,0,0,0,0,0,"- ","- ",,,PLACER,ROSEVILLE,-121.25943324000001,38.774535950000001
90581106,2017,2017-10-27,9220,2017-10-14,1459,013856,,6,2,2,3106,0,1,1,,2,282,"I-80 E/B","BRACE RD.",50.00,W,N,A,-,Y,,,80,,,,,,E,Y,3,0,2,2,C,-,18,,,N,C,C,A,A,H,-,A,D,0,,,,Y,Y,,-,"- ",0,2,0,0,0,0,0,0,0,"- ","- ",38.809899999999999,-121.19705,PLACER,LOOMIS,-121.19705439000001,38.809905239999999
90581181,2017,2017-10-27,9220,2017-10-26,1410,014438,,4,2,4,3104,0,1,1,,2,281,"I-80 WESTBOUND",SR-65,4752.00,E,N,A,-,Y,,,80,,,,,,W,Y,4,0,1,2,A,-,04,21703,,N,C,C,A,A,H,-,A,D,0,,,,,Y,,D,22,0,0,1,0,0,0,0,0,0,"- ","- ",38.777700000000003,-121.2362,PLACER,ROCKLIN,-121.23624871,38.77777837
90583687,2017,2017-10-31,9220,2017-10-24,0740,016616,,2,1,5,3105,0,1,3,,1,265,"SR-65 S/B","PLEASANT GROVE BLVD.",200.00,S,N,A,-,Y,,,65,,,,,,S,Y,4,0,1,2,A,-,03,22350,,N,C,C,A,A,H,-,A,D,0,,,Y,,Y,,C,02,0,0,1,0,0,0,0,0,1,"- ","- ",38.785350000000001,-121.28191,PLACER,ROSEVILLE,-121.28191451000001,38.785340959999999
90583772,2017,2017-10-31,9221,2017-10-20,1549,018376,,5,2,9,3100,0,1,1,,2,385,"I-80 W/B","BAXTER RD OC",2640.00,E,N,B,F,Y,,,80,,,,,,W,Y,3,0,4,3,A,-,03,22350,,N,C,C,A,C,H,-,A,D,0,,,,,Y,,A,07,0,4,0,0,0,0,0,0,0,"- ","- ",39.221299999999999,-120.77057000000001,PLACER,UNINCORPORATED,-120.77057348,39.221304549999999
90584244,2017,2017-10-31,9220,2017-10-24,1445,016363,,2,2,5,3105,0,1,1,,2,281,"I-80 E/B","LEAD HILL BLVD",50.00,E,N,A,-,Y,,,80,,,,,,E,Y,3,0,4,6,A,-,03,22350,,N,C,C,E,A,H,-,A,D,0,Y,,,,Y,,A,07,0,4,0,0,2,0,0,0,0,"- ","- ",38.751919999999998,-121.26537999999999,PLACER,ROSEVILLE,-121.26548789,38.751990489999997