CASE_ID,ACCIDENT_YEAR,PROC_DATE,JURIS,COLLISION_DATE,COLLISION_TIME,OFFICER_ID,REPORTING_DISTRICT,DAY_OF_WEEK,CHP_SHIFT,POPULATION,CNTY_CITY_LOC,SPECIAL_COND,BEAT_TYPE,CHP_BEAT_TYPE,CITY_DIVISION_LAPD,CHP_BEAT_CLASS,BEAT_NUMBER,PRIMARY_RD,SECONDARY_RD,DISTANCE,DIRECTION,INTERSECTION,WEATHER_1,WEATHER_2,STATE_HWY_IND,CALTRANS_COUNTY,CALTRANS_DISTRICT,STATE_ROUTE,ROUTE_SUFFIX,POSTMILE_PREFIX,POSTMILE,LOCATION_TYPE,RAMP_INTERSECTION,SIDE_OF_HWY,TOW_AWAY,COLLISION_SEVERITY,NUMBER_KILLED,NUMBER_INJURED,PARTY_COUNT,PRIMARY_COLL_FACTOR,PCF_CODE_OF_VIOL,PCF_VIOL_CATEGORY,PCF_VIOLATION,PCF_VIOL_SUBSECTION,HIT_AND_RUN,TYPE_OF_COLLISION,MVIW,PED_ACTION,ROAD_SURFACE,ROAD_COND_1,ROAD_COND_2,LIGHTING,CONTROL_DEVICE,CHP_ROAD_TYPE,PEDESTRIAN_ACCIDENT,BICYCLE_ACCIDENT,MOTORCYCLE_ACCIDENT,TRUCK_ACCIDENT,NOT_PRIVATE_PROPERTY,ALCOHOL_INVOLVED,STWD_VEHTYPE_AT_FAULT,CHP_VEHTYPE_AT_FAULT,COUNT_SEVERE_INJ,COUNT_VISIBLE_INJ,COUNT_COMPLAINT_PAIN,COUNT_PED_KILLED,COUNT_PED_INJURED,COUNT_BICYCLIST_KILLED,COUNT_BICYCLIST_INJURED,COUNT_MC_KILLED,COUNT_MC_INJURED,PRIMARY_RAMP,SECONDARY_RAMP,LATITUDE,LONGITUDE,COUNTY,CITY,POINT_X,POINT_Y
9073525,2020,2020-08-10,3105,2020-05-11,1212,369,,1,5,5,3105,0,0,0,,0,006,"GALILEE RD","PLEASANT GROVE BL",10.00,N,N,B,-,N,,,,,,,,,,N,3,0,1,2,A,-,05,21650,,N,D,G,A,A,H,-,A,A,0,,Y,,,Y,,L,04,0,1,0,0,0,0,1,0,0,"- ","- ",,,PLACER,ROSEVILLE,-121.30519866943359,38.773624420166016
9073613,2020,2020-07-20,3105,2020-04-21,0713,1029,,2,5,5,3105,0,0,0,,0,002,"DOUGLAS BL","SIERRA GARDENS DR",0.00,,Y,A,-,N,,,,,,,,,,Y,3,0,3,2,A,-,12,21453,A,N,D,C,A,A,H,-,A,A,0,,,,,Y,,A,01,0,1,2,0,0,0,0,0,0,"- ","- ",38.74420166015625,-121.25921630859375,PLACER,ROSEVILLE,-121.25921630859375,38.744270324707031
9073614,2020,2020-07-20,3105,2020-04-26,0831,1152,,7,5,5,3105,0,0,0,,0,002,"DOUGLAS BL","ROCKY RIDGE DR",0.00,,Y,A,-,N,,,,,,,,,,Y,3,0,1,2,A,-,12,21453,A,N,D,C,A,A,H,-,A,A,0,,,,,Y,,A,01,0,1,0,0,0,0,0,0,0,"- ","- ",,,PLACER,ROSEVILLE,-121.25302124023438,38.744338989257812
9073615,2020,2020-07-20,3105,2020-04-22,1252,343,,3,5,5,3105,0,0,0,,0,005,"HIGHLAND PARK DR","PLEASANT GROVE BL",798.00,W,N,A,-,N,,,,,,,,,,Y,2,0,1,1,A,-,08,22107,,N,E,I,A,A,H,-,A,D,0,,,,,Y,,A,01,1,0,0,0,0,0,0,0,0,"- ","- ",,,PLACER,ROSEVILLE,-121.28163909912109,38.7930908203125
90736539,2018,2018-05-29,9220,2018-05-21,0940,013466,,1,1,9,3100,0,2,4,,2,022,"DOUGLAS BL.","AUBURN FOLSOM RD.",0.00,,Y,A,-,N,,,,,,,,,,Y,3,0,2,2,A,-,12,21453,A,N,D,C,A,A,H,-,A,A,0,,,,,Y,,A,07,0,1,1,0,0,0,0,0,0,"- ","- ",38.742931365966797,-121.17108154296875,PLACER,UNINCORPORATED,-121.17060852050781,38.743450164794922
90736655,2018,2018-05-29,9220,2018-05-25,1010,014438,,5,1,9,3100,0,3,5,,2,070,"BUTLER RD.","BUTLER CIR",50.00,W,N,B,C,N,,,,,,,,,,Y,4,0,2,2,A,-,05,21650,,N,A,C,A,B,H,-,A,D,0,,,,,Y,,A,01,0,0,2,0,0,0,0,0,0,"- ","- ",38.860321044921875,-121.18266296386719,PLACER,UNINCORPORATED,-121.18521118164062,38.862926483154297
90737430,2018,2018-05-30,9220,2018-05-22,1800,015197,,2,2,9,3100,0,2,4,,2,075,"TAYLOR RD","CALLISON RD",0.00,,Y,A,-,N,,,,,,,,,,Y,3,0,1,2,A,-,05,21460,,N,B,C,A,A,H,-,A,D,0,,,Y,,Y,,C,02,0,1,0,0,0,0,0,0,1,"- ","- ",38.865779876708984,-121.15202331542969,PLACER,UNINCORPORATED,-121.15181732177734,38.865821838378906
90737707,2018,2018-05-30,9220,2018-05-27,1245,013466,,7,1,9,3100,0,2,4,,1,013,"WALERGA RD.","PFE RD.",300.00,S,N,A,-,N,,,,,,,,,,N,4,0,1,2,A,-,03,22350,,N,C,C,A,A,H,-,A,A,0,,,,,Y,,A,01,0,0,1,0,0,0,0,0,0,"- ","- ",38.728359222412109,-121.36528015136719,PLACER,UNINCORPORATED,-121.3646240234375,38.727985382080078
90739277,2018,2018-06-12,9220,2018-05-27,2105,017818,,7,2,9,3100,0,2,4,,2,066,"MOSQUITO RIDGE ROAD","FORESTHILL ROAD",79200.00,W,N,A,-,N,,,,,,,,,,Y,3,0,1,1,A,-,08,22107,,N,F,A,A,A,H,-,D,D,0,,,Y,,Y,,C,02,0,1,0,0,0,0,0,0,1,"- ","- ",39.040821075439453,-120.67082214355469,PLACER,UNINCORPORATED,-120.82604217529297,39.019290924072266
90741580,2018,2018-06-05,9220,2018-05-25,1202,013997,,5,1,9,3100,0,3,5,,2,040,"DRY CREEK ROAD",SR-49,43.00,W,N,B,-,Y,,,,,,,,,,N,4,0,1,2,A,-,21,22106,,N,C,C,A,A,H,-,A,A,0,,,,,Y,,A,08,0,0,1,0,0,0,0,0,0,"- ","- ",38.956451416015625,-121.10175323486328,PLACER,UNINCORPORATED,-121.10150909423828,38.956653594970703
90746212,2018,2018-06-12,9220,2018-06-01,1640,15060,,5,2,9,3100,0,1,1,,2,282,"I-80 E/B","ROCK SPRINGS RD",1056.00,E,N,A,-,Y,,,80,,,,,,E,Y,4,0,2,2,A,-,03,22350,,N,C,C,A,A,H,-,A,D,0,,,,,Y,,A,01,0,0,2,0,0,0,0,0,0,"- ","- ",38.847221374511719,-121.15255737304688,PLACER,UNINCORPORATED,-121.15251922607422,38.84716796875
9074775,2020,2020-06-25,3105,2020-03-05,1503,369,,4,5,5,3105,0,0,0,,0,002,"SHERIDAN AV","EDGEMONT WY",200.00,N,N,B,-,N,,,,,,,,,,Y,3,0,2,2,A,-,08,22107,,N,B,E,A,A,H,-,A,D,0,,,,,Y,,A,01,0,2,0,0,0,0,0,0,0,"- ","- ",,,PLACER,ROSEVILLE,-121.25438690185547,38.723133087158203
90750230,2018,2018-06-18,9220,2018-06-07,1032,013856,,4,1,9,3100,0,2,4,,1,011,"WATT AVE.","BASELINE RD",15840.00,S,N,A,-,N,,,,,,,,,,Y,3,0,1,1,A,-,08,22107,,N,E,I,A,A,H,-,A,D,0,,,,,Y,,A,01,0,1,0,0,0,0,0,0,0,"- ","- ",38.744518280029297,-121.39247131347656,PLACER,UNINCORPORATED,-121.38811492919922,38.709819793701172
90752917,2018,2018-06-21,9220,2018-06-14,0920,013856,,4,1,9,3100,0,3,5,,2,030,"FRUITVALE RD.","FOWLER RD.",2112.00,E,N,A,-,N,,,,,,,,,,Y,3,0,1,1,A,-,08,22107,,N,E,I,A,A,H,-,A,D,0,,,,,Y,,A,01,0,1,0,0,0,0,0,0,0,"- ","- ",38.912101745605469,-121.21318054199219,PLACER,UNINCORPORATED,-121.21177673339844,38.912303924560547
90753682,2018,2018-06-22,9220,2018-06-15,1540,016419,,5,2,9,3100,0,2,4,,2,022,"DOUGLAS BLVD. N/B","CHRISTY LN",270.00,W,N,A,-,N,,,,,,,,,,Y,4,0,2,2,A,-,03,22350,,N,C,C,A,A,H,-,A,D,0,,,,,Y,,A,07,0,0,2,0,0,0,0,0,0,"- ","- ",38.743480682373047,-121.17591094970703,PLACER,UNINCORPORATED,-121.17573547363281,38.743522644042969
90753702,2018,2018-06-22,9220,2018-06-15,2310,016419,,5,3,4,3104,0,1,1,,2,281,"I-80 E/B","S.R. 65 O/C",2500.00,E,N,A,-,Y,,,80,,,,,,E,Y,4,0,1,2,A,-,08,22107,,N,B,C,A,A,H,-,D,D,0,,,,,Y,,A,01,0,0,1,0,0,0,0,0,0,"- ","- ",38.774120330810547,-121.24176025390625,PLACER,ROCKLIN,-121.24177551269531,38.774147033691406
90753759,2018,2018-06-22,9220,2018-06-16,1640,15060,,6,2,9,3100,0,3,5,,2,070,"OPHIR ROAD","WISE ROAD",0.00,,Y,A,-,N,,,,,,,,,,Y,4,0,1,2,A,-,09,21801,A,N,A,C,A,A,H,-,A,D,0,,,Y,,Y,,A,01,0,0,1,0,0,0,0,0,1,"- ","- ",38.890720367431641,-121.09658813476562,PLACER,UNINCORPORATED,-121.09664154052734,38.890548706054688
9075394,2020,2020-06-26,3105,2020-03-04,1721,1129,,3,5,5,3105,0,0,0,,0,003,"W ORLANDO AV","AUBURN BL",0.00,,Y,A,-,N,,,,,,,,,,N,2,0,2,1,A,-,03,22350,,N,A,I,A,A,H,-,A,A,0,,,,,Y,,A,08,1,0,1,0,0,0,0,0,0,"- ","- ",38.722820281982422,-121.29039001464844,PLACER,ROSEVILLE,-121.29042816162109,38.722789764404297
9075406,2020,2020-06-26,3105,2020-03-15,2143,1141,,7,5,5,3105,0,0,0,,0,002,"DOUGLAS BL","E ROSEVILLE PW E",0.00,,Y,C,-,N,,,,,,,,,,Y,3,0,1,1,A,-,01,23152,A,N,E,I,A,B,H,-,C,A,0,,,,,Y,Y,A,01,0,1,0,0,0,0,0,0,0,"- ","- ",38.744029998779297,-121.23594665527344,PLACER,ROSEVILLE,-121.2359619140625,38.744049072265625
90756023,2018,2018-06-26,9221,2018-06-20,1215,016634,,3,1,9,3100,0,1,1,,2,386,"I-80 E/B","LAING RD",3168.00,E,N,A,-,Y,,,,,,,,,,Y,2,0,1,1,A,-,08,22107,,N,E,I,A,A,H,-,A,D,0,,,,,Y,,A,01,1,0,0,0,0,0,0,0,0,"- ","- ",39.310020446777344,-120.64057159423828,PLACER,UNINCORPORATED,-120.65020751953125,39.304531097412109
90756463,2018,2018-06-26,9220,2018-05-29,0610,014699,,2,1,9,3100,0,1,1,,2,282,"I-80 W/B","NEWCASTLE RD",1584.00,W,N,A,-,Y,,,80,,,,,,W,Y,4,0,2,2,A,-,07,21658,A,N,C,C,A,A,H,-,A,D,0,,,,,Y,,A,01,0,0,2,0,0,0,0,0,0,"- ","- ",38.865501403808594,-121.13300323486328,PLACER,UNINCORPORATED,-121.1329345703125,38.865486145019531
90757386,2018,2018-06-27,9220,2018-06-18,0535,016682,,1,3,9,3100,0,3,5,,2,010,"SUNSET BOULVARD WEST","AMORUSO WAY",370.00,W,N,A,-,N,,,,,,,,,,N,3,0,1,2,A,-,05,21650,,N,A,C,A,A,H,-,A,D,0,,,,,Y,,A,07,0,1,0,0,0,0,0,0,0,"- ","- ",38.82440185546875,-121.40538024902344,PLACER,UNINCORPORATED,-121.39225006103516,38.824371337890625
9075758,2020,2020-05-15,3105,2020-01-26,2258,1113,,7,5,5,3105,0,0,0,,0,002,"DOULTON DR","PALATIA DR",0.00,,Y,A,-,N,,,,,,,,,,Y,4,0,1,2,A,-,03,22350,I,N,F,I,A,A,A,-,D,D,0,,,,,Y,,A,01,0,0,1,0,0,0,0,0,0,"- ","- ",,,PLACER,ROSEVILLE,-121.23874664306641,38.742088317871094
90757857,2018,2018-06-28,9220,2018-05-29,1530,013299,,2,2,9,3100,0,1,1,,2,282,"I-80 WESTBOUND","NEWCASTLE ROAD",1000.00,W,N,A,-,Y,,,,,,,,,,N,4,0,1,2,A,-,03,22350,,N,C,C,A,A,B,C,A,D,0,,,,Y,Y,,F,25,0,0,1,0,0,0,0,0,0,"- ","- ",,,PLACER,UNINCORPORATED,-121.13207244873047,38.870506286621094
90757915,2018,2018-06-28,9220,2018-05-30,0720,014699,,3,1,5,3105,0,1,1,,2,281,"I-80 E/B",SR-65,80.00,W,N,A,-,Y,,,,,,,,,,N,4,0,1,4,A,-,03,22350,,N,C,C,A,A,H,-,A,D,0,,,,,Y,,D,22,0,0,1,0,0,0,0,0,0,"- ","- ",38.460899353027344,-121.14550018310547,PLACER,ROSEVILLE,,
90758067,2018,2018-06-28,9220,2018-06-05,1750,013466,,2,2,5,3105,0,1,3,,1,265,"SR-65 S/B FROM BLUE OAKS BL. E/B","BLUE OAKS BL.",723.00,S,N,A,-,Y,,,65,,,,R,,S,Y,3,0,1,2,A,-,03,22350,,N,C,C,A,A,H,-,A,A,0,,,,,Y,,A,01,0,1,0,0,0,0,0,0,0,"- ","- ",38.793659210205078,-121.29624938964844,PLACER,ROSEVILLE,-121.29624938964844,38.793659210205078
90759981,2018,2018-06-29,9220,2018-06-27,1650,017818,,3,2,9,3100,0,2,4,,2,054,"LUTHER RD","SR-49 (GRASS VALLEY HWY)",20.00,E,N,A,-,Y,,,,,,,,,,N,4,0,1,2,A,-,21,22106,,N,C,C,A,A,H,-,A,A,0,,,,,Y,,D,22,0,0,1,0,0,0,0,0,0,"- ","- ",38.927509307861328,-121.08651733398438,PLACER,UNINCORPORATED,-121.08660125732422,38.927349090576172
90761604,2018,2018-07-03,9220,2018-05-23,1714,15060,,3,2,4,3104,0,1,1,,2,281,"I-80 E/B",SR-65,2640.00,E,N,A,-,Y,,,80,,,,,,E,Y,1,1,0,1,A,-,08,22107,,N,E,I,A,A,H,-,A,D,0,,,,,Y,,A,07,0,0,0,0,0,0,0,0,0,"- ","- ",38.774948120117188,-121.24028778076172,PLACER,ROCKLIN,-121.24034881591797,38.775047302246094
90762333,2018,2018-07-03,9220,2018-06-24,1010,016682,,7,1,5,3105,0,1,3,,1,265,"SR-65 S/B TO I-80 W/B","I-80 W/B",106.00,N,N,A,-,Y,,,65,,,,R,,S,Y,3,0,1,2,A,-,07,21658,A,N,B,C,A,A,H,-,A,D,0,,,Y,,Y,,C,02,0,1,0,0,0,0,0,0,1,"- ","- ",38.769451141357422,-121.25115203857422,PLACER,ROSEVILLE,-121.25115203857422,38.769451141357422
90763258,2018,2018-07-05,9221,2018-07-02,2324,016556,,1,3,9,3100,0,1,S,,2,904,"I-80 E/B","WEST PAOLI LANE ONRAMP TO EASTBOUND I-80",0.00,,Y,A,-,Y,,,80,,,,,,E,Y,3,0,1,1,A,-,01,23152,A,M,E,I,A,A,H,-,C,D,0,,,,,Y,Y,A,01,0,1,0,0,0,0,0,0,0,"- ","- ",39.032230377197266,-120.975830078125,PLACER,UNINCORPORATED,-120.97606658935547,39.032276153564453
90763693,2018,2018-07-05,9221,2018-06-25,1021,018740,,1,1,9,3100,0,1,1,,2,384,"I-80 W/B","SR-174 O/C",6336.00,E,N,A,-,Y,,,80,,,,,,W,Y,3,0,2,3,A,-,03,22350,,N,C,C,A,A,H,-,A,D,0,,,,,Y,,A,01,0,1,1,0,0,0,0,0,0,"- ","- ",39.112178802490234,-120.94512939453125,PLACER,UNINCORPORATED,-120.94509887695312,39.112171173095703
90764394,2018,2018-07-06,9221,2018-07-03,1305,017777,,2,1,1,3102,0,2,S,,2,901,"W/B CANYON WAY","ILLINOIS TOWN O/C",0.00,,Y,A,-,N,,,,,,,,,,Y,3,0,1,2,A,-,09,21801,A,N,A,C,A,A,H,-,A,D,0,,,,,Y,,E,22,0,1,0,0,0,0,0,0,0,"- ","- ",39.078369140625,-120.95954132080078,PLACER,COLFAX,-120.95912,39.078319999999998
90765290,2018,2018-07-09,9222,2018-06-15,2220,019294,,5,3,9,3100,0,1,3,,1,016,"SR 267","KINGSWOOD DRIVE",0.00,,Y,A,-,Y,,,267,,,,,,,N,2,0,1,2,A,-,11,21954,A,N,G,B,E,A,H,-,C,D,0,Y,,,,Y,,N,60,1,0,0,0,1,0,0,0,0,"- ","- ",39.250701904296875,-120.03498077392578,PLACER,UNINCORPORATED,-120.03493499755859,39.250747680664062
90765626,2018,2018-07-09,9221,2018-07-01,0725,018213,,7,1,9,3100,0,1,1,,2,388,"I-80 W/B","HAMPSHIRE ROCKS RD",3374.00,E,N,A,-,Y,,,80,,,,,,W,Y,3,0,1,1,A,-,08,22107,,N,E,I,A,A,H,-,A,D,0,,,,,Y,,D,22,0,1,0,0,0,0,0,0,0,"- ","- ",39.307628631591797,-120.52014923095703,PLACER,UNINCORPORATED,-120.52018737792969,39.307659149169922
90766291,2018,2018-07-10,9221,2018-07-05,1045,017777,,4,1,9,3100,0,1,1,,2,388,"I-80 E/B","THE WHITMORE CALTRANS ENTRANCE",3168.00,E,N,A,-,Y,,,80,,,,,,E,Y,3,0,2,1,A,-,08,22107,,N,E,I,A,A,H,-,A,D,0,,,,,Y,,M,47,0,2,0,0,0,0,0,0,0,"- ","- ",39.264438629150391,-120.72709655761719,PLACER,UNINCORPORATED,-120.72718048095703,39.264480590820312
90768852,2018,2018-07-13,9220,2018-07-10,1002,015242,,2,1,4,3104,0,1,3,,1,265,"SR-65 N/B","I-80 U/C",2112.00,N,N,A,-,Y,,,65,,,,,,N,Y,4,0,2,2,A,-,03,22350,,N,C,C,A,A,H,-,A,D,0,,,,,Y,,A,01,0,0,2,0,0,0,0,0,0,"- ","- ",38.772979736328125,-121.25369262695312,PLACER,ROCKLIN,-121.25370025634766,38.772960662841797
90769714,2018,2018-07-16,9220,2018-06-27,1605,016682,,3,2,5,3105,0,1,1,,2,281,"I-80 W/B","DOUGLAS BLVD",211.00,W,N,A,-,Y,,,80,,,,,,W,N,3,0,1,3,A,-,07,21658,A,N,B,C,A,A,H,-,A,D,0,,,,,Y,,D,22,0,1,0,0,0,0,0,0,0,"- ","- ",38.739120483398438,-121.27494812011719,PLACER,ROSEVILLE,-121.27490997314453,38.739078521728516
90771047,2018,2018-07-17,9220,2018-07-12,1343,014438,,4,1,4,3104,0,1,1,,2,281,"I-80 WESTBOUND",SR-65,1584.00,E,N,A,-,Y,,,80,,,,,,W,N,4,0,1,2,A,-,03,22350,,N,C,C,A,A,H,-,A,D,0,,,,,Y,,D,22,0,0,1,0,0,0,0,0,0,"- ","- ",38.772418975830078,-121.24510192871094,PLACER,ROCKLIN,-121.24503326416016,38.772308349609375
90771174,2018,2018-07-17,9220,2018-07-06,1318,014282,,5,1,5,3105,0,1,3,,1,265,"SR-65 S/B","PLEASANT GROVE BLVD O/C",10.00,S,N,B,-,Y,,,65,,,,,,S,Y,3,0,1,2,A,-,03,22350,,N,B,C,A,A,H,-,A,D,0,,,,,Y,,A,07,0,1,0,0,0,0,0,0,0,"- ","- ",38.786170959472656,-121.28395843505859,PLACER,ROSEVILLE,-121.28388214111328,38.786323547363281
90771210,2018,2018-07-17,9220,2018-07-12,1948,016657,,4,2,9,3100,0,2,4,,2,021,"SIERRA COLLEGE BLVD","MAIDU LN",1000.00,S,N,A,-,N,,,,,,,,,,Y,4,0,1,1,A,-,08,22107,,N,E,I,A,A,H,-,A,D,0,,,,,Y,,A,01,0,0,1,0,0,0,0,0,0,"- ","- ",38.869388580322266,-121.23586273193359,PLACER,UNINCORPORATED,-121.23587036132812,38.869670867919922
90775310,2018,2018-07-24,9220,2018-07-16,1400,016682,,1,2,9,3100,0,3,5,,2,030,"RIOSA RD","SR-65 N/B",12.00,E,N,A,-,Y,,,,,,,,,,N,4,0,1,2,A,-,03,22350,,N,C,C,A,A,H,-,A,A,0,,,,,Y,,D,22,0,0,1,0,0,0,0,0,0,"- ","- ",38.979091644287109,-121.38236236572266,PLACER,UNINCORPORATED,,
90776259,2018,2018-07-25,9221,2018-07-17,1414,013932,,2,2,9,3100,0,1,3,,1,374,"I-80 E/B",SR-174,6336.00,E,N,A,-,Y,,,80,,,,,,E,Y,3,0,2,1,C,-,18,,,N,E,I,A,A,H,-,A,D,0,,,,,Y,,-,"- ",0,2,0,0,0,0,0,0,0,"- ","- ",39.114109039306641,-120.94420623779297,PLACER,UNINCORPORATED,-120.94425201416016,39.114124298095703
90776593,2018,2018-07-25,9220,2018-07-19,0650,016668,,4,1,5,3105,0,1,3,,1,265,"SR-65 S/B","PLEASANT GROVE BLVD",735.00,N,N,A,-,Y,,,65,,,,,,S,Y,4,0,1,2,A,-,03,22350,,N,C,C,A,A,H,-,A,A,0,,,,,Y,,D,22,0,0,1,0,0,0,0,0,0,"- ","- ",38.787620544433594,-121.28645324707031,PLACER,ROSEVILLE,-121.28645324707031,38.787605285644531
90778771,2018,2018-07-27,9220,2018-07-19,1448,013466,,4,2,9,3100,0,2,4,,2,072,"WISE RD.","BUTTES VIEW LN.",90.00,E,N,A,-,N,,,,,,,,,,Y,4,0,1,1,A,-,08,22107,,N,E,I,A,A,H,-,A,A,0,,,,,Y,,D,22,0,0,1,0,0,0,0,0,0,"- ","- ",38.916099548339844,-121.16413879394531,PLACER,UNINCORPORATED,-121.16407775878906,38.916030883789062
90778953,2018,2018-07-27,9220,2018-07-21,2253,017397,,6,3,9,3100,0,1,1,,2,282,"I-80 W/B TO OPHIR ROAD","OPHIR RD",485.00,E,N,A,-,Y,,,80,,,,R,,W,Y,4,0,1,1,A,-,03,22350,,M,E,I,A,A,H,-,D,D,0,,,,,Y,Y,A,01,0,0,1,0,0,0,0,0,0,"- ","- ",38.878749847412109,-121.12454223632812,PLACER,UNINCORPORATED,-121.12454223632812,38.878749847412109
90780371,2018,2018-08-27,9220,2018-07-13,2500,014438,,5,4,2,3103,0,1,3,,1,265,"SR-65 NORTHBOUND TO LINCOLN BLVD.","LINCOLN BLVD",345.00,S,N,B,-,Y,,,65,,,,R,,N,Y,1,1,0,1,A,-,08,22107,,N,E,I,A,A,H,-,D,D,0,,,Y,,Y,,C,02,0,0,0,0,0,0,0,1,0,"- ","- ",38.864921569824219,-121.29998016357422,PLACER,LINCOLN,-121.29998016357422,38.864921569824219
90785869,2018,2018-08-07,9222,2018-06-29,1740,020546,,5,2,9,3100,0,1,3,,1,013,"SR-89 SOUTH","ALPINE MEADOWS ROAD",1056.00,N,N,A,-,Y,,,89,,,,,,,Y,1,2,0,1,A,-,08,22107,,N,E,I,A,A,H,-,A,D,0,,,,,Y,,A,07,0,0,0,0,0,0,0,0,0,"- ","- ",39.190750122070312,-120.19680786132812,PLACER,UNINCORPORATED,-120.19672393798828,39.190753936767578
90786461,2018,2018-08-08,9220,2018-08-01,1830,015060,,3,2,5,3105,0,1,1,,2,281,"I-80 E/B","ATLANTIC ST.",1670.00,W,N,A,-,Y,,,80,,,,,,E,Y,4,0,3,2,A,-,01,23152,A,F,C,C,A,A,H,-,A,D,0,,,,,Y,Y,D,22,0,0,3,0,0,0,0,0,0,"- ","- ",38.753841400146484,-121.26413726806641,PLACER,ROSEVILLE,-121.26426696777344,38.753921508789062
90788530,2018,2018-08-10,9220,2018-06-28,1345,013605,,4,1,5,3105,0,1,3,,1,265,"SR-65 N/B","PLEASANT GROVE BLVD",368.00,N,N,A,-,Y,,,65,,,,,,N,Y,2,0,1,2,A,-,08,22107,,F,H,I,A,A,H,-,A,D,0,,,,,Y,,A,07,1,0,0,0,0,0,0,0,0,"- ","- ",38.775199890136719,-121.26190185546875,PLACER,ROSEVILLE,-121.26175689697266,38.775520324707031
90789521,2018,2018-08-13,9220,2018-08-05,0910,017534,,7,1,3,3101,0,1,1,,2,282,"INTERSTATE 80 WB TO STATE ROUTE 49 NB","STATE ROUTE 49",310.00,W,N,A,-,Y,,,80,,,,R,,W,Y,3,0,3,2,A,-,03,22350,,N,D,C,A,A,H,-,A,D,0,,,,,Y,,A,01,0,2,1,0,0,0,0,0,0,"- ","- ",38.899978637695312,-121.07594299316406,PLACER,AUBURN,-121.07594299316406,38.899978637695312
90790064,2018,2018-08-14,9220,2018-08-09,1310,015242,,4,1,4,3104,0,1,1,,2,281,"I-80 W/B","SR-65 O/C",1922.00,E,N,A,-,Y,,,80,,,,,,W,Y,4,0,1,3,A,-,03,22350,,N,C,C,A,A,H,-,A,D,0,,,,,Y,,D,22,0,0,1,0,0,0,0,0,0,"- ","- ",38.773830413818359,-121.24285888671875,PLACER,ROCKLIN,-121.24278259277344,38.773704528808594
90796039,2018,2018-08-22,9220,2018-08-11,1750,017375,,6,2,9,3100,0,3,5,,2,050,"PLACER HILLS RD","CROTHER RD",528.00,S,N,B,-,N,,,,,,,,,,N,2,0,1,2,A,-,01,23152,A,N,C,C,A,A,H,-,A,D,0,,,Y,,Y,Y,C,02,1,0,0,0,0,0,0,0,1,"- ","- ",39.012649536132812,-121.00567626953125,PLACER,UNINCORPORATED,-121.00450134277344,39.013763427734375
90796049,2018,2018-08-22,9220,2018-08-10,1345,016657,,5,1,9,3100,0,1,3,,1,249,"SR-49 S/B","LONE STAR RD",0.00,,Y,A,-,Y,,,49,,,,,,S,Y,3,0,4,3,A,-,09,21801,A,N,D,C,A,A,H,-,A,A,0,,,,,Y,,A,01,0,3,1,0,0,0,0,0,0,"- ","- ",38.996498107910156,-121.10919952392578,PLACER,UNINCORPORATED,-121.10913848876953,38.996444702148438
90797451,2018,2018-08-24,9220,2018-08-17,1800,017818,,5,2,9,3100,0,2,4,,1,013,"WALERGA RD","PFE RD",650.00,S,N,A,-,N,,,,,,,,,,Y,3,0,2,4,A,-,03,22350,,N,C,C,A,A,H,-,A,A,0,,,,,Y,,A,01,0,1,1,0,0,0,0,0,0,"- ","- ",38.726860046386719,-121.36456298828125,PLACER,UNINCORPORATED,-121.36460876464844,38.727024078369141
90797632,2018,2018-08-24,9220,2018-08-21,1245,013466,,2,1,5,3105,0,1,1,,2,281,"I-80 E/B","LEAD HILL BL.",1056.00,W,N,A,-,Y,,,80,,,,,,E,N,4,0,1,2,A,-,07,21658,A,F,B,C,A,A,H,-,A,A,0,,,,Y,Y,,G,25,0,0,1,0,0,0,0,0,0,"- ","- ",38.747848510742188,-121.26798248291016,PLACER,ROSEVILLE,-121.26809692382812,38.747928619384766
90799678,2018,2018-08-28,9220,2018-08-16,1450,016682,,4,2,9,3100,0,2,4,,2,022,"DOUGLAS BLVD","AUBURN FOLSOM RD",315.00,W,N,A,-,N,,,,,,,,,,N,4,0,1,4,A,-,03,22350,,N,C,C,A,A,H,-,A,D,0,,,,,Y,,A,07,0,0,1,0,0,0,0,0,0,"- ","- ",38.743148803710938,-121.17180633544922,PLACER,UNINCORPORATED,-121.17171478271484,38.743434906005859
90799835,2018,2018-08-28,9220,2018-08-27,1625,014438,,1,2,5,3105,0,1,1,,2,281,"I-80 W/B FROM TAYLOR RD.","TAYLOR RD.",200.00,W,N,A,-,Y,,,80,,,,R,,W,Y,4,0,3,2,A,-,03,22350,,N,C,C,A,A,H,-,A,A,0,,,,,Y,,A,01,0,0,3,0,0,0,0,0,0,"- ","- ",38.765529632568359,-121.2564697265625,PLACER,ROSEVILLE,-121.2564697265625,38.765529632568359