CASE_ID,ACCIDENT_YEAR,PROC_DATE,JURIS,COLLISION_DATE,COLLISION_TIME,OFFICER_ID,REPORTING_DISTRICT,DAY_OF_WEEK,CHP_SHIFT,POPULATION,CNTY_CITY_LOC,SPECIAL_COND,BEAT_TYPE,CHP_BEAT_TYPE,CITY_DIVISION_LAPD,CHP_BEAT_CLASS,BEAT_NUMBER,PRIMARY_RD,SECONDARY_RD,DISTANCE,DIRECTION,INTERSECTION,WEATHER_1,WEATHER_2,STATE_HWY_IND,CALTRANS_COUNTY,CALTRANS_DISTRICT,STATE_ROUTE,ROUTE_SUFFIX,POSTMILE_PREFIX,POSTMILE,LOCATION_TYPE,RAMP_INTERSECTION,SIDE_OF_HWY,TOW_AWAY,COLLISION_SEVERITY,NUMBER_KILLED,NUMBER_INJURED,PARTY_COUNT,PRIMARY_COLL_FACTOR,PCF_CODE_OF_VIOL,PCF_VIOL_CATEGORY,PCF_VIOLATION,PCF_VIOL_SUBSECTION,HIT_AND_RUN,TYPE_OF_COLLISION,MVIW,PED_ACTION,ROAD_SURFACE,ROAD_COND_1,ROAD_COND_2,LIGHTING,CONTROL_DEVICE,CHP_ROAD_TYPE,PEDESTRIAN_ACCIDENT,BICYCLE_ACCIDENT,MOTORCYCLE_ACCIDENT,TRUCK_ACCIDENT,NOT_PRIVATE_PROPERTY,ALCOHOL_INVOLVED,STWD_VEHTYPE_AT_FAULT,CHP_VEHTYPE_AT_FAULT,COUNT_SEVERE_INJ,COUNT_VISIBLE_INJ,COUNT_COMPLAINT_PAIN,COUNT_PED_KILLED,COUNT_PED_INJURED,COUNT_BICYCLIST_KILLED,COUNT_BICYCLIST_INJURED,COUNT_MC_KILLED,COUNT_MC_INJURED,PRIMARY_RAMP,SECONDARY_RAMP,LATITUDE,LONGITUDE,COUNTY,CITY,POINT_X,POINT_Y
91164462,2020,2020-01-13,9221,2020-01-06,0900,019869,,1,1,9,3100,0,1,1,,2,388,"I-80 W/B","CISCO RD",317.00,E,N,A,-,Y,,,80,,,,,,W,Y,4,0,3,1,A,-,08,22107,,N,E,I,A,A,H,-,A,D,0,,,,,Y,,A,01,0,0,3,0,0,0,0,0,0,"- ","- ",39.305400848388672,-120.53379821777344,PLACER,UNINCORPORATED,-120.53380584716797,39.305461883544922
91165105,2020,2020-01-14,9220,2020-01-01,0335,016682,,3,3,5,3105,0,1,1,,2,281,"I-80 W/B FROM DOUGLAS BLVD","DOUGLAS BLVD.",750.00,W,N,A,-,Y,,,80,,,,R,,W,Y,2,0,1,2,A,-,01,23152,A,N,F,A,A,A,H,-,D,D,0,,,,,Y,Y,A,01,1,0,0,0,0,0,0,0,0,"- ","- ",38.743640899658203,-121.27114105224609,PLACER,ROSEVILLE,-121.27114105224609,38.743640899658203
91165942,2020,2020-01-15,9220,2020-01-06,0410,015272,,1,3,9,3100,0,3,5,,2,010,"AMORUSO WAY","W. SUNSET BLVD",1527.00,N,N,A,-,N,,,,,,,,,,N,4,0,1,2,A,-,08,22107,,N,B,C,A,A,H,-,D,D,0,,,,,Y,,A,07,0,0,1,0,0,0,0,0,0,"- ","- ",38.828651428222656,-121.39093780517578,PLACER,UNINCORPORATED,-121.39094543457031,38.828563690185547
9116601,2020,2020-09-03,3105,2020-06-13,1650,1149,,6,5,5,3105,0,0,0,,0,005,"FIVE STAR BL","STANFORD RANCH RD",0.00,,Y,A,-,N,,,,,,,,,,N,4,0,2,2,A,-,08,22107,,N,B,C,A,A,H,-,-,A,0,,,,,Y,,A,01,0,0,2,0,0,0,0,0,0,"- ","- ",,,PLACER,ROSEVILLE,-121.26571655273438,38.78179931640625
9116602,2020,2020-09-03,3105,2020-06-16,1156,369,,2,5,5,3105,0,0,0,,0,002,"DOUGLAS BL","EAST ROSEVILLE PKWY",1300.00,E,N,A,-,N,,,,,,,,,,Y,3,0,1,2,A,-,08,22107,,N,B,C,A,A,H,-,A,D,0,,,Y,,Y,,A,07,0,1,0,0,0,0,0,0,1,"- ","- ",,,PLACER,ROSEVILLE,-121.23140716552734,38.743927001953125
91166331,2020,2020-01-15,9220,2020-01-11,0910,018768,,6,1,9,3100,0,2,4,,1,012,"BASELINE RD","LOCUST RD",25.00,E,N,B,-,N,,,,,,,,,,Y,4,0,2,2,A,-,03,22350,,N,C,C,A,A,H,-,A,A,0,,,,,Y,,A,07,0,0,2,0,0,0,0,0,0,"- ","- ",38.751590728759766,-121.46965026855469,PLACER,UNINCORPORATED,-121.46970367431641,38.751579284667969
91166921,2020,2020-01-16,9221,2020-01-15,0905,014763,,3,1,9,3100,0,1,1,,2,384,"I-80 WESTBOUND","CARPENTER RD",1584.00,E,N,A,-,Y,,,80,,,,,,W,Y,2,0,1,2,A,-,08,22107,,N,C,E,A,A,H,-,A,D,0,,,,Y,Y,,F,26,1,0,0,0,0,0,0,0,0,"- ","- ",39.116428375244141,-120.94332885742188,PLACER,UNINCORPORATED,-120.94340515136719,39.116470336914062
91167165,2020,2020-01-16,9220,2020-01-10,2100,018752,,5,2,9,3100,0,3,5,,2,020,"DOUGLAS BLVD","SIERRA COLLEGE BLVD",0.00,,Y,A,-,N,,,,,,,,,,Y,3,0,3,3,A,-,09,21453,C,N,A,C,A,A,H,-,C,A,0,,,,,Y,Y,A,07,0,1,2,0,0,0,0,0,0,"- ","- ",38.743820190429688,-121.22624969482422,PLACER,UNINCORPORATED,-121.22630310058594,38.743808746337891
91169078,2020,2020-02-20,9220,2020-01-11,2006,018752,,6,2,9,3100,0,3,5,,2,010,"INDUSTRIAL AVE","S LOOP RD",250.00,N,N,A,-,N,,,,,,,,,,Y,4,0,1,2,A,-,01,23152,A,N,A,C,A,A,H,-,D,A,0,,,,,Y,Y,D,22,0,0,1,0,0,0,0,0,0,"- ","- ",38.815391540527344,-121.30729675292969,PLACER,UNINCORPORATED,-121.3072509765625,38.815296173095703
91169119,2019,2020-01-23,9220,2019-12-04,1305,017534,,3,1,9,3100,0,1,3,,1,249,"STATE ROUTE 49","CRAMER ROAD",356.00,N,N,B,-,Y,,,49,,,,,,,Y,1,1,1,4,C,-,18,,,N,B,C,A,B,H,-,A,D,0,,,,,Y,,-,"- ",1,0,0,0,0,0,0,0,0,"- ","- ",38.986560821533203,-121.10977172851562,PLACER,UNINCORPORATED,-121.10970306396484,38.986564636230469
91169316,2020,2020-01-21,9221,2020-01-16,1620,021216,,4,2,9,3100,0,3,5,,2,070,"RIDGE ROAD","FROST HILL ROAD",350.00,S,N,B,D,N,,,,,,,,,,Y,4,0,1,1,A,-,03,22350,,N,E,I,A,C,H,-,A,D,0,,,,,Y,,A,07,0,0,1,0,0,0,0,0,0,"- ","- ",39.193981170654297,-120.83020782470703,PLACER,UNINCORPORATED,-120.83003234863281,39.194179534912109
91169503,2020,2020-01-21,9220,2020-01-16,1820,016429,,4,2,5,3105,0,1,1,,2,281,"I-80 E/B","RIVERSIDE AVE",200.00,W,N,B,-,Y,,,,,,,,,,N,4,0,1,2,A,-,08,22107,,N,E,I,A,B,H,-,C,D,0,,,,,Y,,A,01,0,0,1,0,0,0,0,0,0,"- ","- ",38.432300567626953,-121.17299652099609,PLACER,ROSEVILLE,-121.29083251953125,38.724498748779297
91170798,2020,2020-01-22,9220,2020-01-20,1450,016429,,1,2,9,3100,0,2,4,,2,027,"AUBURN FOLSOM RD","DOUGLAS BLVD",500.00,S,N,A,-,N,,,,,,,,,,Y,4,0,1,2,A,-,09,21801,A,N,D,C,A,A,H,-,A,D,0,,,,,Y,,A,07,0,0,1,0,0,0,0,0,0,"- ","- ",38.443000793457031,-121.10130310058594,PLACER,UNINCORPORATED,-121.17063140869141,38.742076873779297
91177617,2020,2020-01-31,9220,2020-01-28,0735,017027,,2,1,9,3100,0,2,4,,2,032,"WEST WISE ROAD","MANZANITA CEMETERY RD",2112.00,E,N,B,-,N,,,,,,,,,,Y,3,0,1,1,A,-,08,22107,,N,E,I,A,A,H,-,B,D,0,,,,,Y,,A,01,0,1,0,0,0,0,0,0,0,"- ","- ",38.926490783691406,-121.31021118164062,PLACER,UNINCORPORATED,-121.31021118164062,38.926490783691406
91178401,2020,2020-02-03,9220,2020-01-20,0042,016685,,1,3,9,3100,0,1,3,,2,293,"SR-193 E/B","TWIN PONDS LANE",800.00,W,N,B,-,Y,,,193,,,,,,E,Y,2,0,1,1,A,-,01,23152,A,N,E,I,A,A,H,-,D,D,0,,,,,Y,Y,D,22,1,0,0,0,0,0,0,0,0,"- ","- ",38.886600494384766,-121.23174285888672,PLACER,UNINCORPORATED,-121.23174285888672,38.886569976806641
91181621,2020,2020-02-06,9220,2020-02-02,0325,018768,,7,3,2,3103,0,1,3,,1,265,"STATE ROUTE 65 (SOUTHBOUND)","FERRARI RANCH U/C",5.00,S,N,A,-,Y,,,65,,,,,,,Y,3,0,1,1,A,-,01,23152,A,N,E,I,A,A,H,-,C,D,0,,,,,Y,Y,A,01,0,1,0,0,0,0,0,0,0,"- ","- ",38.870330810546875,-121.30786895751953,PLACER,LINCOLN,-121.30790710449219,38.870285034179688
91183358,2020,2020-02-10,9220,2020-02-02,2125,017375,,7,2,9,3100,0,3,5,,2,070,"VIRGINIATOWN RD","FOWLER RD",0.00,,Y,A,-,N,,,,,,,,,,Y,3,0,1,1,A,-,12,22450,A,N,E,I,A,A,H,-,D,A,0,,,,,Y,,A,01,0,1,0,0,0,0,0,0,0,"- ","- ",38.535160064697266,-121.13099670410156,PLACER,UNINCORPORATED,-121.219482421875,38.897708892822266
91183744,2019,2020-02-10,9220,2019-12-06,1712,017863,,5,2,9,3100,0,1,3,,1,249,SR-49,"JOEGER RD.",388.00,N,N,B,-,Y,,,49,,,,,,,Y,1,1,2,3,A,-,01,23152,A,N,A,C,A,A,H,-,D,D,0,,,,,Y,Y,A,01,1,1,0,0,0,0,0,0,0,"- ","- ",38.965019226074219,-121.10420227050781,PLACER,UNINCORPORATED,-121.10421752929688,38.965019226074219
91184672,2020,2020-02-11,9220,2020-02-06,1348,016657,,4,1,9,3100,0,2,4,,2,042,"MOUNT VERNON RD","HEATHER LN",33.00,S,N,A,-,N,,,,,,,,,,Y,4,0,2,1,A,-,08,22107,,N,E,I,A,A,H,-,A,D,0,,,,,Y,,A,01,0,0,2,0,0,0,0,0,0,"- ","- ",38.944499969482422,-121.15370178222656,PLACER,UNINCORPORATED,-121.15362548828125,38.944496154785156
91187015,2020,2020-02-14,9220,2020-02-07,0755,019148,,5,1,5,3105,0,1,1,,2,281,"I-80 W/B","EUREKA RD",1000.00,E,N,A,-,Y,,,80,,,,,,W,Y,3,0,2,2,A,-,03,22350,,N,C,C,A,A,H,-,A,D,0,,,,,Y,,A,07,0,1,1,0,0,0,0,0,0,"- ","- ",38.760200500488281,-121.26048278808594,PLACER,ROSEVILLE,-121.26042175292969,38.760162353515625
91189455,2020,2020-02-19,9220,2020-02-17,1635,016031,,1,2,9,3100,0,2,4,,2,077,"AUBURN FOLSOM RD","BURL LN",305.00,S,N,A,-,N,,,,,,,,,,Y,3,0,3,1,A,-,05,21650,,N,F,A,A,A,H,-,A,D,0,,,,,Y,,A,01,0,3,0,0,0,0,0,0,0,"- ","- ",38.845951080322266,-121.11341857910156,PLACER,UNINCORPORATED,-121.11299133300781,38.846160888671875
91191021,2020,2020-02-21,9220,2020-02-19,1724,017482,,3,2,9,3100,0,1,3,,1,249,SR-49,"COTTAGE DR",0.00,,Y,A,-,Y,,,49,,,,,,,Y,4,0,1,2,A,-,09,21801,A,N,D,C,A,A,H,-,A,D,0,,,,,Y,,A,01,0,0,1,0,0,0,0,0,0,"- ","- ",38.936508178710938,-121.09474945068359,PLACER,UNINCORPORATED,-121.09465789794922,38.936588287353516
91192862,2020,2020-02-25,9221,2020-02-17,1402,015950,,1,2,9,3100,0,1,1,,2,385,"I-80 WESTBOUND",SR-174,1584.00,E,N,A,-,Y,,,80,,,,,,W,Y,2,0,1,5,A,-,03,22350,,N,C,C,A,A,H,-,A,D,0,,,,,Y,,D,22,1,0,0,0,0,0,0,0,0,"- ","- ",39.0997314453125,-120.94911193847656,PLACER,UNINCORPORATED,-120.94916534423828,39.099742889404297
91194938,2020,2020-02-27,9220,2020-02-14,1755,15060,,5,2,5,3105,0,1,3,,1,265,"SR-65 (S/B)","PLEASANT GROVE BLVD",20.00,S,N,A,-,Y,,,65,,,,,,,Y,4,0,5,4,A,-,03,22350,,N,C,C,A,A,H,-,C,D,0,,,,,Y,,A,01,0,0,5,0,0,0,0,0,0,"- ","- ",38.786350250244141,-121.28398895263672,PLACER,ROSEVILLE,-121.28398132324219,38.786369323730469
91195004,2020,2020-02-27,9220,2020-02-18,1430,016481,,2,2,9,3100,0,3,5,,2,040,"CRATER HILL RD","SPANISH CORRAL LN",10.00,W,N,A,-,N,,,,,,,,,,Y,4,0,1,1,A,-,03,22350,,N,H,J,A,A,H,-,A,D,0,,,Y,,Y,,C,02,0,0,1,0,0,0,0,0,1,"- ","- ",38.499099731445312,-121.40023040771484,PLACER,UNINCORPORATED,-121.12315368652344,38.904556274414062
91195043,2020,2020-02-27,9220,2020-02-19,1845,015917,,3,2,9,3100,0,2,4,,2,021,"SIERRA COLLEGE BLVD","CAVITT STALLMAN RD",0.00,,Y,A,-,N,,,,,,,,,,N,4,0,1,2,A,-,09,21801,A,F,B,C,A,A,H,-,C,A,0,,,,,Y,,A,01,0,0,1,0,0,0,0,0,0,"- ","- ",38.746799468994141,-121.22630310058594,PLACER,UNINCORPORATED,-121.2264404296875,38.748008728027344
91195071,2020,2020-02-27,9220,2020-02-20,2335,018768,,4,3,9,3100,0,2,4,,1,013,"WALERGA RD","PFE RD",470.00,S,N,A,-,N,,,,,,,,,,Y,4,0,1,2,A,-,01,23152,A,M,C,C,A,A,H,-,D,D,0,,,,,Y,Y,A,01,0,0,1,0,0,0,0,0,0,"- ","- ",38.727451324462891,-121.36456298828125,PLACER,UNINCORPORATED,-121.36461639404297,38.727519989013672
91195112,2020,2020-02-27,9220,2020-02-20,1415,014611,,4,2,5,3105,0,1,1,,2,281,"I-80 W/B","ATLANTIC ST",1000.00,E,N,A,-,Y,,,80,,,,,,W,Y,4,0,2,1,A,-,08,22107,,N,E,I,A,A,H,-,A,D,0,,,,,Y,,A,01,0,0,2,0,0,0,0,0,0,"- ","- ",38.761341094970703,-121.25959014892578,PLACER,ROSEVILLE,-121.25963592529297,38.761371612548828
91195138,2020,2020-02-27,9220,2020-02-23,1815,017375,,7,2,5,3105,0,1,1,,2,281,"I-80 W/B","DOUGLAS BLVD",200.00,W,N,A,-,Y,,,80,,,,,,W,N,4,0,1,3,A,-,03,22350,,N,C,C,A,A,H,-,D,D,0,,,,,Y,,A,01,0,0,1,0,0,0,0,0,0,"- ","- ",38.742008209228516,-121.272216796875,PLACER,ROSEVILLE,-121.27222442626953,38.742012023925781
91195145,2020,2020-02-27,9220,2020-02-11,1352,013997,,2,1,9,3100,0,3,5,,2,050,"WEST WEIMAR CROSS ROAD","I-80 ON RAMP FROM WEIMAR CROSS RD",209.00,E,N,A,-,Y,,,,,,,,,,Y,2,0,2,2,A,-,05,21460,A,F,A,C,A,A,H,-,A,D,0,,,,,Y,,A,01,2,0,0,0,0,0,0,0,0,"- ","- ",39.044700622558594,-120.97402954101562,PLACER,UNINCORPORATED,,
91200625,2020,2020-03-03,9220,2020-02-28,1532,017027,,5,2,9,3100,0,1,3,,1,249,"GRASS VALLEY HWY","LUTHER RD",125.00,S,N,A,-,Y,,,,,,,,,,Y,4,0,1,3,A,-,03,22350,,N,C,C,A,A,H,-,A,D,0,,,,,Y,,A,01,0,0,1,0,0,0,0,0,0,"- ","- ",38.926979064941406,-121.08609771728516,PLACER,UNINCORPORATED,,
91201375,2020,2020-03-04,9220,2020-02-25,1510,015917,,2,2,9,3100,0,2,4,,1,013,"WALERGA RD","TILLER WAY",1000.00,N,N,A,-,N,,,,,,,,,,N,4,0,1,2,A,-,03,22350,,N,C,C,A,A,H,-,A,D,0,,,,,Y,,A,01,0,0,1,0,0,0,0,0,0,"- ","- ",38.736900329589844,-121.36470031738281,PLACER,UNINCORPORATED,-121.36445617675781,38.736888885498047
91201520,2020,2020-03-04,9220,2020-03-03,2245,018768,,2,3,9,3100,0,2,4,,2,071,"SIERRA COLLEGE BLVD","DELMAR AVE",1300.00,S,N,A,-,N,,,,,,,,,,Y,4,0,1,1,A,-,08,22107,,N,E,I,A,A,H,-,D,D,0,,,,,Y,,A,01,0,0,1,0,0,0,0,0,0,"- ","- ",38.831401824951172,-121.21768951416016,PLACER,UNINCORPORATED,-121.21762084960938,38.831474304199219
91203381,2020,2020-03-06,9220,2020-03-03,1515,014611,,2,2,5,3105,0,1,1,,2,281,"I-80 E/B",SR-65,1500.00,W,N,A,-,Y,,,80,,,,,,E,N,4,0,1,2,A,-,03,22350,,N,C,C,A,A,H,-,A,D,0,,,,,Y,,A,01,0,0,1,0,0,0,0,0,0,"- ","- ",38.76715087890625,-121.25273895263672,PLACER,ROSEVILLE,-121.25279998779297,38.767246246337891
91206980,2020,2020-03-12,9220,2020-03-07,2230,019040,,6,3,9,3100,0,1,1,,2,281,"I-80 E/B","DOUGLAS BLVD",1200.00,W,N,B,-,Y,,,,,,,,,,Y,4,0,1,2,A,-,08,22107,,N,B,C,A,B,H,-,D,D,0,,,,,Y,,A,01,0,0,1,0,0,0,0,0,0,"- ","- ",38.749031066894531,-121.27278137207031,PLACER,UNINCORPORATED,-121.2725830078125,38.741138458251953
91207114,2020,2020-03-12,9220,2020-03-09,1600,016391,,1,2,9,3100,0,1,3,,1,249,"STATE ROUTE 49 SOUTHBUOND (SR-49)","NEVADA WAY",10.00,S,N,A,-,Y,,,49,,,,,,,Y,4,0,1,3,A,-,03,22350,,N,C,C,A,A,H,-,A,D,0,,,,,Y,,D,22,0,0,1,0,0,0,0,0,0,"- ","- ",38.919540405273438,-121.08180999755859,PLACER,UNINCORPORATED,-121.08168029785156,38.919609069824219
91209401,2020,2020-03-16,9220,2020-03-04,0555,016682,,3,3,5,3105,0,1,3,,1,265,"SR-65 S/B","I-80 WB",188.00,N,N,A,-,Y,,,,,,,,,,Y,3,0,1,3,C,-,18,,,N,D,C,A,D,G,-,B,D,0,,,,,Y,,-,"- ",0,1,0,0,0,0,0,0,0,"- ","- ",38.768260955810547,-121.25189971923828,PLACER,ROSEVILLE,,
91211694,2020,2020-03-19,9221,2020-03-14,1327,018158,,6,1,9,3100,0,1,1,,2,386,"I-80 W/B","5000' MARKER",1237.00,E,N,B,D,Y,,,,,,,,,,Y,3,0,3,3,A,-,08,22107,,N,D,C,A,C,H,-,A,A,0,,,,,Y,,A,01,0,3,0,0,0,0,0,0,0,"- ","- ",39.270721435546875,-120.12071990966797,PLACER,UNINCORPORATED,,
91213998,2019,2020-03-23,9220,2019-12-23,1830,016031,,1,2,9,3100,0,1,3,,2,293,"SR-193 W/B","SKYVIEW DR",2640.00,E,N,B,-,Y,,,193,,,,,,W,Y,1,1,0,1,A,-,08,22107,,N,F,A,A,A,H,-,D,D,0,,,,,Y,,A,07,0,0,0,0,0,0,0,0,0,"- ","- ",38.878910064697266,-121.14536285400391,PLACER,UNINCORPORATED,-121.14536285400391,38.878971099853516
91219036,2020,2020-03-31,9221,2020-03-29,1930,018530,,7,2,9,3100,0,1,1,,2,388,"I-80 W/B","CISCO RD",5280.00,E,N,B,-,Y,,,80,,,,,,W,Y,3,0,1,1,A,-,03,22350,,N,E,I,A,A,H,-,A,D,0,,,,,Y,,A,01,0,1,0,0,0,0,0,0,0,"- ","- ",39.306198120117188,-120.52590179443359,PLACER,UNINCORPORATED,-120.52592468261719,39.306098937988281
91219832,2020,2020-04-02,9220,2020-03-29,1015,013997,,7,1,9,3100,0,2,4,,2,062,"FORESTHILL ROAD","LAKE CLEMENTINE ROAD",3696.00,E,N,B,-,N,,,,,,,,,,N,3,0,1,2,A,-,05,21460,A,F,B,C,A,A,H,-,A,D,0,,,,,Y,,-,99,0,1,0,0,0,0,0,0,0,"- ","- ",38.941471099853516,-120.99179840087891,PLACER,UNINCORPORATED,-120.99324798583984,38.939838409423828
91220069,2020,2020-04-02,9220,2020-03-31,1943,017027,,2,2,9,3100,0,2,4,,2,046,"BELL RD","LONE STAR RD",528.00,S,N,A,-,N,,,,,,,,,,Y,3,0,1,1,A,-,01,23152,A,N,E,I,A,A,H,-,D,D,0,,,,,Y,Y,D,22,0,1,0,0,0,0,0,0,0,"- ","- ",38.998100280761719,-121.13543701171875,PLACER,UNINCORPORATED,-121.13535308837891,38.999004364013672
91220278,2020,2020-04-03,9220,2020-04-01,2330,016031,,3,3,9,3100,0,3,5,,2,020,"SHELBORNE DR","MERRYWOOD CT",1056.00,E,N,A,-,N,,,,,,,,,,Y,3,0,1,1,A,-,01,23152,A,N,E,I,A,A,H,-,D,D,0,,,,,Y,Y,A,01,0,1,0,0,0,0,0,0,0,"- ","- ",38.758819580078125,-121.16866302490234,PLACER,UNINCORPORATED,-121.16841125488281,38.758827209472656
91225461,2020,2020-04-14,9220,2020-04-11,1325,016429,,6,1,3,3101,0,1,1,,2,282,"I-80 E/B","MAPLE ST",340.00,W,N,A,-,Y,,,,,,,,,,N,4,0,2,2,A,-,03,22350,,N,C,C,A,A,H,-,A,D,0,,,,,Y,,D,22,0,0,2,0,0,0,0,0,0,"- ","- ",38.534500122070312,-121.0447998046875,PLACER,AUBURN,-121.07906341552734,38.896717071533203
91226763,2020,2020-04-17,9220,2020-04-09,0239,016031,,4,3,4,3104,0,1,1,,2,281,"I-80 E/B",SR-65,730.00,E,N,A,-,Y,,,80,,,,,,E,Y,3,0,1,1,A,-,01,23152,A,N,E,I,A,A,H,-,D,D,0,,,,,Y,Y,A,01,0,1,0,0,0,0,0,0,0,"- ","- ",38.771240234375,-121.24655151367188,PLACER,ROCKLIN,-121.24651336669922,38.77117919921875
91229260,2020,2020-04-24,9221,2020-04-16,1925,017669,,4,2,9,3100,0,1,1,,2,385,"I-80 W/B","CRYSTAL SPRINGS OVER CROSSING",1320.00,W,N,B,C,Y,,,80,,,,,,W,Y,4,0,2,1,A,-,03,22350,,N,E,I,A,B,H,-,D,D,0,,,,,Y,,A,07,0,0,2,0,0,0,0,0,0,"- ","- ",39.206409454345703,-120.79218292236328,PLACER,UNINCORPORATED,-120.79216766357422,39.206386566162109
91230787,2020,2020-04-29,9220,2020-04-23,0105,016657,,4,3,9,3100,0,1,3,,2,293,"SR-193 E/B","WOODLAKE LN",1580.00,E,N,A,-,Y,,,193,,,,,,E,Y,4,0,1,1,A,-,01,23152,F,M,E,I,A,A,H,-,D,D,0,,,,,Y,,A,01,0,0,1,0,0,0,0,0,0,"- ","- ",38.876899719238281,-121.16500091552734,PLACER,UNINCORPORATED,-121.16500091552734,38.87689208984375
91231501,2020,2020-04-30,9220,2020-04-21,2121,013465,,2,2,3,3101,0,1,S,,2,901,"SR-49 (EL DORADO ST.)","LINCOLN WAY",246.00,S,N,A,-,Y,,,49,,,,,,,Y,3,0,1,1,A,-,01,23152,F,N,E,I,A,A,H,-,C,D,0,,,,,Y,,A,01,0,1,0,0,0,0,0,0,0,"- ","- ",38.904121398925781,-121.06478118896484,PLACER,AUBURN,-121.06482696533203,38.904087066650391
91231504,2020,2020-04-30,9220,2020-04-23,2100,013465,,4,2,9,3100,0,3,5,,2,030,"MEADOW LARK LANE","ROLLING HILLS RD",530.00,N,N,A,-,N,,,,,,,,,,Y,3,0,1,1,A,-,01,23152,A,N,F,A,A,A,H,-,D,D,0,,,,,Y,Y,A,01,0,1,0,0,0,0,0,0,0,"- ","- ",38.993640899658203,-121.34928131103516,PLACER,UNINCORPORATED,-121.34940338134766,38.993526458740234
91234261,2020,2020-05-06,9220,2020-05-02,1505,017863,,6,2,9,3100,0,3,5,,2,050,"BOWMAN UNDERCROSSING RD.","I-80 OVERCROSSING",75.00,W,N,B,-,Y,,,,,,,,,,N,3,0,1,2,A,-,09,21802,A,N,H,G,A,A,H,-,A,A,0,,Y,,,Y,,A,07,0,1,0,0,0,0,1,0,0,"- ","- ",38.933128356933594,-121.05549621582031,PLACER,UNINCORPORATED,,
91234761,2020,2020-05-07,9222,2020-04-28,1525,016892,,2,2,9,3100,0,1,3,,1,016,SR-267,"MARTIS DAM RD",0.00,,Y,A,-,Y,,,267,,,,,,,Y,4,0,1,2,A,-,12,22450,A,N,D,C,A,A,H,-,A,A,0,,,,,Y,,A,01,0,0,1,0,0,0,0,0,0,"- ","- ",39.307731628417969,-120.13672637939453,PLACER,UNINCORPORATED,-120.13674163818359,39.307720184326172
9123483,2020,2020-09-25,3104,2020-07-04,1853,268,71,6,5,4,3104,0,0,0,,0,001,"ROCKLIN RD","EL DON",0.00,,Y,A,-,N,,,,,,,,,,Y,3,0,1,2,A,-,12,21453,,N,D,C,A,A,H,-,A,A,0,,,,,Y,Y,-,"- ",0,1,0,0,0,0,0,0,0,"- ",EO,38.788478851318359,-121.21501922607422,PLACER,ROCKLIN,-121.21498870849609,38.788551330566406
91236051,2020,2020-05-11,9220,2020-04-26,0700,019040,,7,1,9,3100,0,1,3,,1,249,"MAIN ST.",SR-49,0.00,,Y,A,-,Y,,,,,,,,,,N,3,0,1,2,A,-,09,21802,A,N,G,B,E,A,H,-,A,A,0,Y,,,,Y,,A,08,0,1,0,0,1,0,0,0,0,"- ","- ",38.952091217041016,-121.10057067871094,PLACER,UNINCORPORATED,,
91236539,2020,2020-05-12,9220,2020-05-05,2115,015917,,2,2,9,3100,0,1,1,,2,282,"I-80 EASTBOIUND TO HORSESHOE BAR RD","HORSESHOE BAR RD",300.00,E,N,A,-,Y,,,,,,,,,,Y,3,0,2,1,A,-,01,23152,F,N,F,A,A,A,H,-,C,D,0,,,Y,,Y,,C,02,0,2,0,0,0,0,0,0,2,"- ","- ",38.817298889160156,-121.18740081787109,PLACER,UNINCORPORATED,,
91237658,2020,2020-05-14,9220,2020-05-08,1810,018752,,5,2,9,3100,0,1,1,,2,282,"I-80 W/B","GILARDI RD",2972.00,E,N,A,-,Y,,,80,,,,,,W,Y,3,0,1,3,A,-,07,21658,A,N,B,C,A,A,H,-,A,D,0,,,,,Y,,D,22,0,1,0,0,0,0,0,0,0,"- ","- ",38.860469818115234,-121.13668823242188,PLACER,UNINCORPORATED,-121.13667297363281,38.860446929931641
91241256,2020,2020-05-22,9220,2020-05-13,0455,016031,,3,3,9,3100,0,3,5,,2,030,"GLADDING RD","MERRITT LN",30.00,S,N,A,-,N,,,,,,,,,,Y,4,0,1,1,A,-,01,23152,A,N,F,A,A,A,H,-,B,D,0,,,,,Y,Y,A,07,0,0,1,0,0,0,0,0,0,"- ","- ",38.940898895263672,-121.28903961181641,PLACER,UNINCORPORATED,-121.28917694091797,38.940925598144531
91241378,2020,2020-05-22,9220,2020-05-07,1430,013997,,4,2,9,3100,0,3,5,,2,050,"AUBURN RAVINE ROAD","BOWMAN ROAD",1056.00,W,N,A,-,N,,,,,,,,,,Y,2,0,1,2,A,-,03,22350,,N,H,F,A,A,H,-,A,A,0,,,,,Y,,A,01,1,0,0,0,0,0,0,0,0,"- ","- ",38.920539855957031,-121.06021881103516,PLACER,UNINCORPORATED,-121.05928039550781,38.92138671875