CASE_ID,ACCIDENT_YEAR,PROC_DATE,JURIS,COLLISION_DATE,COLLISION_TIME,OFFICER_ID,REPORTING_DISTRICT,DAY_OF_WEEK,CHP_SHIFT,POPULATION,CNTY_CITY_LOC,SPECIAL_COND,BEAT_TYPE,CHP_BEAT_TYPE,CITY_DIVISION_LAPD,CHP_BEAT_CLASS,BEAT_NUMBER,PRIMARY_RD,SECONDARY_RD,DISTANCE,DIRECTION,INTERSECTION,WEATHER_1,WEATHER_2,STATE_HWY_IND,CALTRANS_COUNTY,CALTRANS_DISTRICT,STATE_ROUTE,ROUTE_SUFFIX,POSTMILE_PREFIX,POSTMILE,LOCATION_TYPE,RAMP_INTERSECTION,SIDE_OF_HWY,TOW_AWAY,COLLISION_SEVERITY,NUMBER_KILLED,NUMBER_INJURED,PARTY_COUNT,PRIMARY_COLL_FACTOR,PCF_CODE_OF_VIOL,PCF_VIOL_CATEGORY,PCF_VIOLATION,PCF_VIOL_SUBSECTION,HIT_AND_RUN,TYPE_OF_COLLISION,MVIW,PED_ACTION,ROAD_SURFACE,ROAD_COND_1,ROAD_COND_2,LIGHTING,CONTROL_DEVICE,CHP_ROAD_TYPE,PEDESTRIAN_ACCIDENT,BICYCLE_ACCIDENT,MOTORCYCLE_ACCIDENT,TRUCK_ACCIDENT,NOT_PRIVATE_PROPERTY,ALCOHOL_INVOLVED,STWD_VEHTYPE_AT_FAULT,CHP_VEHTYPE_AT_FAULT,COUNT_SEVERE_INJ,COUNT_VISIBLE_INJ,COUNT_COMPLAINT_PAIN,COUNT_PED_KILLED,COUNT_PED_INJURED,COUNT_BICYCLIST_KILLED,COUNT_BICYCLIST_INJURED,COUNT_MC_KILLED,COUNT_MC_INJURED,PRIMARY_RAMP,SECONDARY_RAMP,LATITUDE,LONGITUDE,COUNTY,CITY,POINT_X,POINT_Y
9248225,2021,2021-04-26,3100,2021-03-11,1714,211,,4,5,2,3106,0,0,0,,0,LOP,"HORSESHOE BAR RD","RT 80",6.00,W,N,A,-,Y,PLA,3,80,-,-,8.855,R,4,E,Y,3,0,1,2,A,-,09,21804,A,N,A,C,A,A,H,-,A,A,0,,,,,Y,,-,,0,1,0,0,0,0,0,0,0,"- ","- ",,,PLACER,LOOMIS,-121.18734741210938,38.818069458007812
9248869,2021,2021-04-30,3105,2021-04-10,1319,1117,,6,5,5,3105,0,0,0,,0,005,"FAIRWAY DR","PLEASANT GROVE BL",770.00,E,N,A,-,N,,,,,,,,,,N,4,0,1,2,A,-,09,21804,B,N,D,C,A,A,H,-,A,D,0,,,,Y,Y,,A,07,0,0,1,0,0,0,0,0,0,"- ","- ",38.788669586181641,-121.27883911132812,PLACER,ROSEVILLE,-121.28370666503906,38.790184020996094
9249133,2021,2021-04-30,3104,2021-04-05,1045,226,5,1,5,4,3104,0,0,0,,0,004,"ANVIL CR","ANVIL CT",40.00,W,N,A,-,N,,,,,,,,,,N,3,0,1,2,A,-,09,21804,A,N,D,G,A,A,H,-,A,A,0,,Y,,,Y,,L,04,0,1,0,0,0,0,1,0,0,"- ","- ",38.825641632080078,-121.27606964111328,PLACER,ROCKLIN,-121.27630615234375,38.82574462890625
9250186,2021,2021-05-03,3104,2021-04-04,0000,301,7,7,5,4,3104,0,0,0,,0,004,"WILDCAT BL","WHITNEY RANCH PKWY",15.00,N,N,A,-,N,,,,,,,,,,N,3,0,1,2,A,-,07,21658,A,N,B,C,A,A,H,-,A,A,0,,,,,Y,,A,01,0,1,0,0,0,0,0,0,0,"- ","- ",38.830551147460938,-121.28795623779297,PLACER,ROCKLIN,-121.28810119628906,38.830490112304688
9250722,2021,2021-05-17,3105,2021-04-08,0630,197,,4,5,5,3105,0,0,0,,0,002,"EUREKA RD","ASHFORD DR",100.00,S,N,A,-,N,,,,,,,,,,Y,4,0,2,2,A,-,08,22107,,N,B,C,A,A,H,-,B,A,0,,,,,Y,,A,01,0,0,2,0,0,0,0,0,0,"- ","- ",38.738510131835938,-121.24075317382812,PLACER,ROSEVILLE,-121.240478515625,38.738311767578125
9250724,2021,2021-05-17,3105,2021-04-07,1430,1160,,3,5,5,3105,0,0,0,,0,003,"AUBURN BL","WHYTE AV",0.00,,Y,A,-,N,,,,,,,,,,N,4,0,2,2,A,-,08,22107,,N,B,C,A,A,H,-,A,D,0,,,,,Y,,A,01,0,0,2,0,0,0,0,0,0,"- ","- ",38.722068786621094,-121.29042053222656,PLACER,ROSEVILLE,-121.29043579101562,38.722087860107422
9250940,2021,2021-05-05,3105,2021-03-06,1746,1158,,6,5,5,3105,0,0,0,,0,007,"BLUE OAKS BL","CROCKER RANCHO RD",5.00,E,N,A,-,N,,,,,,,,,,N,4,0,1,2,A,-,03,22350,,F,C,C,A,A,H,-,A,A,0,,,,,Y,Y,-,99,0,0,1,0,0,0,0,0,0,"- ","- ",38.795341491699219,-121.34127044677734,PLACER,ROSEVILLE,-121.34123992919922,38.79534912109375
9250969,2021,2021-05-06,3105,2021-04-20,1414,1015,,2,5,5,3105,0,0,0,,0,006,"BLUE OAKS BL","NEW MEADOW DR",146.00,W,N,A,-,N,,,,,,,,,,N,3,0,1,2,D,-,00,,,N,B,C,A,A,H,-,A,B,0,,,Y,,Y,,-,"- ",0,1,0,0,0,0,0,0,1,"- ","- ",38.795501708984375,-121.32479095458984,PLACER,ROSEVILLE,-121.32209014892578,38.795291900634766
9250972,2021,2021-05-06,3105,2021-04-06,1026,184,,2,5,5,3105,0,0,0,,0,006,"JUNCTION BL","COUNTRY CLUB DR",500.00,W,N,A,-,N,,,,,,,,,,Y,3,0,1,2,A,-,07,21658,A,N,B,C,A,A,H,-,A,D,0,,,,,Y,,A,01,0,1,0,0,0,0,0,0,0,"- ","- ",38.756229400634766,-121.32711791992188,PLACER,ROSEVILLE,-121.32882690429688,38.756580352783203
9250974,2021,2021-05-06,3105,2021-04-11,0327,1138,,7,5,5,3105,0,0,0,,0,003,"RIVERSIDE AV","CIRBY WAY",0.00,,Y,A,-,N,,,,,,,,,,Y,4,0,1,1,A,-,01,23152,A,N,E,I,A,A,H,-,-,A,0,,,,,Y,Y,A,01,0,0,1,0,0,0,0,0,0,"- ","- ",38.725109100341797,-121.29045867919922,PLACER,ROSEVILLE,-121.29045867919922,38.729347229003906
9250976,2021,2021-05-06,3105,2021-04-15,1830,1113,,4,5,5,3105,0,0,0,,0,003,"FOLSOM RD","LINDA DR",0.00,,Y,A,-,N,,,,,,,,,,N,4,0,2,2,A,-,03,22350,,F,C,C,A,A,H,-,A,D,0,,,,,Y,,-,,0,0,2,0,0,0,0,0,0,"- ","- ",,,PLACER,ROSEVILLE,-121.28021240234375,38.750194549560547
9254818,2021,2021-05-05,3105,2021-04-06,1635,1115,,2,5,5,3105,0,0,0,,0,001,"GALLERIA BL","RT 65",150.00,S,N,A,-,Y,PLA,3,65,-,R,5.820,R,4,S,Y,4,0,1,2,A,-,03,22350,,N,C,C,A,A,H,-,-,A,0,,,,,Y,,D,23,0,0,1,0,0,0,0,0,0,"- ",NO,38.778621673583984,-121.26580047607422,PLACER,ROSEVILLE,-121.26412200927734,38.776420593261719
9254861,2021,2021-04-29,3105,2021-03-31,1539,1162,,3,5,5,3105,0,0,0,,0,006,"PLEASANT GROVE BL","FOOTHILL BL",675.00,W,N,A,-,N,,,,,,,,,,Y,4,0,2,2,A,-,09,21801,A,N,D,C,A,A,H,-,A,D,0,,,,,Y,,A,01,0,0,2,0,0,0,0,0,0,"- ","- ",,,PLACER,ROSEVILLE,-121.31521606445312,38.772216796875
9254974,2021,2021-05-05,3105,2021-04-21,0700,197,,3,5,5,3105,0,0,0,,0,002,"DOUGLAS BL","N SUNRISE AV N",0.00,,Y,A,-,N,,,,,,,,,,Y,4,0,1,2,A,-,12,21453,A,N,D,C,A,A,H,-,A,A,0,,,,,Y,,D,22,0,0,1,0,0,0,0,0,0,"- ","- ",38.744129180908203,-121.26622772216797,PLACER,ROSEVILLE,-121.26619720458984,38.744098663330078
9255031,2021,2021-05-05,3105,2021-04-15,0627,1109,,4,5,5,3105,0,0,0,,0,003,"CIRBY WY","VERNON ST",0.00,,Y,A,-,N,,,,,,,,,,Y,3,0,1,2,A,-,12,21453,A,N,A,C,A,A,H,-,A,A,0,,,,,Y,,D,22,0,1,0,0,0,0,0,0,0,"- ","- ",38.72930908203125,-121.29972839355469,PLACER,ROSEVILLE,-121.29971313476562,38.729286193847656
9256402,2021,2021-07-22,3105,2021-04-04,1452,180,,7,5,5,3105,0,0,0,,0,006,"WOODCREEK OAKS BL","LIVERPOOL LN",0.00,,Y,A,-,N,,,,,,,,,,Y,1,1,1,1,A,-,01,23153,F,N,F,I,A,-,H,-,A,D,0,,,,,Y,,A,01,0,1,0,0,0,0,0,0,0,"- ","- ",38.784431457519531,-121.33322143554688,PLACER,ROSEVILLE,-121.33389282226562,38.783233642578125
9256869,2021,2021-05-13,3105,2021-03-21,1046,1161,,7,5,5,3105,0,0,0,,0,005,"PLEASANT GROVE BL","HIGHLAND POINTE DR",0.00,,Y,A,-,N,,,,,,,,,,N,3,0,1,2,A,-,03,22350,,N,A,B,B,A,H,-,A,D,0,Y,,,,Y,,-,,0,1,0,0,1,0,0,0,0,"- ","- ",38.787860870361328,-121.28949737548828,PLACER,ROSEVILLE,-121.2867431640625,38.783275604248047
9258906,2021,2021-05-19,3103,2021-04-15,1454,BSCHN,L5,4,5,2,3103,0,0,0,,0,0L3,"LINCOLN BL","3RD ST",191.00,N,N,A,-,N,,,,,,,,,,N,4,0,1,3,A,-,"- ",,,M,H,G,A,A,H,-,A,D,0,,Y,,Y,Y,,L,04,0,0,1,0,0,0,1,0,0,"- ","- ",38.889610290527344,-121.29277038574219,PLACER,LINCOLN,-121.29280090332031,38.889705657958984
9259454,2021,2021-05-12,3103,2021-04-18,2207,BRPGR,L6,7,5,2,3103,0,0,0,,0,0L4,"FERRARI RANCH RD","LINCOLN RD",0.00,,Y,A,-,N,,,,,,,,,,Y,3,0,1,2,A,-,01,23153,A,N,C,C,A,A,H,-,C,A,0,,,,,Y,Y,A,07,0,1,0,0,0,0,0,0,0,"- ","- ",38.879631042480469,-121.29543304443359,PLACER,LINCOLN,-121.29541015625,38.879631042480469
92595456,2024,2024-07-23,9220,2024-07-20,1640,021719,,6,2,9,3100,0,1,1,,2,283,"I-80 E/B TO CANYON WAY","CANYON WAY",115.00,W,N,A,-,Y,,,,,,,,,,N,3,0,2,1,A,-,03,22350,,N,E,I,A,A,H,-,A,D,0,,,,,Y,,A,01,0,2,0,0,0,0,0,0,0,"- ","- ",39.077228546142578,-120.96009826660156,PLACER,UNINCORPORATED,-120.95844268798828,39.080844879150391
9260064,2021,2021-05-20,3105,2021-05-01,1916,1141,,6,5,5,3105,0,0,0,,0,004,"GALLERIA BL","BERRY ST",0.00,,Y,A,-,N,,,,,,,,,,N,3,0,2,2,A,-,03,22350,,N,D,C,A,A,H,-,A,D,0,,,,,Y,,A,01,0,2,0,0,0,0,0,0,0,"- ","- ",38.763629913330078,-121.26773834228516,PLACER,ROSEVILLE,-121.26567840576172,38.759391784667969
92601855,2024,2024-07-25,9220,2024-07-13,"719 ",020465,,6,1,9,3100,0,1,3,,1,267,SR-65,"RIOSA ROAD",0.00,,Y,B,-,Y,PLA,,65," ",L,23.188,H,,R,N,3,0,1,2,A,-,09,21453,C,N,D,C,A,A,H,-,A,A,0,,,,,Y,,A,08,0,1,0,0,0,0,0,0,0,"- ","- ",38.978801727294922,-121.38256072998047,PLACER,UNINCORPORATED,-121.38246917724609,38.978824615478516
9261151,2021,2021-05-05,3105,2021-04-17,0952,1063,,6,5,5,3105,0,0,0,,0,,"DOUGLAS BL","SUNRISE AV",578.00,W,N,A,-,Y,PLA,3,80,-,-,2.188,R,4,W,Y,4,0,2,2,A,-,12,21453,A,N,D,C,A,A,H,-,-,A,0,,,,,Y,,A,01,0,0,2,0,0,0,0,0,0,"- ","- ",38.744129180908203,-121.26622772216797,PLACER,ROSEVILLE,-121.26901245117188,38.746902465820312
9262024,2021,2021-05-17,3104,2021-04-20,1832,276,43,2,5,4,3104,0,0,0,,0,001,"RT 80","ROCKLIN RD",0.00,,Y,A,-,Y,PLA,3,80,-,-,6.214,R,4,W,Y,4,0,1,2,A,-,12,21453,A,N,D,C,A,A,H,-,A,A,0,,,,,Y,,A,01,0,0,1,0,0,0,0,0,0,WF,"- ",38.789619445800781,-121.22061920166016,PLACER,ROCKLIN,-121.22090148925781,38.790096282958984
9262085,2021,2021-05-07,3104,2021-04-19,0629,315,25,1,5,4,3104,0,0,0,,0,003,"PARK DR","STANFORD RANCH RD",0.00,,Y,A,-,N,,,,,,,,,,N,3,0,1,1,B,-,22,,,N,F,A,A,A,H,-,A,A,0,,Y,,,Y,,-,"- ",0,1,0,0,0,0,1,0,0,"- ","- ",38.814510345458984,-121.25784301757812,PLACER,ROCKLIN,-121.25804901123047,38.814407348632812
9262641,2021,2021-05-20,3105,2021-04-26,2304,1128,,1,5,5,3105,0,0,0,,0,003,"CIRBY WY","MELODY LN",0.00,,Y,A,-,N,,,,,,,,,,N,2,0,1,2,A,-,05,21202,A,F,G,G,A,A,H,-,C,A,0,,Y,,,Y,Y,L,04,1,0,0,0,0,0,1,0,0,"- ","- ",,,PLACER,ROSEVILLE,-121.29210662841797,38.729339599609375
9262643,2021,2021-05-20,3105,2021-04-20,1144,1159,,2,5,5,3105,0,0,0,,0,006,"ROSEVILLE PKWY","BLUE OAKS BL",0.00,,Y,A,-,N,,,,,,,,,,Y,4,0,1,2,A,-,21,22106,,N,C,C,A,A,H,-,A,A,0,,,,,Y,,A,01,0,0,1,0,0,0,0,0,0,"- ","- ",38.795230865478516,-121.32317352294922,PLACER,ROSEVILLE,,
9262644,2021,2021-05-21,3105,2021-04-23,2342,1163,,5,5,5,3105,0,0,0,,0,006,"BASELINE RD","LONGVIEW DR",0.00,,Y,B,G,N,,,,,,,,,,Y,4,0,6,1,A,-,03,22350,,N,F,A,A,A,H,-,C,A,0,,,,,Y,,A,07,0,0,6,0,0,0,0,0,0,"- ","- ",38.751869201660156,-121.32108306884766,PLACER,ROSEVILLE,-121.32106781005859,38.751865386962891
9262893,2021,2021-05-13,3104,2021-04-24,1400,296,42,6,5,4,3104,0,0,0,,0,001,"SCHRIBER WY","SIERRA COLLEGE BL",865.00,E,N,A,-,N,,,,,,,,,,N,3,0,1,2,A,-,09,21801,A,N,D,C,A,A,H,-,A,D,0,,,Y,,Y,,A,01,0,1,0,0,0,0,0,0,1,"- ","- ",38.7994384765625,-121.20542144775391,PLACER,ROCKLIN,-121.20248413085938,38.799503326416016
9263269,2021,2021-06-16,3105,2021-05-02,1737,1115,,7,5,5,3105,0,0,0,,0,003,"JUDAH ST","ROYER ST",0.00,,Y,A,-,N,,,,,,,,,,N,4,0,1,2,A,-,09,21802,A,N,D,C,A,A,H,-,A,D,0,,,,,Y,,A,01,0,0,1,0,0,0,0,0,0,"- ","- ",38.744720458984375,-121.28559875488281,PLACER,ROSEVILLE,-121.28559875488281,38.744712829589844
9263460,2021,2021-05-18,3105,2021-04-24,1552,1145,,6,5,5,3105,0,0,0,,0,002,"SUNRISE AV","MADDEN LN",0.00,,Y,A,-,N,,,,,,,,,,Y,3,0,1,2,A,-,08,22107,,N,D,C,A,A,H,-,A,D,0,,,,,Y,,A,01,0,1,0,0,0,0,0,0,0,"- ","- ",,,PLACER,ROSEVILLE,-121.27206420898438,38.731742858886719
9263872,2021,2021-05-25,3105,2021-04-27,1730,1063,,2,5,5,3105,0,0,0,,0,003,"CIRBY WY","MELODY LN",0.00,,Y,A,-,N,,,,,,,,,,N,4,0,1,2,A,-,03,22350,,N,C,C,A,A,H,-,A,A,0,,,,,Y,,A,01,0,0,1,0,0,0,0,0,0,"- ","- ",38.729328155517578,-121.29212188720703,PLACER,ROSEVILLE,-121.29210662841797,38.729339599609375
9268498,2021,2021-06-15,3100,2021-05-17,1512,62,,1,5,2,3106,0,0,0,,0,"LO P","KING RD","BOYINGTON RD",0.00,,Y,A,-,N,,,,,,,,,,Y,3,0,1,2,A,-,08,22107,,N,D,C,A,A,H,-,A,D,0,,,,,Y,,A,01,0,1,0,0,0,0,0,0,0,"- ","- ",,,PLACER,LOOMIS,-121.18067169189453,38.825225830078125
9269069,2021,2021-06-01,3104,2021-05-19,2050,295,36,3,5,4,3104,0,0,0,,0,002,"3RD ST","PARKSIDE DR",400.00,N,N,A,-,N,,,,,,,,,,Y,3,0,1,2,A,-,03,22350,A,N,C,E,A,A,H,-,C,D,0,,,,,Y,,A,01,0,1,0,0,0,0,0,0,0,"- ","- ",38.787380218505859,-121.24693298339844,PLACER,ROCKLIN,-121.24594879150391,38.7864990234375
9269402,2021,2021-05-28,3105,2021-05-03,1009,1063,,1,5,5,3105,0,0,0,,0,002,"E ROSEVILLE PW","DOUGLAS BL",0.00,,Y,A,-,N,,,,,,,,,,Y,4,0,2,3,A,-,09,21453,C,N,D,C,A,A,H,-,A,A,0,,,,,Y,,A,01,0,0,2,0,0,0,0,0,0,"- ","- ",38.744029998779297,-121.23594665527344,PLACER,ROSEVILLE,-121.23595428466797,38.744045257568359
9269652,2021,2021-06-01,3105,2021-04-27,1025,1107,,2,5,5,3105,0,0,0,,0,007,"PLEASANT GROVE BL","ROSE CREEK RD",0.00,,Y,A,-,N,,,,,,,,,,Y,4,0,1,2,A,-,12,21453,A,N,D,C,A,A,H,-,A,A,0,,,,,Y,,A,01,0,0,1,0,0,0,0,0,0,"- ","- ",38.767929077148438,-121.34190368652344,PLACER,ROSEVILLE,-121.34188079833984,38.767940521240234
9270035,2021,2021-06-16,3104,2021-05-08,1608,301,43,6,5,4,3104,0,0,0,,0,001,"SIERRA MEADOWS DR","TUTTLE DR",0.00,,Y,A,-,N,,,,,,,,,,N,3,0,1,2,A,-,09,21801,A,N,D,C,A,A,H,-,A,D,0,,,,,Y,,A,01,0,1,0,0,0,0,0,0,0,"- ","- ",38.796119689941406,-121.22337341308594,PLACER,ROCKLIN,-121.22337341308594,38.796146392822266
9270120,2021,2021-06-14,3105,2021-05-17,0855,1151,,1,5,5,3105,0,0,0,,0,002,"AUTOMALL DR","N SUNRISE AV N",0.00,,Y,A,-,N,,,,,,,,,,,4,0,1,2,A,-,12,21453,A,N,D,C,A,A,G,-,A,A,0,,,,,Y,,D,22,0,0,1,0,0,0,0,0,0,"- ","- ",38.753250122070312,-121.25935363769531,PLACER,ROSEVILLE,-121.25936126708984,38.753269195556641
9272102,2021,2021-06-14,3105,2021-05-08,0415,1100,,6,5,5,3105,0,0,0,,0,003,"RIVERSIDE AV","DARLING WY",0.00,,Y,A,-,N,,,,,,,,,,Y,4,0,1,1,A,-,08,22107,,N,A,I,A,A,H,-,C,A,0,,,,,Y,,A,07,0,0,1,0,0,0,0,0,0,"- ","- ",38.736160278320312,-121.29051208496094,PLACER,ROSEVILLE,-121.29053497314453,38.736171722412109
9273225,2020,2021-06-18,3105,2020-07-29,0115,1081,,3,5,5,3105,0,0,0,,0,003,"RIVERSIDE AV","CIRBY WY",150.00,S,N,A,-,N,,,,,,,,,,Y,3,0,1,1,A,-,08,22107,,N,F,A,A,A,H,-,C,D,0,,,Y,,Y,,C,02,0,1,0,0,0,0,0,0,1,"- ","- ",,,PLACER,ROSEVILLE,-121.29045104980469,38.728939056396484
9275634,2021,2021-06-11,3105,2021-04-19,0734,1149,,1,5,5,3105,0,0,0,,0,003,"HARDING BL","SHADOW RIDGE",144.00,S,N,A,-,N,,,,,,,,,,,4,0,1,2,A,-,09,21804,A,N,D,C,A,A,A,H,A,D,0,,,,,Y,,A,01,0,0,1,0,0,0,0,0,0,"- ","- ",38.752498626708984,-121.26782989501953,PLACER,ROSEVILLE,-121.26767730712891,38.752876281738281
9276917,2021,2021-06-10,3103,2021-04-30,1249,BROGE,,5,5,2,3103,0,0,0,,0,,"LINCOLN AIRPARK DR","TEESIDE LN",0.00,,Y,A,-,N,,,,,,,,,,N,3,0,3,2,A,-,09,21802,A,N,A,C,A,A,H,-,A,A,0,,,,,Y,,A,07,0,2,1,0,0,0,0,0,0,"- ","- ",38.868579864501953,-121.27861785888672,PLACER,LINCOLN,-121.32743072509766,38.910610198974609
9277172,2021,2021-07-09,3105,2021-05-20,1133,188,,4,5,5,3105,0,0,0,,0,006,"FOOTHILLS BL","JUNCTION BL",850.00,N,N,A,-,N,,,,,,,,,,Y,4,0,1,2,A,-,09,21801,A,N,D,C,A,A,H,-,-,A,0,,,,,Y,,A,01,0,0,1,0,0,0,0,0,0,"- ","- ",38.759128570556641,-121.31002044677734,PLACER,ROSEVILLE,-121.31031799316406,38.761474609375
9277220,2021,2021-06-09,3105,2021-04-14,0905,185,,3,5,5,3105,0,0,0,,0,004,"WASHINGTON BL","MANGO ALLEY",0.00,,Y,A,-,N,,,,,,,,,,Y,4,0,1,1,A,-,01,23152,A,N,E,I,A,A,H,-,A,D,0,,,,,Y,,A,01,0,0,1,0,0,0,0,0,0,"- ","- ",38.753528594970703,-121.28761291503906,PLACER,ROSEVILLE,-121.28785000000001,38.753439
9278339,2021,2021-07-02,3105,2021-06-03,1726,1142,,4,5,5,3105,0,0,0,,0,007,"E BASELINE RD","WESTBROOK BL",2000.00,E,N,A,-,N,,,,,,,,,,Y,4,0,2,2,A,-,03,22350,,N,C,C,A,A,H,-,A,D,0,,,,,Y,,A,01,0,0,2,0,0,0,0,0,0,"- ","- ",38.751701354980469,-121.37294769287109,PLACER,ROSEVILLE,,
9278815,2021,2021-06-23,3105,2021-05-13,1607,1160,,4,5,5,3105,0,0,0,,0,005,"PLEASANT GROVE BL","HIGHLAND POINTE DR",413.00,W,N,A,-,N,,,,,,,,,,Y,3,0,2,2,A,-,08,22100,A,N,D,C,A,A,H,-,A,D,0,,,,,Y,,A,01,0,1,1,0,0,0,0,0,0,"- ","- ",38.781909942626953,-121.28852844238281,PLACER,ROSEVILLE,-121.28711700439453,38.782188415527344
9278816,2021,2021-06-24,3105,2021-05-14,1317,1114,,5,5,5,3105,0,0,0,,0,002,"NORTH SUNRISE AV","W SIERRA GARDENS DR W",0.00,,Y,A,-,N,,,,,,,,,,N,3,0,1,2,A,-,17,21208,A,N,D,G,A,A,H,-,A,A,0,,Y,,,Y,,L,04,0,1,0,0,0,0,1,0,0,"- ","- ",38.748359680175781,-121.26493835449219,PLACER,ROSEVILLE,-121.26497650146484,38.748348236083984
9279382,2021,2021-06-10,3103,2021-05-14,0759,LSAVA,L3,5,5,2,3103,0,0,0,,0,0L1,"I ST","6TH ST",21.00,W,N,A,-,N,,,,,,,,,,Y,3,0,1,2,A,-,09,21802,A,N,D,C,A,A,H,-,A,D,0,,,,,Y,,A,07,0,1,0,0,0,0,0,0,0,"- ","- ",38.893119812011719,-121.29531097412109,PLACER,LINCOLN,-121.29534149169922,38.893138885498047
9279383,2021,2021-06-10,3103,2021-05-03,1936,MPLUC,L5,1,5,2,3103,0,0,0,,0,0L3,"LINCOLN BL","2ND ST",211.00,S,N,A,-,N,,,,,,,,,,N,3,0,1,2,A,-,01,23152,A,N,C,E,A,A,H,-,A,A,0,,,,,Y,Y,A,01,0,1,0,0,0,0,0,0,0,"- ","- ",38.886539459228516,-121.29279327392578,PLACER,LINCOLN,-121.29280853271484,38.887271881103516
9280379,2021,2021-06-28,3105,2021-06-02,2500,1123,,3,5,5,3105,0,0,0,,0,003,"RIVERSIDE AV","RT 80",0.00,,Y,A,-,Y,PLA,3,80,-,-,0.406,R,4,E,Y,3,0,2,2,A,-,09,21801,A,N,A,C,A,A,H,-,A,D,0,,,,,Y,,A,01,0,1,1,0,0,0,0,0,0,"- ",EO,,,PLACER,ROSEVILLE,-121.28860473632812,38.726207733154297
9281329,2021,2021-08-16,3104,2021-07-23,1608,301,46,5,5,4,3104,0,0,0,,0,002,"PACIFIC ST","WOODSIDE DR",0.00,,Y,A,-,N,,,,,,,,,,Y,3,0,1,2,A,-,09,21801,A,N,D,C,A,A,H,-,A,A,0,,,,,Y,,D,22,0,1,0,0,0,0,0,0,0,"- ","- ",38.777679443359375,-121.24680328369141,PLACER,ROCKLIN,-121.24683380126953,38.777679443359375
9282489,2021,2021-07-09,3105,2021-05-20,1452,1114,,4,5,5,3105,0,0,0,,0,002,"NORTH SUNRISE AV","KENSINGTON DR",200.00,N,N,A,-,N,,,,,,,,,,Y,4,0,1,2,A,-,03,22350,,N,C,C,A,A,H,-,A,A,0,,,,,Y,,A,07,0,0,1,0,0,0,0,0,0,"- ","- ",38.729488372802734,-121.27207183837891,PLACER,ROSEVILLE,-121.27207183837891,38.727710723876953
9282605,2021,2021-07-07,3105,2021-06-17,1627,1108,,4,5,5,3105,0,0,0,,0,007,"PHILLIP RD","S BREWER RD",14256.00,E,N,A,-,N,,,,,,,,,,Y,3,0,1,1,A,-,01,23152,A,N,E,I,A,A,H,-,A,A,0,,,,,Y,Y,A,01,0,1,0,0,0,0,0,0,0,"- ","- ",,,PLACER,ROSEVILLE,-121.40126800537109,38.802539825439453
9282621,2021,2021-07-15,3105,2021-06-06,1345,1135,,7,5,5,3105,0,0,0,,0,004,"FOOTHILLS BL","DENIO LOOP",1039.00,S,N,A,-,N,,,,,,,,,,Y,2,0,2,2,A,-,01,23152,A,F,C,C,A,A,H,-,A,A,0,,,,,Y,Y,A,01,1,0,1,0,0,0,0,0,0,"- ","- ",38.737380981445312,-121.30534362792969,PLACER,ROSEVILLE,-121.30335235595703,38.736175537109375
9282626,2021,2021-07-20,3105,2021-06-11,1533,1114,,5,5,5,3105,0,0,0,,0,002,"SUNRISE AV","KENSINGTON DR",218.00,N,N,A,-,N,,,,,,,,,,N,3,0,1,2,A,-,08,22101,D,N,A,C,A,-,H,-,A,A,0,,,Y,,Y,,C,02,0,1,0,0,0,0,0,0,1,"- ","- ",38.729488372802734,-121.3720703125,PLACER,ROSEVILLE,-121.27207183837891,38.727760314941406
9282628,2021,2021-07-20,3105,2021-06-17,1815,1118,,4,5,5,3105,0,0,0,,0,007,"MAKEWAY ST","HOLT PW",0.00,,Y,A,-,N,,,,,,,,,,Y,4,0,1,2,A,-,12,22450,A,N,D,C,A,A,H,-,A,D,0,,,,,Y,,A,01,0,0,1,0,0,0,0,0,0,"- ","- ",38.800918579101562,-121.35784912109375,PLACER,ROSEVILLE,-121.35788726806641,38.800918579101562
9284035,2021,2021-07-23,3104,2021-06-26,0134,311,7,6,5,4,3104,0,0,0,,0,004,"W RANCH VIEW DR","W RANCH VIEW DR 500",0.00,,-,A,-,N,,,,,,,,,,Y,3,0,1,1,A,-,01,23152,A,N,E,I,A,A,H,-,C,D,0,,,,,Y,Y,A,01,0,1,0,0,0,0,0,0,0,"- ","- ",38.83782958984375,-121.29891967773438,PLACER,ROCKLIN,-121.29070281982422,38.837440490722656
92848427,2024,2024-07-29,9220,2024-06-17,1253,014512,,1,1,9,3100,0,2,4,,1,012,"BASELINE ROAD","SOUTH BREWER ROAD",1690.00,E,N,A,-,N,,,,,,,,,,Y,1,1,0,2,A,-,05,21460,A,N,B,C,A,A,H,-,A,D,0,,,,,Y,,A,07,0,0,0,0,0,0,0,0,0,"- ","- ",38.751628875732422,-121.44518280029297,PLACER,UNINCORPORATED,-121.44524383544922,38.751609802246094
9286885,2021,2021-08-27,3101,2021-07-09,1557,A737,AUA,5,5,3,3101,0,0,0,,0,0A1,"EARHART AV","EARHART AV 13020",0.00,,-,A,-,N,,,,,,,,,,Y,3,0,1,2,A,-,09,21804,A,N,B,C,A,A,H,-,A,D,0,,,,,Y,,A,01,0,1,0,0,0,0,0,0,0,"- ","- ",38.951908111572266,-121.08023834228516,PLACER,AUBURN,-121.08073,38.950830000000003