CASE_ID,ACCIDENT_YEAR,PROC_DATE,JURIS,COLLISION_DATE,COLLISION_TIME,OFFICER_ID,REPORTING_DISTRICT,DAY_OF_WEEK,CHP_SHIFT,POPULATION,CNTY_CITY_LOC,SPECIAL_COND,BEAT_TYPE,CHP_BEAT_TYPE,CITY_DIVISION_LAPD,CHP_BEAT_CLASS,BEAT_NUMBER,PRIMARY_RD,SECONDARY_RD,DISTANCE,DIRECTION,INTERSECTION,WEATHER_1,WEATHER_2,STATE_HWY_IND,CALTRANS_COUNTY,CALTRANS_DISTRICT,STATE_ROUTE,ROUTE_SUFFIX,POSTMILE_PREFIX,POSTMILE,LOCATION_TYPE,RAMP_INTERSECTION,SIDE_OF_HWY,TOW_AWAY,COLLISION_SEVERITY,NUMBER_KILLED,NUMBER_INJURED,PARTY_COUNT,PRIMARY_COLL_FACTOR,PCF_CODE_OF_VIOL,PCF_VIOL_CATEGORY,PCF_VIOLATION,PCF_VIOL_SUBSECTION,HIT_AND_RUN,TYPE_OF_COLLISION,MVIW,PED_ACTION,ROAD_SURFACE,ROAD_COND_1,ROAD_COND_2,LIGHTING,CONTROL_DEVICE,CHP_ROAD_TYPE,PEDESTRIAN_ACCIDENT,BICYCLE_ACCIDENT,MOTORCYCLE_ACCIDENT,TRUCK_ACCIDENT,NOT_PRIVATE_PROPERTY,ALCOHOL_INVOLVED,STWD_VEHTYPE_AT_FAULT,CHP_VEHTYPE_AT_FAULT,COUNT_SEVERE_INJ,COUNT_VISIBLE_INJ,COUNT_COMPLAINT_PAIN,COUNT_PED_KILLED,COUNT_PED_INJURED,COUNT_BICYCLIST_KILLED,COUNT_BICYCLIST_INJURED,COUNT_MC_KILLED,COUNT_MC_INJURED,PRIMARY_RAMP,SECONDARY_RAMP,LATITUDE,LONGITUDE,COUNTY,CITY,POINT_X,POINT_Y
9431055,2022,2022-04-19,3103,2022-03-11,2252,KSMOL,L4,5,5,2,3103,0,0,0,,0,0L2,"FIDDYMENT RD","FIDDYMENT RD 1245",0.00,,Y,A,-,N,,,,,,,,,,Y,2,0,1,1,A,-,01,23152,A,N,E,I,A,A,H,-,D,D,0,,,,,Y,Y,A,07,1,0,0,0,0,0,0,0,0,"- ","- ",38.861339569091797,-121.34906005859375,PLACER,LINCOLN,,
9431558,2022,2022-04-13,3103,2022-02-14,1617,ADEOL,LI,1,5,2,3103,0,0,0,,0,0LI,"JOINER PKWY","1ST ST",0.00,,Y,B,-,N,,,,,,,,,,N,2,0,1,2,A,-,09,21804,A,N,B,C,A,A,H,-,A,D,0,,,Y,,Y,,C,02,1,0,0,0,0,0,0,0,1,"- ","- ",38.897209167480469,-121.31301116943359,PLACER,LINCOLN,-121.31346130371094,38.886669158935547
9432576,2022,2022-08-29,3105,2022-08-02,1612,1148,,2,5,5,3105,0,0,0,,0,003,"RIVERSIDE AV","ORLANDO AV",310.00,N,N,A,-,Y,PLA,3,80,-,-,0.406,R,4,E,Y,3,0,2,2,A,-,08,22107,,N,D,C,A,A,H,-,A,D,0,,,,,Y,,A,07,0,2,0,0,0,0,0,0,0,"- ","- ",38.725109100341797,-121.29045867919922,PLACER,ROSEVILLE,-121.28868865966797,38.726131439208984
9432622,2022,2022-08-23,3105,2022-06-24,0839,1135,,5,5,5,3105,0,0,0,,0,003,"CIRBY WY","RIVERSIDE AV",0.00,,Y,A,-,N,,,,,,,,,,Y,3,0,4,2,A,-,09,21453,C,N,D,C,A,A,H,-,-,A,0,,,,,Y,,A,08,0,2,2,0,0,0,0,0,0,"- ","- ",38.729339599609375,-121.29048156738281,PLACER,ROSEVILLE,-121.29045867919922,38.729347229003906
9432871,2022,2022-09-07,3105,2022-08-20,2000,1177,,6,5,5,3105,0,0,0,,0,001,"TAYLOR RD","ROSEVILLE PKWY",1325.00,N,N,A,-,Y,PLA,3,80,-,-,3.601,R,4,E,Y,3,0,2,2,A,-,01,23152,A,N,A,C,A,A,H,-,B,A,0,,,,,Y,Y,A,01,0,2,0,0,0,0,0,0,0,"- ","- ",38.765911102294922,-121.25556945800781,PLACER,ROSEVILLE,-121.25667572021484,38.764759063720703
9433508,2022,2022-10-06,3105,2022-09-06,1818,1184,,2,5,5,3105,0,0,0,,0,001,"ROSEVILLE PKWY","CREEKSIDE RIDGE DR",0.00,,Y,A,-,N,,,,,,,,,,Y,3,0,2,2,A,-,01,23153,A,F,C,C,A,A,H,-,A,A,0,,,,Y,Y,Y,F,26,0,2,0,0,0,0,0,0,0,"- ","- ",38.76885986328125,-121.26589965820312,PLACER,ROSEVILLE,-121.26306915283203,38.767059326171875
9433854,2022,2022-10-12,3105,2022-06-25,2059,1143,,6,5,5,3105,0,0,0,,0,003,"AUBURN BL","ORLANDO AV",0.00,,Y,A,-,Y,PLA,3,80,-,-,0.118,R,4,E,N,2,0,1,2,A,-,08,22107,,N,C,G,A,A,H,-,C,A,0,,Y,,,Y,,A,01,1,0,0,0,0,0,1,0,0,"- ","- ",38.722320556640625,-121.29003143310547,PLACER,ROSEVILLE,-121.29214477539062,38.722976684570312
94355839,2024,2024-08-15,9220,2024-08-03,2230,019830,,6,3,5,3105,0,1,1,,2,281,"INTERSTATE 80 E/B","DOUGLAS BLVD O/C",100.00,E,N,A,-,Y,PLA,,80," "," ",1.996,H,,R,Y,4,0,1,1,A,-,08,22107,,N,E,8,A,A,H,-,C,D,0,,,,,Y,,A,01,0,0,1,0,0,0,0,0,0,"- ","- ",38.744319915771484,-121.27033233642578,PLACER,ROSEVILLE,-121.27044677734375,38.744365692138672
94355846,2024,2024-08-15,9220,2024-08-04,1245,020465,,7,1,5,3105,0,1,1,,2,281,"I-80 E/B","DOUGLAS BLVD",920.00,E,N,A,-,Y,PLA,,80," "," ",2.161,H,,R,N,3,0,2,4,A,-,03,22350,,N,C,C,A,A,H,-,A,A,0,,,,,Y,,A,01,0,1,1,0,0,0,0,0,0,"- ","- ",38.746440887451172,-121.26898193359375,PLACER,ROSEVILLE,-121.26907348632812,38.746475219726562
9435698,2022,2022-04-28,3105,2022-03-24,2500,1133,,4,5,5,3105,0,0,0,,0,001,"GALLERIA BL","ANTELOPE CREEK DR",726.00,N,N,A,-,N,,,,,,,,,,Y,4,0,1,2,A,-,08,22107,,N,B,C,A,A,H,-,C,D,0,,,,,Y,,A,01,0,0,1,0,0,0,0,0,0,"- ","- ",38.77471923828125,-121.26464080810547,PLACER,ROSEVILLE,-121.26586151123047,38.774112701416016
94357147,2024,2024-08-23,9220,2024-08-08,2240,020520,,4,3,9,3100,0,3,5,,2,020,"EAST ROSEVILLE PKY","WELLINGTON WAY",0.00,,Y,A,-,N,,,,,,,,,,Y,3,0,1,1,A,-,01,23152,A,N,E,I,A,A,H,-,C,A,0,,,,,Y,Y,A,01,0,1,0,0,0,0,0,0,0,"- ","- ",38.729030609130859,-121.21476745605469,PLACER,UNINCORPORATED,-121.21466064453125,38.729061126708984
94357217,2024,2024-08-16,9220,2024-08-09,1655,021521,,5,2,4,3104,0,1,1,,2,281,"I-80 E/B","ROCKLIN RD",2640.00,W,N,A,-,Y,PLA,,80," "," ",5.019,H,,R,Y,4,0,1,3,A,-,03,22350,,N,C,C,A,A,H,-,A,D,0,,,,,Y,,A,08,0,0,1,0,0,0,0,0,0,"- ","- ",38.777679443359375,-121.23618316650391,PLACER,ROCKLIN,-121.23614501953125,38.777645111083984
94357223,2024,2024-08-16,9220,2024-08-09,2232,020520,,5,3,9,3100,0,2,4,,2,022,"DOUGLAS BLVD","SIERRA COLLEGE BLVD",0.00,,Y,A,-,N,,,,,,,,,,Y,3,0,3,2,A,-,09,21453,C,N,A,C,A,A,H,-,C,A,0,,,,,Y,,A,01,0,1,2,0,0,0,0,0,0,"- ","- ",38.743789672851562,-121.22612762451172,PLACER,UNINCORPORATED,-121.22621917724609,38.743938446044922
94357537,2024,2024-08-16,9220,2024-08-14,1425,021079,,3,2,9,3100,0,2,4,,2,032,"WEST WISE ROAD","SHERIDAN LINCOLN BLVD",15.00,E,N,A,-,N,,,,,,,,,,N,4,0,1,2,A,-,03,22350,,N,C,C,A,A,H,-,A,A,0,,,,,Y,,A,07,0,0,1,0,0,0,0,0,0,"- ","- ",38.926471710205078,-121.33692169189453,PLACER,UNINCORPORATED,-121.33717346191406,38.926479339599609
9435805,2022,2022-05-11,3105,2022-04-01,1600,1130,,5,5,5,3105,0,0,0,,0,002,"DOUGLAS BL","SANTA CLARA DR",50.00,W,N,A,-,N,,,,,,,,,,N,4,0,1,2,A,-,04,21703,,N,C,C,A,A,H,-,A,A,0,,,,,Y,,A,01,0,0,1,0,0,0,0,0,0,"- ","- ",38.74420166015625,-121.26219940185547,PLACER,ROSEVILLE,-121.26235198974609,38.744186401367188
94360045,2024,2024-08-19,9220,2024-08-08,1620,021521,,4,2,5,3105,0,1,1,,2,281,"I-80 W/B","DOUGLAS BLVD",2640.00,E,N,A,-,Y,PLA,,80," "," ",2.433,H,,L,Y,4,0,1,2,A,-,07,21658,A,N,B,C,A,A,H,-,A,D,0,,,Y,,Y,,A,07,0,0,1,0,0,0,0,0,1,"- ","- ",38.750011444091797,-121.26698303222656,PLACER,ROSEVILLE,-121.26702117919922,38.750026702880859
94360180,2024,2024-08-19,9220,2024-08-09,2149,020990,,5,2,9,3100,0,1,3,,1,265,"SR-65 N/B","NELSON LANE",185.00,S,N,A,-,Y,PLA,,65," ",R,15.493,H,,R,N,3,0,4,3,A,-,08,22107,,N,D,C,A,A,H,-,C,A,0,,,,,Y,Y,A,07,0,1,3,0,0,0,0,0,0,"- ","- ",38.886039733886719,-121.33910369873047,PLACER,UNINCORPORATED,-121.33909606933594,38.886051177978516
94362425,2024,2024-08-20,9220,2024-08-16,1553,022556,,5,2,5,3105,0,1,1,,2,281,"I-80 E/B","LEAD HILL BLVD O/C",560.00,W,N,A,-,Y,PLA,,80," "," ",2.457,H,,R,Y,4,0,1,2,A,-,03,22350,,N,C,C,A,A,H,-,A,D,0,,,,,Y,,A,07,0,0,1,0,0,0,0,0,0,"- ","- ",38.750240325927734,-121.26651000976562,PLACER,ROSEVILLE,-121.26657867431641,38.750267028808594
94362774,2024,2024-08-20,9221,2024-08-12,1430,018530,,1,2,9,3100,0,2,S,,2,904,"WATT AVENUE","AUBURN BLVD",1056.00,S,N,A,-,N,,,,,,,,,,N,4,0,2,2,A,-,03,22350,,N,C,C,A,A,H,-,A,D,0,,,,,Y,Y,A,01,0,0,2,0,0,0,0,0,0,"- ","- ",38.635318756103516,-121.38282775878906,PLACER,UNINCORPORATED,-121.38308715820312,38.637126922607422
94367801,2024,2024-08-23,9220,2024-08-21,1915,017027,,3,2,9,3100,0,1,3,,1,249,"SR-49 (GRASS VALLEY HWY)","DRY CREEK ROAD",200.00,N,N,A,-,Y,PLA,,49," "," ",7.472,H,,R,Y,3,0,3,3,A,-,09,21804,A,N,D,C,A,A,H,-,A,D,0,,,,,Y,Y,A,01,0,3,0,0,0,0,0,0,0,"- ","- ",38.957290649414062,-121.10143280029297,PLACER,UNINCORPORATED,-121.10142517089844,38.957290649414062
94367811,2024,2024-08-23,9220,2024-08-22,"445 ",020520,,4,3,9,3100,0,2,4,,2,062,"FORESTHILL RD","PORTOFINO DR",5808.00,E,N,A,-,N,,,,,,,,,,Y,4,0,1,1,C,-,18,,,N,H,H,A,A,H,-,D,D,0,,,,,Y,,-,"- ",0,0,1,0,0,0,0,0,0,"- ","- ",38.989219665527344,-120.92939758300781,PLACER,UNINCORPORATED,-120.92510986328125,38.991580963134766
94373004,2024,2024-08-28,9220,2024-08-18,1905,021164,,7,2,9,3100,0,3,5,,2,010,"ATHENS AVE","THUNDER VALLEY COURT",0.00,,Y,A,-,N,,,,,,,,,,N,4,0,1,2,A,-,08,22107,,N,G,B,E,A,H,-,B,A,0,Y,,,,Y,,D,22,0,0,1,0,1,0,0,0,0,"- ","- ",38.83905029296875,-121.31166839599609,PLACER,UNINCORPORATED,-121.31172943115234,38.839057922363281
94380273,2024,2024-09-03,9221,2024-08-23,"555 ",022146,,5,3,9,3100,0,1,1,,2,386,"I-80 E/B","NYACK RD.",1584.00,W,N,B,-,Y,PLA,,80," "," ",54.518,H,,R,Y,3,0,1,1,A,-,08,22107,,N,F,I,A,A,H,-,B,D,0,,,,,Y,,A,07,0,1,0,0,0,0,0,0,0,"- ","- ",39.29180908203125,-120.68511199951172,PLACER,UNINCORPORATED,-120.68510437011719,39.291736602783203
9438144,2022,2022-06-06,3105,2022-04-25,0549,1132,,1,5,5,3105,0,0,0,,0,006,"INDUSTRIAL AV","GALILEE RD",0.00,,Y,A,-,N,,,,,,,,,,Y,3,0,1,2,A,-,09,21801,A,N,A,C,A,A,H,-,B,D,0,,,Y,,Y,,D,82,0,1,0,0,0,0,0,0,1,"- ","- ",,,PLACER,ROSEVILLE,-121.30606079101562,38.778640747070312
94382944,2024,2024-09-05,9220,2024-08-23,"630 ",014512,,5,1,9,3100,0,2,4,,1,011,"WATT AVENUE","DYER LANE",0.00,,Y,A,-,N,,,,,,,,,,Y,3,0,2,2,A,-,09,21802,A,N,D,C,A,A,H,-,A,A,0,,,,,Y,,A,01,0,2,0,0,0,0,0,0,0,"- ","- ",38.736110687255859,-121.39260864257812,PLACER,UNINCORPORATED,-121.39257049560547,38.736118316650391
9438804,2022,2022-05-04,3105,2022-04-05,1844,1115,,2,5,5,3105,0,0,0,,0,001,"TAYLOR RD","EUREKA RD",45.00,N,N,A,-,Y,PLA,3,80,-,-,2.851,R,4,E,Y,4,0,1,2,A,-,09,21800,A,N,B,C,A,A,H,-,B,A,0,,,,,Y,,-,,0,0,1,0,0,0,0,0,0,"- ","- ",38.757469177246094,-121.2596435546875,PLACER,ROSEVILLE,-121.2633056640625,38.755313873291016
94388055,2024,2024-09-10,9221,2024-09-02,"920 ",018624,,1,1,9,3100,0,1,1,,2,385,"W/B I-80","BAXTER ROAD OVERCROSSING",1020.00,E,N,A,-,Y,PLA,,80," "," ",47.139,H,,R,N,4,0,1,6,A,-,03,22350,,N,C,C,A,A,H,-,A,D,0,,,,,Y,,A,07,0,0,1,0,0,0,0,0,0,"- ","- ",39.217090606689453,-120.77488708496094,PLACER,UNINCORPORATED,-120.77480316162109,39.217056274414062
94391835,2024,2024-09-12,9220,2024-09-03,1352,019200,,2,1,9,3100,0,3,5,,2,070,"HORSESHOE BAR ROAD","VAL VERDE RD",0.00,,Y,A,-,N,,,,,,,,,,N,3,0,1,2,A,-,12,22450,A,N,F,A,A,A,H,-,A,A,0,,Y,,,Y,,-,"- ",0,1,0,0,0,0,1,0,0,"- ","- ",38.810279846191406,-121.16396331787109,PLACER,UNINCORPORATED,-121.16392517089844,38.810287475585938
94391951,2024,2024-09-12,9220,2024-09-06,1456,019465,,5,2,9,3100,0,2,4,,2,077,"AUBURN FOLSOM ROAD","PADDOCK LN",5.00,S,N,A,-,N,,,,,,,,,,Y,3,0,1,2,A,-,03,22350,,N,C,C,A,A,H,-,A,D,0,,,,,Y,,D,22,0,1,0,0,0,0,0,0,0,"- ","- ",38.846698760986328,-121.11203002929688,PLACER,UNINCORPORATED,-121.1119384765625,38.846714019775391
9439521,2022,2022-06-15,3101,2022-04-15,1223,A711,AU15,5,5,3,3101,0,0,0,,0,0A1,"GRASS VALLEY HWY","PALM AV",82.00,S,-,A,-,Y,PLA,3,49,-,-,3.760,H,-,N,N,4,0,2,3,A,-,03,22350,,N,C,C,A,A,H,-,A,A,0,,,,Y,Y,,A,07,0,0,2,0,0,0,0,0,0,"- ","- ",38.908378601074219,-121.07785034179688,PLACER,AUBURN,-121.07683563232422,38.908073425292969
94395457,2024,2024-09-16,9220,2024-09-04,1030,014512,,3,1,2,3103,0,1,3,,1,265,"SR-65 N/B","NELSON LANE",528.00,S,N,A,-,Y,PLA,,65," ",R,15.482,H,,R,N,4,0,1,1,A,-,08,22107,,N,E,I,A,A,H,-,A,D,0,,,,,Y,,A,01,0,0,1,0,0,0,0,0,0,"- ","- ",38.886131286621094,-121.33888244628906,PLACER,LINCOLN,-121.33888244628906,38.88604736328125
94395586,2024,2024-09-16,9221,2024-09-13,"39  ",017979,,5,3,9,3100,0,1,1,,2,388,"I-80 E/B","TROY RD. U/P",50.00,W,N,A,-,Y,PLA,,80," "," ",68.525,H,,R,Y,3,0,1,1,A,-,08,22107,,N,E,I,A,A,D,-,C,D,0,,,,,Y,,-,"- ",0,1,0,0,0,0,0,0,0,"- ","- ",39.314838409423828,-120.45876312255859,PLACER,UNINCORPORATED,-120.45874786376953,39.314899444580078
94398707,2024,2024-09-18,9222,2024-09-09,2115,020259,,1,2,9,3100,0,1,3,,1,014,SR-28,"MACKINAW ROAD",238.00,W,N,A,-,Y,PLA,,28," "," ",0.150,H,,R,Y,4,0,1,2,A,-,09,21804,A,N,D,C,A,A,H,-,C,A,0,,,,,Y,,A,01,0,0,1,0,0,0,0,0,0,"- ","- ",39.168449401855469,-120.14450073242188,PLACER,UNINCORPORATED,-120.14437866210938,39.168357849121094
94400906,2024,2024-09-19,9222,2024-09-18,"139 ",020259,,3,3,9,3100,0,1,3,,2,012,SR-89,"ALPINE MEADOWS RD.",1185.00,S,N,A,-,Y,PLA,,89," "," ",12.098,H,,R,Y,4,0,1,1,A,-,08,22107,,N,E,I,A,A,H,-,D,A,0,,,,,Y,,A,01,0,0,1,0,0,0,0,0,0,"- ","- ",39.183670043945312,-120.19535827636719,PLACER,UNINCORPORATED,-120.19520568847656,39.183643341064453
94404907,2024,2024-09-23,9220,2024-09-13,1055,021079,,5,1,9,3100,0,1,3,,1,249,"SR-49 (GRASS VALLEY HIGHWAY)","BELL RD",250.00,S,N,A,-,Y,PLA,,49," "," ",6.324,H,,R,Y,2,0,1,2,A,-,03,22350,,N,C,C,A,A,H,-,A,D,0,,,Y,,Y,,C,02,1,0,0,0,0,0,0,0,1,"- ","- ",38.941211700439453,-121.09693145751953,PLACER,UNINCORPORATED,-121.09676361083984,38.941242218017578
9440507,2022,2022-05-11,3105,2022-04-15,1917,1128,,5,5,5,3105,0,0,0,,0,002,"CIRBY WY","SUNRISE AV",315.00,W,N,B,-,N,,,,,,,,,,Y,4,0,1,2,A,-,08,22107,,N,D,C,A,A,H,-,A,D,0,,,,,Y,,A,07,0,0,1,0,0,0,0,0,0,"- ","- ",,,PLACER,ROSEVILLE,-121.273193359375,38.729511260986328
9440508,2022,2022-05-11,3105,2022-04-14,1637,1128,,4,5,5,3105,0,0,0,,0,002,"SUNRISE AV","SUNDOWN WY",95.00,N,N,C,-,N,,,,,,,,,,N,4,0,1,3,A,-,03,22350,,N,C,C,A,B,H,-,A,D,0,,,,,Y,,A,01,0,0,1,0,0,0,0,0,0,"- ","- ",,,PLACER,ROSEVILLE,-121.27204132080078,38.73345947265625
9440511,2022,2022-05-19,3105,2022-04-07,1729,1175,,4,5,5,3105,0,0,0,,0,003,"W CIRBY WY","N RIVERSIDE AV",0.00,,Y,A,-,N,,,,,,,,,,Y,4,0,1,2,-,-,"- ",,,N,C,C,A,A,H,-,A,A,0,,,,,Y,,-,"- ",0,0,1,0,0,0,0,0,0,"- ","- ",38.729339599609375,-121.29048156738281,PLACER,ROSEVILLE,-121.29045867919922,38.729347229003906
94407685,2024,2024-09-25,9220,2024-09-17,"420 ",018548,,2,3,5,3105,0,1,1,,2,281,"I-80 E/B","CIRBY WAY",3168.00,E,N,A,-,Y,PLA,,80," "," ",1.307,H,,R,Y,4,0,1,2,A,-,03,22350,,N,C,C,A,A,H,-,C,D,0,,,,Y,Y,,A,01,0,0,1,0,0,0,0,0,0,"- ","- ",38.736091613769531,-121.27773284912109,PLACER,ROSEVILLE,-121.27778625488281,38.736125946044922
9440869,2022,2022-05-17,3104,2022-04-10,2131,319,43,7,5,4,3104,0,0,0,,0,001,"ROCKLIN RD","RT 80",0.00,,Y,B,-,Y,PLA,3,80,-,-,6.268,R,4,E,Y,3,0,3,2,A,-,09,21453,C,N,D,C,A,A,H,-,C,A,0,,,,,Y,,-,,0,3,0,0,0,0,0,0,0,"- ","- ",38.789619445800781,-121.22061920166016,PLACER,ROCKLIN,-121.21994781494141,38.7906494140625
9440872,2022,2022-05-11,3104,2022-04-03,1002,301,71,7,5,4,3104,0,0,0,,0,001,"SIERRA COLLEGE BL","COBBLE CREEK DR",0.00,,Y,A,-,N,,,,,,,,,,N,4,0,1,2,A,-,03,22350,,N,D,G,A,-,H,-,A,D,0,,Y,,,Y,,L,04,0,0,1,0,0,0,1,0,0,"- ","- ",38.788681030273438,-121.20614624023438,PLACER,ROCKLIN,-121.20629119873047,38.786605834960938
94410011,2024,2024-09-26,9222,2024-09-20,2235,021995,,5,3,9,3100,0,1,3,,1,013,SR-89,"POLE CREEK ROAD",765.00,N,N,B,-,Y,PLA,,89," "," ",16.162,H,,R,Y,3,0,1,1,A,-,01,23152,A,N,F,J,A,A,H,-,D,A,0,,,,,Y,Y,A,07,0,1,0,0,0,0,0,0,0,"- ","- ",39.238128662109375,-120.20845794677734,PLACER,UNINCORPORATED,-120.20851898193359,39.238109588623047
94413015,2024,2024-09-30,9220,2024-09-21,1855,021164,,6,2,9,3100,0,3,5,,2,010,"MOORE RD","S. BREWER ROAD",2485.00,W,N,A,-,N,,,,,,,,,,N,3,0,1,1,A,-,08,22107,,N,B,C,A,A,H,-,B,D,0,,,,,Y,,A,01,0,1,0,0,0,0,0,0,0,"- ","- ",38.867908477783203,-121.46038818359375,PLACER,UNINCORPORATED,-121.46038818359375,38.867893218994141
94413229,2024,2024-09-30,9220,2024-09-17,1530,016467,,2,2,9,3100,0,3,5,,2,060,"FOREST SERVICE TRAIL 0096","MOSQUITO RIDGE ROAD (FOREST SERVICE ROAD 0096)",1320.00,E,N,A,-,N,,,,,,,,,,N,2,0,1,1,A,-,03,22350,,N,F,A,A,A,H,-,A,D,0,,,Y,,Y,,C,02,1,0,0,0,0,0,0,0,1,"- ","- ",39.111209869384766,-120.42217254638672,PLACER,UNINCORPORATED,,
94413440,2024,2024-09-30,9220,2024-09-26,"655 ",014512,,4,1,9,3100,0,3,5,,2,010,"ATHENS AVE","FIDDYMENT RD",1700.00,E,N,A,-,N,,,,,,,,,,Y,3,0,1,2,A,-,03,22350,,N,C,C,A,A,H,-,A,D,0,,,,Y,Y,,A,01,0,1,0,0,0,0,0,0,0,"- ","- ",38.83892822265625,-121.34304046630859,PLACER,UNINCORPORATED,-121.34342956542969,38.838901519775391
94413512,2024,2024-09-30,9220,2024-09-27,1528,021719,,5,2,5,3105,0,1,3,,1,265,"SR-65 N/B","BLUE OAKS BLVD",820.00,S,N,A,-,Y,PLA,,65," ",R,7.902,H,,R,N,4,0,1,2,A,-,03,22350,,N,C,C,A,A,H,-,A,D,0,,,,,Y,,A,01,0,0,1,0,0,0,0,0,0,"- ","- ",38.793678283691406,-121.29562377929688,PLACER,ROSEVILLE,-121.29560089111328,38.793689727783203
94413556,2024,2024-09-30,9220,2024-09-28,2237,020520,,6,3,2,3103,0,1,3,,1,265,"SR-65 S/B","FERRARI RANCH RD",1240.00,S,N,A,-,Y,PLA,,65," ",R,13.135,H,,L,N,3,0,1,2,A,-,11,21954,A,N,G,B,D,A,H,-,C,D,0,Y,,,,Y,Y,N,60,0,1,0,0,1,0,0,0,0,"- ","- ",38.867481231689453,-121.30496978759766,PLACER,LINCOLN,-121.30487823486328,38.867538452148438
94414805,2024,2024-10-01,9221,2024-09-23,1335,019446,,1,1,9,3100,0,3,5,,2,070,"NYACK RD","I-80 W/B",1.00,N,N,A,-,N,,,,,,,,,,Y,4,0,1,1,A,-,17,35250,,N,E,B,A,A,H,-,A,D,0,,,,Y,Y,,F,27,0,0,1,0,0,0,0,0,0,"- ","- ",39.292930603027344,-120.67981719970703,PLACER,UNINCORPORATED,-120.67984008789062,39.292980194091797
94416187,2024,2024-10-21,9220,2024-09-28,1520,020392,,6,2,5,3105,0,1,1,,2,281,"INTERSTATE 80 WESTBOUND","DOUGLAS BLVD",1330.00,W,N,A,-,Y,PLA,,80," "," ",1.713,H,,L,N,4,0,4,2,A,-,03,22350,,F,C,C,A,A,H,-,A,D,0,,,,,Y,Y,A,07,0,0,4,0,0,0,0,0,0,"- ","- ",38.740768432617188,-121.27317810058594,PLACER,ROSEVILLE,-121.27317047119141,38.740764617919922
94418441,2024,2024-10-03,9221,2024-09-27,1619,019565,,5,2,9,3100,0,1,1,,2,388,"I-80 E/B","TROY RD U/C",220.00,W,N,A,-,Y,PLA,,80," "," ",68.516,H,,R,Y,3,0,1,1,A,-,08,22107,,N,E,I,A,A,H,-,A,D,0,,,,,Y,,A,07,0,1,0,0,0,0,0,0,0,"- ","- ",39.314891815185547,-120.45892333984375,PLACER,UNINCORPORATED,-120.45890808105469,39.314922332763672
94419526,2024,2024-10-04,9220,2024-08-13,"430 ",021255,,2,3,4,3104,0,1,1,,2,281,"I-80 W/B","ROCKLIN ROAD",3168.00,W,N,A,-,Y,PLA,,80," "," ",5.428,H,,L,N,1,1,0,4,A,-,11,21954,A,N,G,B,E,B,H,-,D,D,0,Y,,,,Y,,N,60,0,0,0,1,0,0,0,0,0,"- ","- ",38.781749725341797,-121.23078155517578,PLACER,ROCKLIN,-121.23079681396484,38.781764984130859
94421583,2024,2024-10-07,9222,2024-09-28,1640,020136,,6,2,9,3100,1,1,3,,1,015,SR-28,"GRANITE ROAD",230.00,E,N,A,-,Y,PLA,,28," "," ",7.237,H,,R,Y,3,0,2,2,A,-,09,21801,A,N,D,C,A,A,H,-,A,D,0,,,Y,,Y,,H,14,0,1,1,0,0,0,0,0,2,"- ","- ",39.236728668212891,-120.06696319580078,PLACER,UNINCORPORATED,-120.06695556640625,39.236679077148438
94421725,2024,2024-10-07,9221,2024-10-06,"540 ",018600,,7,3,9,3100,0,1,1,,2,386,"I-80 E/B","DRUM FOREBAY RD",10032.00,E,N,A,-,Y,PLA,,80," "," ",50.426,H,,R,Y,4,0,1,1,A,-,08,22107,,N,E,8,A,A,H,-,D,D,0,,,,,Y,,-,"- ",0,0,1,0,0,0,0,0,0,"- ","- ",39.253170013427734,-120.73721313476562,PLACER,UNINCORPORATED,-120.7371826171875,39.253147125244141
9442583,2022,2022-05-13,3105,2022-04-16,1923,1114,,6,5,5,3105,0,0,0,,0,001,"EAST ROSEVILLE PKWY","OLYMPUS DR",440.00,N,N,A,-,N,,,,,,,,,,Y,3,0,1,1,A,-,03,22350,,N,F,I,A,A,H,-,B,A,0,,,,,Y,,A,01,0,1,0,0,0,0,0,0,0,"- ","- ",38.746280670166016,-121.23647308349609,PLACER,ROSEVILLE,-121.23740386962891,38.747245788574219
94427728,2024,2024-10-11,9220,2024-10-04,1252,017863,,5,1,9,3100,0,3,5,,2,050,"LAKE ARTHUR RD.","PINEWOOD WAY",1100.00,W,N,A,-,N,,,,,,,,,,Y,3,0,1,1,A,-,08,22107,,N,E,I,A,A,H,-,A,D,0,,,,,Y,,A,07,0,1,0,0,0,0,0,0,0,"- ","- ",38.966869354248047,-121.02372741699219,PLACER,UNINCORPORATED,-121.02362823486328,38.9669189453125
94428415,2024,2024-10-11,9220,2024-09-28,1720,022556,,6,2,9,3100,0,1,3,,1,249,"SR-49 (EL DORADO ST)","OLD FORESTHILL RD",5016.00,N,N,A,-,Y,PLA,,49," "," ",1.018,H,,R,N,3,0,1,1,A,-,03,22350,,N,F,A,A,A,H,-,A,D,0,,,Y,,Y,,C,02,0,1,0,0,0,0,0,0,1,"- ","- ",38.907749176025391,-121.05063629150391,PLACER,UNINCORPORATED,-121.05061340332031,38.907737731933594