CASE_ID,ACCIDENT_YEAR,PROC_DATE,JURIS,COLLISION_DATE,COLLISION_TIME,OFFICER_ID,REPORTING_DISTRICT,DAY_OF_WEEK,CHP_SHIFT,POPULATION,CNTY_CITY_LOC,SPECIAL_COND,BEAT_TYPE,CHP_BEAT_TYPE,CITY_DIVISION_LAPD,CHP_BEAT_CLASS,BEAT_NUMBER,PRIMARY_RD,SECONDARY_RD,DISTANCE,DIRECTION,INTERSECTION,WEATHER_1,WEATHER_2,STATE_HWY_IND,CALTRANS_COUNTY,CALTRANS_DISTRICT,STATE_ROUTE,ROUTE_SUFFIX,POSTMILE_PREFIX,POSTMILE,LOCATION_TYPE,RAMP_INTERSECTION,SIDE_OF_HWY,TOW_AWAY,COLLISION_SEVERITY,NUMBER_KILLED,NUMBER_INJURED,PARTY_COUNT,PRIMARY_COLL_FACTOR,PCF_CODE_OF_VIOL,PCF_VIOL_CATEGORY,PCF_VIOLATION,PCF_VIOL_SUBSECTION,HIT_AND_RUN,TYPE_OF_COLLISION,MVIW,PED_ACTION,ROAD_SURFACE,ROAD_COND_1,ROAD_COND_2,LIGHTING,CONTROL_DEVICE,CHP_ROAD_TYPE,PEDESTRIAN_ACCIDENT,BICYCLE_ACCIDENT,MOTORCYCLE_ACCIDENT,TRUCK_ACCIDENT,NOT_PRIVATE_PROPERTY,ALCOHOL_INVOLVED,STWD_VEHTYPE_AT_FAULT,CHP_VEHTYPE_AT_FAULT,COUNT_SEVERE_INJ,COUNT_VISIBLE_INJ,COUNT_COMPLAINT_PAIN,COUNT_PED_KILLED,COUNT_PED_INJURED,COUNT_BICYCLIST_KILLED,COUNT_BICYCLIST_INJURED,COUNT_MC_KILLED,COUNT_MC_INJURED,PRIMARY_RAMP,SECONDARY_RAMP,LATITUDE,LONGITUDE,COUNTY,CITY,POINT_X,POINT_Y
94429960,2024,2024-10-14,9221,2024-10-12,"530 ",018579,,6,3,9,3100,0,1,3,,1,320,"SR-20 W/B","BEAR VALLEY ROAD",3168.00,E,N,A,-,Y,PLA,,20," "," ",42.694,H,,L,Y,3,0,1,1,A,-,08,22107,,N,E,8,A,A,H,-,D,A,0,,,,,Y,,D,22,0,1,0,0,0,0,0,0,0,"- ","- ",39.308990478515625,-120.65525817871094,PLACER,UNINCORPORATED,-120.65537261962891,39.309066772460938
94436136,2024,2024-10-18,9220,2024-10-04,1730,022556,,5,2,9,3100,0,3,5,,2,030,"FOWLER RD","VIRGINIATOWN RD",18.00,N,N,A,-,N,,,,,,,,,,N,4,0,1,2,A,-,03,22350,,N,C,C,A,A,H,-,A,D,0,,,,,Y,,A,01,0,0,1,0,0,0,0,0,0,"- ","- ",38.8985595703125,-121.21943664550781,PLACER,UNINCORPORATED,-121.21947479248047,38.897758483886719
94436144,2024,2024-10-18,9220,2024-10-05,"140 ",020990,,6,3,9,3100,0,2,4,,2,027,"AUBURN FOLSOM RD","MUIR WAY",1056.00,S,N,A,-,N,,,,,,,,,,N,2,0,1,1,A,-,01,23152,A,N,F,A,A,A,H,-,D,D,0,,,Y,,Y,Y,-,"- ",1,0,0,0,0,0,0,0,1,"- ","- ",38.726081848144531,-121.17562103271484,PLACER,UNINCORPORATED,-121.17545318603516,38.725997924804688
94437061,2024,2024-10-18,9222,2024-10-10,1610,020552,,4,2,9,3100,0,3,5,,2,010,16N86,"CUTTHROAT RD",3168.00,N,N,A,-,N,,,,,,,,,,N,3,0,1,1,B,-,22,,,N,F,A,A,A,H,-,A,D,0,,,Y,,Y,,C,06,0,1,0,0,0,0,0,0,1,"- ","- ",39.252140045166016,-120.01316833496094,PLACER,UNINCORPORATED,,
94438443,2024,2024-10-21,9220,2024-10-15,1225,015961,,2,1,9,3100,0,2,4,,2,071,"SIERRA COLLEGE BLVD","ENGLISH COLONY WAY",195.00,S,N,A,-,N,,,,,,,,,,Y,3,0,1,2,A,-,01,23152,A,N,D,C,A,A,H,-,A,D,0,,,,,Y,Y,A,07,0,1,0,0,0,0,0,0,0,"- ","- ",38.862190246582031,-121.21695709228516,PLACER,UNINCORPORATED,-121.21702575683594,38.862216949462891
94439207,2024,2024-10-21,9220,2024-10-19,1545,021719,,6,2,9,3100,0,1,3,,1,267,"SR-65 N/B","RIOSA RD",1500.00,N,N,A,-,Y,PLA,,65," ",L,23.707,H,,R,N,3,0,3,4,A,-,08,22107,,N,B,C,A,A,H,-,A,D,0,,,,,Y,,A,01,0,1,2,0,0,0,0,0,0,"- ","- ",38.985980987548828,-121.38571166992188,PLACER,UNINCORPORATED,-121.38572692871094,38.985977172851562
94442080,2024,2024-10-23,9220,2024-10-21,2145,018532,,1,2,9,3100,0,3,5,,2,020,"EAST ROSEVILLE PARKWAY","WEDDINGTON CIRCLE",108.00,E,N,A,-,N,,,,,,,,,,Y,2,0,1,1,A,-,01,23152,A,N,E,I,A,A,H,-,C,D,0,,,,,Y,,D,22,1,0,0,0,0,0,0,0,0,"- ","- ",38.724128723144531,-121.20008087158203,PLACER,UNINCORPORATED,-121.20018768310547,38.724174499511719
9444465,2022,2022-05-26,3105,2022-04-24,2500,1138,,7,5,5,3105,0,0,0,,0,003,"ATLANTIC ST",YOSEMITE,250.00,W,N,A,-,N,,,,,,,,,,Y,4,0,1,1,A,-,01,23152,A,N,E,I,A,A,H,-,C,A,0,,,,,Y,Y,A,01,0,0,1,0,0,0,0,0,0,"- ","- ",38.752788543701172,-121.28047180175781,PLACER,ROSEVILLE,-121.2802734375,38.752902984619141
9444466,2022,2022-05-26,3105,2022-04-22,0116,1082,,5,5,5,3105,0,0,0,,0,006,"FOOTHILLS BL","JUNCTION BL",719.00,N,N,B,-,N,,,,,,,,,,N,3,0,1,2,A,-,08,22107,,F,A,G,A,A,H,-,C,A,0,,Y,,,Y,Y,A,01,0,1,0,0,0,0,1,0,0,"- ","- ",38.763431549072266,-121.311767578125,PLACER,ROSEVILLE,-121.3101806640625,38.761131286621094
94445812,2024,2024-10-25,9220,2024-09-21,2342,020520,,6,3,9,3100,0,3,5,,2,010,"FIDDYMENT ROAD","SUNSET BOULEVARD WEST",58.00,N,N,A,-,N,,,,,,,,,,Y,2,0,3,3,A,-,01,23152,A,N,C,2,A,A,H,-,D,A,0,,,,,Y,Y,A,01,2,1,0,0,0,0,0,0,0,"- ","- ",38.824741363525391,-121.34925842285156,PLACER,UNINCORPORATED,-121.34927368164062,38.824680328369141
94445952,2024,2024-10-25,9220,2024-10-18,2054,020520,,5,2,9,3100,0,3,5,,2,070,"BUTLER RD","ENGLISH COLONY WAY",860.00,N,N,A,-,N,,,,,,,,,,Y,3,0,1,1,A,-,08,22107,,N,E,I,A,A,H,-,D,D,0,,,,,Y,,A,01,0,1,0,0,0,0,0,0,0,"- ","- ",38.856491088867188,-121.20095825195312,PLACER,UNINCORPORATED,-121.20097351074219,38.856472015380859
94447960,2024,2024-10-28,9220,2024-10-25,1624,021719,,5,2,9,3100,0,3,5,,2,010,"BREWER RD","JACKSON RD",1200.00,S,N,A,-,N,,,,,,,,,,N,4,0,3,2,A,-,08,22107,,N,B,C,A,A,H,-,A,D,0,,,,,Y,,D,22,0,0,3,0,0,0,0,0,0,"- ","- ",38.769939422607422,-121.45124816894531,PLACER,UNINCORPORATED,-121.45125579833984,38.770072937011719
9444875,2022,2022-05-31,3105,2022-04-24,2205,585,,7,5,5,3105,0,0,0,,0,002,"AUTOMALL DR","NORTH SUNRISE AV",1500.00,S,N,A,-,N,,,,,,,,,,Y,4,0,1,1,A,-,03,22350,,N,E,I,A,A,H,-,C,D,0,,,,,Y,,A,01,0,0,1,0,0,0,0,0,0,"- ","- ",38.750148773193359,-121.25566864013672,PLACER,ROSEVILLE,-121.25920104980469,38.753288269042969
9444877,2022,2022-06-13,3105,2022-04-15,1629,1130,,5,5,5,3105,0,0,0,,0,002,"DOUGLAS BL","SANTA CLARA DR",45.00,W,N,A,-,N,,,,,,,,,,Y,3,0,1,3,A,-,03,22350,,N,C,C,A,A,H,-,A,A,0,,,,,Y,,A,01,0,1,0,0,0,0,0,0,0,"- ","- ",38.74420166015625,-121.26219940185547,PLACER,ROSEVILLE,-121.26233673095703,38.744186401367188
94450650,2024,2024-10-30,9220,2024-10-17,"750 ",014512,,4,1,5,3105,0,1,1,,2,281,"I-80 E/B","DOUGLAS BLVD",2640.00,W,N,B,-,Y,PLA,,80," "," ",1.444,H,,R,Y,3,0,1,2,A,-,03,22350,,N,C,C,A,A,H,-,A,D,0,,,,,Y,,A,01,0,1,0,0,0,0,0,0,0,"- ","- ",38.73760986328125,-121.27604675292969,PLACER,ROSEVILLE,-121.276123046875,38.737655639648438
94453657,2024,2024-11-01,9220,2024-10-20,"300 ",019621,,7,3,9,3100,0,2,4,,2,062,"FORESTHILL RD","PONDEROSA WAY",3168.00,W,N,A,-,N,,,,,,,,,,N,3,0,1,1,A,-,01,23152,A,N,E,I,A,A,H,-,D,A,0,,,,,Y,Y,A,01,0,1,0,0,0,0,0,0,0,"- ","- ",38.990680694580078,-120.92711639404297,PLACER,UNINCORPORATED,-120.92657470703125,38.99090576171875
94455427,2024,2024-11-01,9220,2024-08-21,2348,016657,,3,3,3,3101,0,1,1,,2,282,"I-80 W/B","MAPLE ST (OVERCROSSING)",87.00,E,N,A,-,Y,PLA,,80," "," ",17.291,H,,L,Y,1,1,0,1,A,-,01,23152,A,N,E,8,A,A,H,-,C,D,0,,,,,Y,Y,A,07,0,0,0,0,0,0,0,0,0,"- ","- ",38.897380828857422,-121.07811737060547,PLACER,AUBURN,-121.07814788818359,38.897407531738281
94456948,2024,2024-11-04,9220,2024-10-23,1448,018382,,3,2,9,3100,0,3,5,,2,030,"NICOLAUS RD","MAVERICK LN",0.00,,Y,A,-,N,,,,,,,,,,Y,2,0,2,2,A,-,03,22350,,N,C,C,A,A,H,-,A,D,0,,,,,Y,,D,22,1,1,0,0,0,0,0,0,0,"- ","- ",38.897251129150391,-121.40042114257812,PLACER,UNINCORPORATED,-121.400390625,38.897262573242188
94456989,2024,2024-11-04,9220,2024-10-22,"755 ",018526,,2,1,9,3100,0,1,1,,2,281,"I-80 E/B","SIERRA COLLEGE BLVD",2746.00,W,N,A,-,Y,PLA,,80," "," ",6.886,H,,R,Y,4,0,2,3,A,-,03,22350,,N,B,C,A,A,H,-,A,D,0,,,,,Y,,A,01,0,0,2,0,0,0,0,0,0,"- ","- ",38.797210693359375,-121.212158203125,PLACER,UNINCORPORATED,-121.212158203125,38.797206878662109
94457119,2024,2024-11-04,9220,2024-10-26,"903 ",018526,,6,1,9,3100,0,1,3,,1,249,SR-49,"NEW AIRPORT ROAD",0.00,,Y,A,-,Y,PLA,,49," "," ",5.642,H,,R,Y,4,0,1,2,A,-,09,21453,C,N,D,C,A,A,H,-,A,A,0,,,,,Y,,D,22,0,0,1,0,0,0,0,0,0,"- ","- ",38.932449340820312,-121.09073638916016,PLACER,UNINCORPORATED,-121.09072113037109,38.932456970214844
94457646,2024,2024-11-04,9220,2024-10-27,1152,020465,,7,1,5,3105,0,1,1,,2,281,"I-80 E/B","EAST ROSEVILLE PKY",30.00,E,N,A,-,Y,PLA,,80," "," ",3.443,H,,R,N,2,0,1,1,A,-,03,22350,,N,F,A,A,A,H,-,A,D,0,,,Y,,Y,,C,02,1,0,0,0,0,0,0,0,1,"- ","- ",38.762939453125,-121.25823211669922,PLACER,ROSEVILLE,-121.25826263427734,38.762954711914062
94461717,2024,2024-11-07,9220,2024-11-06,2113,020520,,3,2,5,3105,0,1,3,,1,265,"SR-65 N/B TO BLUE OAKS BLVD.","BLUE OAKS BLVD O/C",1790.00,S,N,A,-,Y,PLA,,65," ",R,7.693,H,,R,Y,3,0,1,2,A,-,03,22350,,N,C,C,A,A,H,-,C,D,0,,,,,Y,,A,01,0,1,0,0,0,0,0,0,0,"- ","- ",38.791530609130859,-121.29293060302734,PLACER,ROSEVILLE,-121.29301452636719,38.791458129882812
94463640,2024,2024-11-08,9220,2024-10-30,"705 ",014512,,3,1,9,3100,0,1,3,,1,265,"SR-65 S/B","WHITNEY RANCH PARKWAY",1460.00,S,N,B,-,Y,PLA,,65," ",R,10.300,H,,L,Y,3,0,1,1,A,-,07,21658,A,N,F,A,A,A,H,-,C,D,0,,,,Y,Y,,F,27,0,1,0,0,0,0,0,0,0,"- ","- ",38.827629089355469,-121.30020904541016,PLACER,UNINCORPORATED,-121.30022430419922,38.827629089355469
94463740,2024,2024-11-08,9220,2024-11-07,1640,020072,,4,2,9,3100,0,1,1,,2,282,"I-80 E/B","KING RD",1056.00,W,N,A,-,Y,PLA,,80," "," ",9.326,H,,R,Y,3,0,1,1,A,-,03,22350,,N,F,0,A,A,H,-,A,D,0,,,Y,,Y,Y,C,02,0,1,0,0,0,0,0,0,1,"- ","- ",38.823108673095703,-121.18141937255859,PLACER,UNINCORPORATED,-121.18138122558594,38.823081970214844
9446599,2022,2022-06-24,3104,2022-05-23,1447,257,7,1,5,4,3104,0,0,0,,0,004,"W RANCH VIEW DR","WILDCAT BL",0.00,,Y,A,-,N,,,,,,,,,,Y,3,0,2,2,D,-,00,,,N,D,C,A,A,H,-,A,A,0,,,,Y,Y,,-,"- ",0,2,0,0,0,0,0,0,0,"- ","- ",38.837459564208984,-121.29067993164062,PLACER,ROCKLIN,-121.29070281982422,38.837440490722656
94467789,2024,2024-11-13,9220,2024-10-31,1050,017863,,4,1,9,3100,0,2,4,,2,056,"BELL ROAD","QUARTZ DRIVE",0.00,,Y,B,-,N,,,,,,,,,,Y,3,0,1,2,A,-,12,21453,A,N,D,C,A,A,H,-,A,A,0,,,,,Y,,J,48,0,1,0,0,0,0,0,0,0,"- ","- ",38.942459106445312,-121.09423828125,PLACER,UNINCORPORATED,-121.09429168701172,38.942386627197266
94468121,2024,2024-11-13,9220,2024-11-07,1010,017863,,4,1,9,3100,0,2,4,,2,046,"BELL RD.","SUNSET TERRACE",15.00,E,N,A,-,N,,,,,,,,,,N,4,0,1,1,C,-,18,,,N,E,I,A,A,H,-,A,A,0,,,,,Y,,-,"- ",0,0,1,0,0,0,0,0,0,"- ","- ",38.941928863525391,-121.11090850830078,PLACER,UNINCORPORATED,-121.11090850830078,38.941841125488281
94468591,2024,2024-11-13,9220,2024-11-12,"634 ",017397,,2,1,5,3105,0,1,1,,2,281,"I-80 W/B","CIRBY WAY",2587.00,E,N,A,-,Y,PLA,,80," "," ",1.185,H,,L,Y,3,0,2,3,A,-,03,22350,,N,C,C,A,A,H,-,A,D,0,,,,,Y,,A,01,0,1,1,0,0,0,0,0,0,"- ","- ",38.734920501708984,-121.27935028076172,PLACER,ROSEVILLE,-121.2794189453125,38.734966278076172
94469309,2024,2024-11-14,9222,2024-11-07,"948 ",019781,,4,1,9,3100,0,1,3,,1,016,SR-267,"DOLLY VARDEN AVE",270.00,N,N,A,-,Y,PLA,,267," "," ",9.584,H,,R,Y,3,0,1,1,A,-,03,22350,,N,E,8,A,A,H,-,A,D,0,,,,,Y,,A,01,0,1,0,0,0,0,0,0,0,"- ","- ",39.242340087890625,-120.03063201904297,PLACER,UNINCORPORATED,-120.03057098388672,39.242336273193359
9446932,2022,2022-05-19,3104,2022-04-08,2218,301,44,5,5,4,3104,0,0,0,,0,001,"ROCKLIN RD","PACIFIC ST",84.00,E,N,A,-,N,,,,,,,,,,Y,2,0,1,2,A,-,05,21650,,F,H,G,A,A,H,-,C,D,0,,Y,,,Y,,L,04,1,0,0,0,0,0,1,0,0,"- ","- ",38.790679931640625,-121.23590850830078,PLACER,ROCKLIN,-121.23577880859375,38.790679931640625
9446934,2022,2022-05-20,3104,2022-04-29,2311,301,46,5,5,4,3104,0,0,0,,0,002,"SUNSET BL","PACIFIC ST",0.00,,Y,A,-,N,,,,,,,,,,Y,2,0,1,1,A,-,01,23152,A,N,E,I,A,A,H,-,C,A,0,,,Y,,Y,Y,C,02,1,0,0,0,0,0,0,0,1,"- ","- ",38.781379699707031,-121.24220275878906,PLACER,ROCKLIN,-121.24221038818359,38.781387329101562
94471704,2024,2024-11-15,9220,2024-11-07,1518,022637,,4,2,9,3100,0,1,3,,1,265,SR-65,"RIOSA ROAD",0.00,,Y,A,-,Y,PLA,,65," ",L,23.187,H,,R,Y,2,0,3,2,A,-,08,22107,,N,A,C,A,A,H,-,A,A,0,,,,,Y,,A,07,1,0,2,0,0,0,0,0,0,"- ","- ",38.978771209716797,-121.38259124755859,PLACER,UNINCORPORATED,-121.38246154785156,38.978805541992188
9447286,2022,2022-06-21,3103,2022-05-31,0804,JMORR,L7,2,5,2,3103,0,0,0,,0,0L4,"DEL WEBB BL","FALLEN LEAF LN",0.00,S,N,A,-,N,,,,,,,,,,N,3,0,1,2,A,-,09,21801,,N,D,C,A,-,H,-,A,D,0,,,,,Y,,M,96,0,1,0,0,0,0,0,0,0,"- ","- ",38.862430572509766,-121.27339935302734,PLACER,LINCOLN,-121.27342224121094,38.862442016601562
94473768,2024,2025-01-27,9220,2024-11-09,2135,020990,,6,2,9,3100,0,2,4,,2,027,"AUBURN FOLSOM ROAD","CAMINO ORO",0.00,,Y,A,-,N,,,,,,,,,,N,3,0,1,2,A,-,01,23152,A,N,D,C,A,A,H,-,D,D,0,,,,,Y,Y,A,07,0,1,0,0,0,0,0,0,0,"- ","- ",38.786060333251953,-121.14192962646484,PLACER,UNINCORPORATED,-121.14181518554688,38.786094665527344
94476937,2024,2024-11-20,9221,2024-11-14,1010,018740,,4,1,9,3100,0,1,1,,2,388,"I-80 E/B","TROY RD. U/C",1320.00,W,N,B,-,Y,PLA,,80," "," ",68.315,H,,R,Y,3,0,1,2,A,-,08,22107,,N,B,C,A,A,H,-,A,D,0,,,,Y,Y,,A,07,0,1,0,0,0,0,0,0,0,"- ","- ",39.315128326416016,-120.462646484375,PLACER,UNINCORPORATED,-120.462646484375,39.315109252929688
94482529,2024,2024-11-25,9221,2024-11-20,1150,018213,,3,1,9,3100,0,1,3,,1,374,SR-174,"OLD GRASS VALLEY ROAD",472.00,N,N,C,-,Y,PLA,,174," "," ",2.676,H,,R,N,3,0,1,2,A,-,08,22107,,N,A,C,A,B,H,-,A,D,0,,,,,Y,,D,22,0,1,0,0,0,0,0,0,0,"- ","- ",39.128898620605469,-120.96028137207031,PLACER,UNINCORPORATED,-120.96029663085938,39.128894805908203
94482562,2024,2024-11-25,9221,2024-11-22,"900 ",018213,,5,1,9,3100,0,1,1,,2,384,"I-80 E/B","SECRET TOWN ROAD",4731.00,E,N,C,-,Y,PLA,,80," "," ",39.251,H,,R,Y,3,0,1,1,A,-,08,22107,,N,E,8,A,B,H,-,A,D,0,,,,,Y,,A,07,0,1,0,0,0,0,0,0,0,"- ","- ",39.156379699707031,-120.88372039794922,PLACER,UNINCORPORATED,-120.88380432128906,39.156501770019531
94482704,2024,2024-11-25,9220,2024-11-21,1428,019465,,4,2,9,3100,0,3,5,,2,070,"HORSESHOE BAR ROAD","VISTA DRIVE",0.00,,Y,B,C,N,,,,,,,,,,Y,4,0,1,2,A,-,09,21802,A,N,D,C,A,B,H,-,A,D,0,,,,,Y,,D,22,0,0,1,0,0,0,0,0,0,"- ","- ",38.810619354248047,-121.15653991699219,PLACER,UNINCORPORATED,-121.15651702880859,38.810626983642578
94482760,2024,2024-11-25,9220,2024-11-22,"951 ",019465,,5,1,9,3100,0,1,1,,2,282,"I-80 W/B FROM HORSESHOE BAR RD","HORSESHOE BAR ROAD",820.00,W,N,B,C,Y,PLA,,80," "," ",8.565,H,,L,Y,3,0,2,2,A,-,08,22107,,N,D,C,A,B,H,-,A,D,0,,,,,Y,,D,22,0,1,1,0,0,0,0,0,0,"- ","- ",38.815078735351562,-121.19113922119141,PLACER,UNINCORPORATED,-121.19115447998047,38.815093994140625
94483936,2024,2024-11-26,9220,2024-11-23,1145,018291,,6,1,5,3105,0,1,3,,1,265,"SR-65 N/B FROM PLEASANT GROVE BLVD E/B","SR-65 (N/B)",175.00,E,N,B,C,Y,,,,,,,,,,N,3,0,1,1,A,-,08,22107,,N,E,I,A,B,H,-,A,D,0,,,,,Y,,A,01,0,1,0,0,0,0,0,0,0,"- ","- ",38.786769866943359,-121.28243255615234,PLACER,ROSEVILLE,,
94484432,2024,2024-11-26,9220,2024-11-20,"948 ",015917,,3,1,9,3100,0,2,4,,2,046,"BELL RD","BLUE OAKS DR",328.00,E,N,B,-,N,,,,,,,,,,Y,3,0,2,2,A,-,09,21804,A,N,D,C,A,A,H,-,A,D,0,,,,,Y,,A,01,0,1,1,0,0,0,0,0,0,"- ","- ",38.941970825195312,-121.10260009765625,PLACER,UNINCORPORATED,-121.10263824462891,38.941909790039062
94488838,2024,2024-12-02,9220,2024-11-24,"120 ",020520,,7,3,5,3105,0,1,3,,1,265,"SR-65 N/B","BLUE OAKS BLVD.",1432.00,S,N,A,-,Y,PLA,,65," ",R,7.782,H,,R,Y,3,0,1,1,A,-,01,23152,A,N,F,A,A,B,H,-,C,D,0,,,,,Y,Y,A,01,0,1,0,0,0,0,0,0,0,"- ","- ",38.792388916015625,-121.29415893554688,PLACER,ROSEVILLE,-121.29418182373047,38.792377471923828
9449560,2022,2022-06-02,3105,2022-05-05,1815,1124,,4,5,5,3105,0,0,0,,0,004,"ATKINSON ST","NETA LN",480.00,S,N,A,-,N,,,,,,,,,,N,2,0,1,2,A,-,06,21760,C,F,H,G,A,A,H,-,A,D,0,,Y,,,Y,Y,A,01,1,0,0,0,0,0,1,0,0,"- ","- ",38.73223876953125,-121.31009674072266,PLACER,ROSEVILLE,-121.31165313720703,38.730010986328125
9449563,2022,2022-06-02,3105,2022-05-06,2500,1082,,5,5,5,3105,0,0,0,,0,004,"LINCOLN ST","WASHINGTON BL",40.00,E,N,A,-,N,,,,,,,,,,Y,3,0,1,1,A,-,01,23152,A,N,A,I,A,A,H,-,C,A,0,,,,,Y,Y,A,01,0,1,0,0,0,0,0,0,0,"- ","- ",38.756969451904297,-121.28855895996094,PLACER,ROSEVILLE,-121.28845977783203,38.756980895996094
94498559,2024,2024-12-13,9220,2024-12-06,2150,020520,,5,2,9,3100,0,3,5,,2,050,"GREENWOOD DR","RIDGEWOOD WAY",236.00,W,N,B,-,N,,,,,,,,,,Y,3,0,1,1,A,-,01,23152,A,N,E,8,A,A,H,-,D,D,0,,,,,Y,Y,A,01,0,1,0,0,0,0,0,0,0,"- ","- ",38.995281219482422,-121.01294708251953,PLACER,UNINCORPORATED,-121.01286315917969,38.995288848876953
94499040,2024,2024-12-13,9220,2024-12-04,1040,015917,,3,1,9,3100,0,1,3,,1,249,"SR-49 (GRASS VALLEY HIGHWAY)","JOEGER RD",0.00,,Y,A,-,Y,PLA,,49," ",R,7.954,H,,R,Y,2,0,2,3,A,-,09,21801,A,N,A,C,A,A,H,-,A,D,0,,,,,Y,,A,07,1,1,0,0,0,0,0,0,0,"- ","- ",38.963878631591797,-121.10411071777344,PLACER,UNINCORPORATED,-121.10399627685547,38.963893890380859
94500322,2024,2024-12-13,9220,2024-12-06,1500,020072,,5,2,9,3100,0,1,1,,2,282,"I-80 W/B","KING RD",20.00,W,N,A,-,Y,PLA,,80," "," ",9.515,H,,L,Y,4,0,1,2,A,-,03,22350,,N,C,C,A,A,H,-,A,D,0,,,,,Y,,A,01,0,0,1,0,0,0,0,0,0,"- ","- ",38.825119018554688,-121.17919158935547,PLACER,UNINCORPORATED,-121.17917633056641,38.825107574462891
94501240,2024,2024-12-13,9221,2024-12-01,1617,019446,,7,2,9,3100,0,1,1,,2,385,"I-80 W/B","BAXTER ROAD",1242.00,E,N,A,-,Y,PLA,,80," "," ",47.179,H,,L,Y,4,0,1,4,A,-,03,22350,,N,C,C,A,A,H,-,A,D,0,,,,,Y,,A,07,0,0,1,0,0,0,0,0,0,"- ","- ",39.217628479003906,-120.77452087402344,PLACER,UNINCORPORATED,-120.77457427978516,39.217655181884766
94501383,2024,2024-12-13,9220,2024-12-11,1420,015961,,3,2,9,3100,0,1,3,,1,249,SR-49,"BELL RD",0.00,,Y,A,-,Y,PLA,,49," "," ",6.373,H,,R,N,4,0,1,2,A,-,03,22350,,N,C,C,A,A,H,-,A,A,0,,,,,Y,,A,07,0,0,1,0,0,0,0,0,0,"- ","- ",38.941940307617188,-121.09689331054688,PLACER,UNINCORPORATED,-121.09697723388672,38.941925048828125
9450328,2022,2022-06-22,3105,2022-05-11,1319,188,,3,5,5,3105,0,0,0,,0,007,"PLEASANT GROVE BL","FIDDYMENT RD",0.00,,Y,A,-,N,,,,,,,,,,N,4,0,1,2,A,-,10,21950,A,N,D,G,A,A,H,-,A,A,0,,Y,,,Y,,J,48,0,0,1,0,0,0,1,0,0,"- ","- ",38.766159057617188,-121.35871124267578,PLACER,ROSEVILLE,-121.35873413085938,38.766292572021484
94505218,2024,2024-12-16,9220,2024-12-09,"620 ",018526,,1,1,9,3100,0,3,5,,2,010,"NICOLAUS RD","CANAL RD",385.00,W,N,A,-,N,,,,,,,,,,Y,4,0,1,1,A,-,08,22107,,N,E,I,A,A,H,-,D,D,0,,,,,Y,,D,22,0,0,1,0,0,0,0,0,0,"- ","- ",38.897098541259766,-121.41590118408203,PLACER,UNINCORPORATED,-121.41574096679688,38.897060394287109
94508526,2024,2024-12-18,9220,2024-12-10,1950,016657,,2,2,4,3104,0,1,1,,2,281,"I-80 E/B","ROCKLIN ROAD",1180.00,W,N,A,-,Y,PLA,,80," "," ",5.836,H,,R,Y,3,0,2,2,A,-,03,22350,,N,C,C,A,A,H,-,C,D,0,,,,Y,Y,,A,08,0,1,1,0,0,0,0,0,0,"- ","- ",38.786041259765625,-121.22541046142578,PLACER,ROCKLIN,-121.22539520263672,38.786026000976562
94510343,2024,2024-12-19,9220,2024-12-18,1720,020072,,3,2,9,3100,0,1,1,,2,283,"I-80 E/B","ILLINOISTOWN RD",1584.00,W,N,A,-,Y,PLA,,80," "," ",31.483,H,,R,Y,4,0,1,2,A,-,07,21658,A,N,B,C,A,A,H,-,D,D,0,,,,Y,Y,,G,25,0,0,1,0,0,0,0,0,0,"- ","- ",39.074321746826172,-120.96202087402344,PLACER,UNINCORPORATED,-120.96208190917969,39.0743408203125
94510617,2024,2024-12-19,9222,2024-12-08,1757,021995,,7,2,9,3100,0,1,3,,1,014,"BURTON CREEK DRIVE",SR-28,0.00,,Y,A,-,N,,,,,,,,,,N,4,0,1,2,A,-,10,21950,A,N,G,B,D,A,H,-,C,A,0,Y,,,,Y,Y,J,48,0,0,1,0,1,0,0,0,0,"- ","- ",39.187770843505859,-120.11878204345703,PLACER,UNINCORPORATED,-120.11872100830078,39.187717437744141
94510813,2024,2024-12-19,9220,2024-12-09,1128,015917,,1,1,9,3100,0,1,1,,2,282,"INTERSTATE 80 (I-80) WESTBOUND","WERNER RD",60.00,E,N,A,-,Y,PLA,,80," "," ",15.545,H,,L,Y,3,0,2,3,A,-,08,22107,,N,B,C,A,A,H,-,A,D,0,,,,Y,Y,,G,25,0,2,0,0,0,0,0,0,0,"- ","- ",38.882999420166016,-121.10415649414062,PLACER,UNINCORPORATED,-121.10413360595703,38.882972717285156