CASE_ID,ACCIDENT_YEAR,PROC_DATE,JURIS,COLLISION_DATE,COLLISION_TIME,OFFICER_ID,REPORTING_DISTRICT,DAY_OF_WEEK,CHP_SHIFT,POPULATION,CNTY_CITY_LOC,SPECIAL_COND,BEAT_TYPE,CHP_BEAT_TYPE,CITY_DIVISION_LAPD,CHP_BEAT_CLASS,BEAT_NUMBER,PRIMARY_RD,SECONDARY_RD,DISTANCE,DIRECTION,INTERSECTION,WEATHER_1,WEATHER_2,STATE_HWY_IND,CALTRANS_COUNTY,CALTRANS_DISTRICT,STATE_ROUTE,ROUTE_SUFFIX,POSTMILE_PREFIX,POSTMILE,LOCATION_TYPE,RAMP_INTERSECTION,SIDE_OF_HWY,TOW_AWAY,COLLISION_SEVERITY,NUMBER_KILLED,NUMBER_INJURED,PARTY_COUNT,PRIMARY_COLL_FACTOR,PCF_CODE_OF_VIOL,PCF_VIOL_CATEGORY,PCF_VIOLATION,PCF_VIOL_SUBSECTION,HIT_AND_RUN,TYPE_OF_COLLISION,MVIW,PED_ACTION,ROAD_SURFACE,ROAD_COND_1,ROAD_COND_2,LIGHTING,CONTROL_DEVICE,CHP_ROAD_TYPE,PEDESTRIAN_ACCIDENT,BICYCLE_ACCIDENT,MOTORCYCLE_ACCIDENT,TRUCK_ACCIDENT,NOT_PRIVATE_PROPERTY,ALCOHOL_INVOLVED,STWD_VEHTYPE_AT_FAULT,CHP_VEHTYPE_AT_FAULT,COUNT_SEVERE_INJ,COUNT_VISIBLE_INJ,COUNT_COMPLAINT_PAIN,COUNT_PED_KILLED,COUNT_PED_INJURED,COUNT_BICYCLIST_KILLED,COUNT_BICYCLIST_INJURED,COUNT_MC_KILLED,COUNT_MC_INJURED,PRIMARY_RAMP,SECONDARY_RAMP,LATITUDE,LONGITUDE,COUNTY,CITY,POINT_X,POINT_Y
9642479,2023,2024-02-29,3105,2023-12-03,1915,1186,,7,5,5,3105,0,0,0,,0,001,"ROSEVILLE PKWY","TAYLOR RD",0.00,,Y,A,-,N,,,,,,,,,,Y,4,0,2,2,A,-,12,21453,A,N,D,C,A,A,H,-,C,A,0,,,,,Y,,A,01,0,0,2,0,0,0,0,0,0,"- ","- ",38.762008666992188,-121.25586700439453,PLACER,ROSEVILLE,-121.25586700439453,38.762008666992188
9642480,2023,2024-02-29,3105,2023-12-03,1520,1137,,7,5,5,3105,0,0,0,,0,002,"EUREKA RD","ROSEVILLE PKWY",0.00,,Y,A,-,N,,,,,,,,,,Y,4,0,1,2,A,-,09,21453,C,N,D,C,A,A,H,-,C,A,0,,,,,Y,,A,01,0,0,1,0,0,0,0,0,0,"- ","- ",,,PLACER,ROSEVILLE,-121.23567962646484,38.736709594726562
9642628,2023,2024-03-04,3105,2023-12-03,1306,1200,,7,5,5,3105,0,0,0,,0,002,"EUREKA RD","E ROSEVILLE PK E",0.00,,Y,B,-,N,,,,,,,,,,Y,4,0,1,2,A,-,08,22107,1,N,D,C,A,A,H,-,A,A,0,,,,,Y,,A,01,0,0,1,0,0,0,0,0,0,"- ","- ",,,PLACER,ROSEVILLE,-121.23567962646484,38.736709594726562
9643859,2023,2023-12-26,3105,2023-10-30,1543,1196,,1,5,5,3105,0,0,0,,0,005,"PLEASANT GROVE BL","RT 65",0.00,,Y,A,-,Y,PLA,3,65,-,R,7.082,R,4,N,Y,4,0,3,3,A,-,03,22350,,N,C,C,A,A,H,-,A,A,0,,,,,Y,,D,23,0,0,3,0,0,0,0,0,0,"- ","- ",,,PLACER,ROSEVILLE,-121.28374481201172,38.786483764648438
9643977,2023,2023-12-28,3105,2023-11-13,1559,1175,,1,5,5,3105,0,0,0,,0,006,"GALILEE RD","PLEASANT GROVE BL",715.00,N,N,A,-,N,,,,,,,,,,Y,2,0,2,2,A,-,09,21804,A,N,D,C,A,A,H,-,A,D,0,,,,,Y,,A,07,1,1,0,0,0,0,0,0,0,"- ","- ",,,PLACER,ROSEVILLE,-121.30601501464844,38.775455474853516
9646535,2023,2024-01-08,3105,2023-12-18,1629,1196,,1,5,5,3105,0,0,0,,0,004,"FOOTHILL BL","CIRBY WY",0.00,,Y,C,-,N,,,,,,,,,,Y,4,0,1,2,A,-,00,2800,2,N,D,C,A,B,H,-,B,A,0,,,,,Y,,A,01,0,0,1,0,0,0,0,0,0,"- ","- ",,,PLACER,ROSEVILLE,-121.30377960205078,38.729518890380859
9646537,2023,2024-01-16,3105,2023-12-15,2320,1190,,5,5,5,3105,0,0,0,,0,001,"STANFORD RANCH RD","RT 65",17.00,E,N,A,-,Y,PLA,3,65,-,R,6.876,R,4,S,Y,3,0,2,2,A,-,12,21453,A,N,D,C,A,A,H,-,C,A,0,,,,,Y,,D,22,0,1,1,0,0,0,0,0,0,"- ","- ",,,PLACER,ROSEVILLE,-121.28066253662109,38.784713745117188
9646548,2023,2024-01-05,3105,2023-12-27,1010,1015,,3,5,5,3105,0,0,0,,0,003,"E ST","5TH ST",0.00,,Y,B,-,N,,,,,,,,,,N,4,0,1,2,A,-,09,21802,A,N,D,C,A,A,H,-,A,A,0,,,,,Y,,D,22,0,0,1,0,0,0,0,0,0,"- ","- ",38.738239288330078,-121.29570007324219,PLACER,ROSEVILLE,-121.29589080810547,38.738079071044922
9646788,2023,2024-03-01,3105,2023-12-29,2252,1190,,5,5,5,3105,0,0,0,,0,001,"STANFORD RANCH RD","RT 65",10.00,N,N,C,-,Y,PLA,3,65,-,R,6.204,R,4,N,Y,4,0,1,2,A,-,03,22350,,N,C,C,A,B,H,-,C,A,0,,,,,Y,,A,01,0,0,1,0,0,0,0,0,0,"- ",NO,,,PLACER,ROSEVILLE,-121.27009582519531,38.779678344726562
9647891,2023,2023-12-23,3105,2023-11-25,2249,592,,6,5,5,3105,0,0,0,,0,002,"S EUREKA RD","DOUGLAS BL",57.00,N,N,A,-,N,,,,,,,,,,N,4,0,3,2,A,-,03,22350,,F,C,C,A,A,-,-,C,A,0,,,,,Y,,A,07,0,0,3,0,0,0,0,0,0,"- ","- ",,,PLACER,ROSEVILLE,-121.24710083007812,38.744358062744141
9649648,2023,2024-01-11,3105,2023-11-27,1250,1195,,1,5,5,3105,0,0,0,,0,004,"ROSEVILLE PW","RESERVE DR",0.00,,Y,A,-,N,,,,,,,,,,N,4,0,1,2,A,-,10,21950,A,N,G,B,B,A,H,-,A,A,0,Y,,,,Y,,A,01,0,0,1,0,1,0,0,0,0,"- ","- ",,,PLACER,ROSEVILLE,-121.26943206787109,38.769985198974609
9651997,2024,2024-03-28,3104,2024-01-06,1826,323,17,6,5,4,3104,0,0,0,,0,004,"PARK DR","SUNSET BL",0.00,,Y,B,-,N,,,,,,,,,,N,3,0,4,4,A,-,09,21453,C,N,B,C,A,B,H,-,C,A,0,,,,,Y,,A,01,0,4,0,0,0,0,0,0,0,"- ","- ",38.804740905761719,-121.27294158935547,PLACER,ROCKLIN,-121.27294921875,38.804740905761719
9652530,2024,2024-02-05,3105,2024-01-16,1738,1128,,2,5,5,3105,0,0,0,,0,002,"S CIRBY WY","CHAMPION OAKS DR",0.00,,Y,C,-,N,,,,,,,,,,N,4,0,1,2,A,-,17,21451,A,N,A,C,A,B,H,-,C,A,0,,,,,Y,,-,"- ",0,0,1,0,0,0,0,0,0,"- ","- ",,,PLACER,ROSEVILLE,-121.24921417236328,38.726108551025391
9653492,2023,2024-02-26,3105,2023-12-12,1953,1158,,2,5,5,3105,0,0,0,,0,006,"INDUSTRIAL AV","ALANTOWN DR",270.00,N,N,A,-,N,,,,,,,,,,Y,3,0,2,2,A,-,07,21658,A,N,D,C,A,A,H,-,D,D,0,,,,,Y,,A,07,0,1,1,0,0,0,0,0,0,"- ","- ",38.797401428222656,-121.30789184570312,PLACER,ROSEVILLE,-121.30787658691406,38.798122406005859
9653500,2023,2024-03-30,3105,2023-12-11,1537,1071,,1,5,5,3105,0,0,0,,0,004,"RESERVE DR","DIAMOND OAKS RD",0.00,,Y,A,-,N,,,,,,,,,,N,3,0,1,2,A,-,05,21650,1,N,G,G,A,A,H,-,A,-,0,,Y,,,Y,,L,04,0,1,0,0,0,0,1,0,0,"- ","- ",38.766819000244141,-121.2713623046875,PLACER,ROSEVILLE,-121.27128601074219,38.766735076904297
9654080,2023,2024-02-27,3105,2023-11-10,1245,1109,,5,5,5,3105,0,0,0,,0,005,"STANFORD RANCH RD","FIVE STAR BL",0.00,,Y,A,-,N,,,,,,,,,,Y,4,0,1,2,A,-,12,21453,A,N,D,C,A,A,H,-,A,A,0,,,,,Y,,A,01,0,0,1,0,0,0,0,0,0,"- ","- ",,,PLACER,ROSEVILLE,-121.26572418212891,38.78179931640625
9654447,2023,2024-01-23,3105,2023-12-19,1032,1173,,2,5,5,3105,0,0,0,,0,007,"FIDDYMENT RD","HAYDEN PKWY",0.00,,Y,C,-,N,,,,,,,,,,Y,3,0,4,2,A,-,12,21453,A,N,D,C,A,B,H,-,A,A,0,,,,,Y,,A,01,0,1,3,0,0,0,0,0,0,"- ","- ",38.802219390869141,-121.35492706298828,PLACER,ROSEVILLE,-121.35868072509766,38.783737182617188
9656093,2023,2024-01-17,3101,2023-11-16,1214,A836,AU15,4,5,3,3101,0,0,0,,0,0A1,"RT 49","PALM AV",0.00,,Y,A,-,Y,PLA,3,49,-,-,3.680,H,-,S,N,3,0,2,2,A,-,03,22350,,N,C,C,A,A,H,-,A,D,0,,,,,Y,,A,01,0,1,1,0,0,0,0,0,0,"- ","- ",38.908378601074219,-121.07785034179688,PLACER,AUBURN,-121.0767822265625,38.906940460205078
9656672,2023,2024-03-01,3105,2023-12-02,1240,1212,,6,5,5,3105,0,0,0,,0,005,"PLEASANT GROVE BL","RT 65",46.00,E,N,C,-,Y,PLA,3,65,-,R,7.141,R,4,S,N,4,0,1,2,A,-,03,22350,,N,C,C,A,B,H,-,A,A,0,,,,,Y,,A,01,0,0,1,0,0,0,0,0,0,"- ","- ",38.786090850830078,-121.28443908691406,PLACER,ROSEVILLE,-121.28481292724609,38.786788940429688
9658708,2024,2024-03-20,3105,2024-01-29,1722,1158,,1,5,5,3105,0,0,0,,0,006,"PAINTED DESERT DR","WOODCREEK OAKS BL",711.00,E,N,A,-,N,,,,,,,,,,N,4,0,1,2,A,-,10,21950,A,N,D,B,C,A,H,-,B,D,0,Y,,,,Y,,A,01,0,0,1,0,1,0,0,0,0,"- ","- ",,,PLACER,ROSEVILLE,-121.32621765136719,38.792301177978516
9659817,2024,2024-03-15,3105,2024-01-13,1307,1196,,6,5,5,3105,0,0,0,,0,005,"PLEASANT GROVE BL","GOLD COAST DR",206.00,E,N,C,-,N,,,,,,,,,,Y,4,0,2,1,A,-,03,22350,,N,D,I,A,B,H,-,A,D,0,,,,,Y,,A,01,0,0,2,0,0,0,0,0,0,"- ","- ",,,PLACER,ROSEVILLE,-121.29287719726562,38.775627136230469
9659818,2024,2024-03-15,3105,2024-01-22,"938 ",3066,,1,5,5,3105,0,0,0,,0,002,"NORTH SUNRISE AV","EUREKA RD",57.00,W,N,A,-,N,,,,,,,,,,Y,3,0,1,2,A,-,08,22107,,N,B,C,A,A,H,-,A,D,0,,,,,Y,,A,01,0,1,0,0,0,0,0,0,0,"- ","- ",,,PLACER,ROSEVILLE,-121.25524139404297,38.755451202392578
9659820,2024,2024-09-10,3105,2024-01-16,1235,1142,,2,5,5,3105,0,0,0,,0,003,"CIRBY WY","SUNRISE AV",300.00,W,N,B,-,N,,,,,,,,,,Y,1,1,2,2,A,-,08,22107,,N,D,C,A,A,H,-,A,D,0,,,,,Y,,A,01,0,0,2,0,0,0,0,0,0,"- ","- ",38.730129241943359,-121.27400207519531,PLACER,ROSEVILLE,-121.27313995361328,38.729511260986328
9659895,2024,2024-05-07,3105,2024-02-05,1318,1195,,1,5,5,3105,0,0,0,,0,005,"CHASE DR","ROSEVILLE PW",0.00,,Y,A,-,N,,,,,,,,,,Y,4,0,1,1,A,-,08,22107,,N,A,I,A,B,H,-,A,A,0,,,,,Y,,A,01,0,0,1,0,0,0,0,0,0,"- ","- ",,,PLACER,ROSEVILLE,-121.27886199951172,38.776435852050781
9661864,2024,2024-03-28,3105,2024-01-10,1416,1148,,3,5,5,3105,0,0,0,,0,002,"DOUGLAS BL","SIERRA COLLEGE BL",880.00,W,N,C,-,N,,,,,,,,,,Y,3,0,2,2,A,-,03,22350,,N,C,C,A,B,H,-,A,D,0,,,,,Y,,A,01,0,1,1,0,0,0,0,0,0,"- ","- ",38.743350982666016,-121.22976684570312,PLACER,ROSEVILLE,-121.22930145263672,38.7440185546875
9661865,2024,2024-03-29,3104,2024-01-10,"0   ",315,36,3,5,4,3104,0,0,0,,0,002,"5TH ST","5TH ST 4620",0.00,,Y,B,-,N,,,,,,,,,,Y,4,0,1,2,A,-,08,22107,,N,A,E,A,B,H,-,C,D,0,,,,,Y,,A,01,0,0,1,0,0,0,0,0,0,"- ","- ",38.797260284423828,-121.23850250244141,PLACER,ROCKLIN,-121.07209777832031,37.393730163574219
9662973,2024,2024-03-20,3104,2024-01-13,1945,290,37,6,5,4,3104,0,0,0,,0,002,SPRINGVIEW,RAINER,0.00,,Y,C,-,N,,,,,,,,,,N,3,0,2,3,A,-,10,21950,A,F,G,B,B,B,H,-,C,A,0,Y,,,,Y,,D,73,0,2,0,0,2,0,0,0,0,"- ","- ",38.778629302978516,-121.25385284423828,PLACER,ROCKLIN,-121.25460815429688,38.776256561279297
9664176,2024,2024-05-03,3105,2024-02-05,2500,1145,,1,5,5,3105,0,0,0,,0,004,"ATKINSON ST",BOOTH,480.00,S,N,B,C,N,,,,,,,,,,Y,4,0,1,3,A,-,08,22107,,N,D,C,A,B,H,-,B,D,0,,,,Y,Y,,F,26,0,0,1,0,0,0,0,0,0,"- ","- ",,,PLACER,ROSEVILLE,-121.30689239501953,38.735488891601562
9664908,2024,2024-04-27,3105,2024-02-21,1229,1142,,3,5,5,3105,0,0,0,,0,002,"DOUGLAS BL","SIERRA GARDENS",50.00,E,N,A,-,N,,,,,,,,,,N,4,0,1,2,A,-,03,22350,,N,C,C,A,A,H,-,A,A,0,,,,,Y,,D,22,0,0,1,0,0,0,0,0,0,"- ","- ",38.74420166015625,-121.25921630859375,PLACER,ROSEVILLE,-121.25904846191406,38.744235992431641
9664909,2024,2024-04-27,3105,2024-02-18,1325,1208,,7,5,5,3105,0,0,0,,0,006,"PLEASANT GROVE BL","FOOTHILLS BL",270.00,W,N,B,-,N,,,,,,,,,,N,2,0,1,1,A,-,08,22107,,N,F,A,A,A,H,-,A,A,0,,,Y,,Y,,C,02,1,0,0,0,0,0,0,0,1,"- ","- ",38.772609710693359,-121.31285858154297,PLACER,ROSEVILLE,-121.31382751464844,38.772422790527344
9665058,2024,2024-05-01,3105,2024-02-11,2120,1196,,7,5,5,3105,0,0,0,,0,003,"EAST ROSEVILLE PKWY","N CIRBY WY N",0.00,,Y,A,-,N,,,,,,,,,,N,4,0,1,2,A,-,00,20002,A,N,C,C,A,A,H,-,C,A,0,,,,,Y,,-,,0,0,1,0,0,0,0,0,0,"- ","- ",,,PLACER,ROSEVILLE,-121.23155975341797,38.731498718261719
9665059,2024,2024-05-16,3105,2024-02-13,1008,1193,,2,5,5,3105,0,0,0,,0,001,"ORVIETTO DR","NUZIA CT",150.00,W,N,A,-,N,,,,,,,,,,Y,2,0,2,2,A,-,01,23152,A,N,A,E,A,A,H,-,C,D,0,,,,,Y,Y,A,01,1,0,1,0,0,0,0,0,0,"- ","- ",38.750221252441406,-121.24053192138672,PLACER,ROSEVILLE,-121.23983764648438,38.750049591064453
9665793,2024,2024-06-26,3105,2024-03-03,1451,1209,,7,5,5,3105,0,0,0,,0,004,"SIERRA BL","SEQUOIA ST",0.00,,Y,B,C,N,,,,,,,,,,Y,3,0,2,2,A,-,09,21804,B,N,D,C,A,B,H,-,A,D,0,,,,,Y,,A,07,0,1,1,0,0,0,0,0,0,"- ","- ",38.756671905517578,-121.28073883056641,PLACER,ROSEVILLE,-121.28076171875,38.756671905517578
9666380,2024,2024-05-16,3105,2024-03-13,2035,1214,,3,5,5,3105,0,0,0,,0,002,"EUREKA RD","TAYLOR RD",0.00,,Y,A,-,N,,,,,,,,,,Y,3,0,3,2,A,-,12,21453,A,N,D,C,A,A,H,-,C,A,0,,,,,Y,,A,01,0,1,2,0,0,0,0,0,0,"- ","- ",38.757469177246094,-121.2596435546875,PLACER,ROSEVILLE,-121.25965881347656,38.757438659667969
9669808,2024,2024-04-09,3105,2024-01-31,1903,1134,,3,5,5,3105,0,0,0,,0,006,"WOODCREEK OAKS BL","TRAILEE LN",30.00,N,N,C,G,N,,,,,,,,,,N,4,0,1,2,A,-,03,22350,,N,C,C,A,B,H,-,C,A,0,,,,,Y,,A,01,0,0,1,0,0,0,0,0,0,"- ","- ",,,PLACER,ROSEVILLE,-121.33244323730469,38.761009216308594
9670631,2024,2024-03-18,3105,2024-01-27,2154,1175,,6,5,5,3105,0,0,0,,0,002,"EAST ROSEVILLE PKWY","SIERRA COLLEGE BL",250.00,E,N,A,-,N,,,,,,,,,,Y,4,0,1,2,A,-,03,22350,,F,B,C,A,A,H,-,C,A,0,,,,,Y,,A,01,0,0,1,0,0,0,0,0,0,"- ","- ",38.73114013671875,-121.22611999511719,PLACER,ROSEVILLE,-121.22498321533203,38.730979919433594
9672083,2023,2024-02-26,3105,2023-12-23,"122 ",1192,,6,5,5,3105,0,0,0,,0,003,"CIRBY WY","RIVERSIDE AV",0.00,,Y,A,-,N,,,,,,,,,,Y,3,0,4,2,A,-,12,21453,A,N,D,C,A,A,H,-,C,A,0,,,,,Y,,A,01,0,1,3,0,0,0,0,0,0,"- ","- ",,,PLACER,ROSEVILLE,-121.29045867919922,38.729347229003906
9675242,2024,2024-04-11,3105,2024-02-26,2238,1202,,1,5,5,3105,0,0,0,,0,006,"N FOOTHILLS BL","MCANALLY DR",39.00,S,N,A,-,N,,,,,,,,,,Y,4,0,1,2,A,-,01,23152,F,N,C,C,A,A,H,-,C,A,0,,,,,Y,,I,09,0,0,1,0,0,0,0,0,0,"- ","- ",38.763431549072266,-121.311767578125,PLACER,ROSEVILLE,-121.31169128417969,38.763362884521484
9675720,2024,2024-03-29,3105,2024-01-30,"739 ",1201,,2,5,5,3105,0,0,0,,0,005,"STANFORD RANCH RD","FIVE STAR BL",171.00,S,N,A,-,N,,,,,,,,,,N,4,0,1,2,A,-,03,22350,,N,C,C,A,A,H,-,A,A,0,,,,,Y,,A,01,0,0,1,0,0,0,0,0,0,"- ","- ",38.781810760498047,-121.26583099365234,PLACER,ROSEVILLE,-121.26572418212891,38.781330108642578
9676879,2024,2024-08-01,3105,2024-05-03,2500,1123,,5,5,5,3105,0,0,0,,0,002,"SALMON DR","CIRBY WY",0.00,,Y,A,-,N,,,,,,,,,,Y,4,0,3,2,A,-,09,21801,A,N,B,C,A,A,H,-,A,D,0,,,,,Y,,A,01,0,0,3,0,0,0,0,0,0,"- ","- ",,,PLACER,ROSEVILLE,-121.27609252929688,38.7294921875
9676961,2024,2024-06-12,3105,2024-04-28,1613,1219,,7,5,5,3105,0,0,0,,0,005,"FAIRWAY DR","STANFORD RANCH DR",0.00,,Y,A,-,N,,,,,,,,,,Y,4,0,1,2,A,-,12,21453,A,N,D,C,A,A,H,-,A,A,0,,,Y,,Y,,A,01,0,0,1,0,0,0,0,0,1,"- ","- ",,,PLACER,ROSEVILLE,-121.26573181152344,38.783638000488281
9677261,2024,2024-08-22,3100,2024-04-11,"829 ",103,LO-P,4,5,2,3106,0,0,0,,0,PAUL,"SIERRA COLLEGE BL","KING RD",690.00,S,N,A,-,N,,,,,,,,,,Y,4,0,1,1,A,-,"- ",,,N,E,I,A,A,H,-,A,D,0,,,,,Y,,A,07,0,0,1,0,0,0,0,0,0,"- ","- ",38.823051452636719,-121.21762084960938,PLACER,LOOMIS,-121.21733856201172,38.823036193847656
9678525,2024,2024-04-22,3104,2024-02-28,1655,335,35,3,5,4,3104,0,0,0,,0,003,"PARAGON ST","WHITNEY BL",0.00,,Y,A,-,N,,,,,,,,,,N,4,0,1,2,A,-,03,22350,,N,C,E,A,A,H,-,A,D,0,,,,,Y,,A,01,0,0,1,0,0,0,0,0,0,"- ","- ",38.786998748779297,-121.25299835205078,PLACER,ROCKLIN,-121.25223541259766,38.788093566894531
9679231,2024,2024-04-26,3105,2024-02-19,1836,1201,,1,5,5,3105,0,0,0,,0,003,"RIVERSIDE AV","RT 80",0.00,,Y,C,-,Y,PLA,3,80,-,-,0.565,R,4,W,Y,4,0,2,3,A,-,12,21453,A,N,D,C,A,B,H,-,C,A,0,,,,,Y,,A,01,0,0,2,0,0,0,0,0,0,"- ","- ",,,PLACER,ROSEVILLE,-121.28694152832031,38.728057861328125
9680747,2024,2024-07-11,3104,2024-03-06,1451,257,24,3,5,4,3104,0,0,0,,0,003,"PARK DR","VICTORY DR",0.00,,Y,A,-,N,,,,,,,,,,N,4,0,1,2,A,-,11,21453,D,N,D,-,A,A,H,-,A,A,0,,Y,,,Y,,-,,0,0,1,0,0,0,1,0,0,"- ","- ",38.816188812255859,-121.257080078125,PLACER,ROCKLIN,-121.25704193115234,38.816215515136719
9681078,2024,2024-04-12,3105,2024-02-29,1707,1214,,4,5,5,3105,0,0,0,,0,003,"CIRBY WY","MELODY LN",0.00,,Y,B,C,N,,,,,,,,,,N,4,0,1,2,A,-,02,22526,A,N,D,C,A,B,H,-,A,A,0,,,,,Y,,A,07,0,0,1,0,0,0,0,0,0,"- ","- ",38.729328155517578,-121.29212188720703,PLACER,ROSEVILLE,-121.29210662841797,38.729339599609375
9681080,2024,2024-11-06,3105,2024-02-09,1058,1149,,5,5,5,3105,0,0,0,,0,002,"SUNRISE AV","COLOMA WY",0.00,,Y,A,-,N,,,,,,,,,,Y,3,0,3,2,A,-,08,22107,,N,D,C,A,A,H,-,A,D,0,,,,,Y,,A,01,0,1,2,0,0,0,0,0,0,"- ","- ",,,PLACER,ROSEVILLE,-121.27201080322266,38.736774444580078
9682321,2024,2024-04-03,3101,2024-02-25,2025,A824,AU11,7,5,3,3101,0,0,0,,0,0A2,"BROOK RD","BROOK RD 171",0.00,,N,A,-,N,,,,,,,,,,Y,4,0,1,2,A,-,03,22350,,M,B,E,A,A,H,-,C,D,0,,,,,Y,,A,01,0,0,1,0,0,0,0,0,0,"- ","- ",38.896469116210938,-121.06329345703125,PLACER,AUBURN,,
9685234,2024,2024-07-19,3104,2024-04-20,1129,330,42,6,5,4,3104,0,0,0,,0,001,"SIERRA COLLEGE","RT 80",0.00,,Y,A,-,Y,PLA,3,80,-,-,7.605,R,4,W,Y,3,0,2,2,A,-,12,21453,,N,D,C,A,A,H,-,A,A,0,,,,,Y,,A,01,0,2,0,0,0,0,0,0,0,"- ",WO,38.805000305175781,-121.20500183105469,PLACER,ROCKLIN,-121.20317840576172,38.804988861083984
9688004,2024,2024-06-19,3105,2024-04-02,1643,1158,,2,5,5,3105,0,0,0,,0,006,"BASELINE RD","COUNTRY CLUB DR",0.00,,Y,A,-,N,,,,,,,,,,Y,3,0,2,2,A,-,09,21802,A,N,D,C,A,A,H,-,A,D,0,,,,,Y,,A,01,0,2,0,0,0,0,0,0,0,"- ","- ",,,PLACER,ROSEVILLE,-121.32882690429688,38.751865386962891
9688050,2024,2024-06-18,3104,2024-04-05,2136,324,37,5,5,4,3104,0,0,0,,0,002,"SUNSET BL","S WHITNEY BL",0.00,,Y,A,-,N,,,,,,,,,,Y,3,0,2,2,A,-,01,23153,A,N,C,C,A,A,H,-,C,A,0,,,,,Y,Y,A,01,0,1,1,0,0,0,0,0,0,"- ","- ",38.786659240722656,-121.25270843505859,PLACER,ROCKLIN,-121.25286102294922,38.786697387695312
9688117,2024,2024-05-04,3104,2024-03-17,1003,293,38,7,5,4,3104,0,0,0,,0,003,"STANFORD RANCH RD","FIVE STAR BL",0.00,,Y,A,-,N,,,,,,,,,,Y,3,0,1,3,A,-,12,21453,A,N,D,C,A,A,H,-,A,A,0,,,,,Y,,A,01,0,1,0,0,0,0,0,0,0,"- ","- ",38.781879425048828,-121.26564025878906,PLACER,ROCKLIN,-121.26572418212891,38.78179931640625
9688689,2024,2024-06-03,3105,2024-03-28,1703,1149,,4,5,5,3105,0,0,0,,0,006,"FOOTHILLS BL","ALBERTSONS DR",0.00,,Y,B,-,N,,,,,,,,,,Y,4,0,1,2,A,-,12,21453,A,N,D,C,A,A,H,-,A,A,0,,,,,Y,,D,22,0,0,1,0,0,0,0,0,0,"- ","- ",,,PLACER,ROSEVILLE,-121.31378173828125,38.791744232177734
9688709,2024,2024-05-15,3105,2024-03-16,"920 ",1186,,6,5,5,3105,0,0,0,,0,002,"DOUGLAS BL","HARDING BL",0.00,W,N,A,-,N,,,,,,,,,,N,4,0,2,2,A,-,03,22350,,N,C,C,A,A,H,-,A,A,0,,,,,Y,,D,22,0,0,2,0,0,0,0,0,0,"- ","- ",38.744129180908203,-121.26622772216797,PLACER,ROSEVILLE,-121.27436065673828,38.7440185546875
9688713,2024,2024-05-15,3105,2024-03-29,1520,1160,,5,5,5,3105,0,0,0,,0,006,"BASELINE RD","COUNTRY CLUB DR",0.00,,Y,C,-,N,,,,,,,,,,Y,3,0,2,2,A,-,09,21802,A,N,D,C,A,B,H,-,A,A,0,,,,Y,Y,,F,25,0,1,1,0,0,0,0,0,0,"- ","- ",,,PLACER,ROSEVILLE,-121.32882690429688,38.751865386962891
9688765,2024,2024-05-16,3105,2024-03-16,1815,1147,,6,5,5,3105,0,0,0,,0,003,"RIVERSIDE AV","CIRBY WY",277.00,S,N,A,-,N,,,,,,,,,,Y,4,0,2,3,A,-,03,22350,,F,C,C,A,A,H,-,A,A,0,,,Y,,Y,Y,C,06,0,0,2,0,0,0,0,0,0,"- ","- ",38.729339599609375,-121.29048156738281,PLACER,ROSEVILLE,-121.29045104980469,38.728588104248047
9689022,2024,2024-06-10,3105,2024-04-07,1630,1186,,7,5,5,3105,0,0,0,,0,003,"HARDING BL","WILLS RD",71.00,W,N,A,-,N,,,,,,,,,,N,4,0,4,2,A,-,01,23152,A,F,C,C,A,A,H,-,A,A,0,,,,,Y,Y,A,01,0,0,4,0,0,0,0,0,0,"- ","- ",38.756809234619141,-121.26689147949219,PLACER,ROSEVILLE,-121.26703643798828,38.756633758544922
9689544,2024,2024-06-11,3105,2024-04-15,1640,592,,1,5,5,3105,0,0,0,,0,004,"ATLANTIC ST","ALMOND ST",23.00,E,N,A,-,N,,,,,,,,,,Y,4,0,2,4,A,-,17,22109,,F,C,A,A,A,H,-,A,D,0,,,,,Y,,A,01,0,0,2,0,0,0,0,0,0,"- ","- ",,,PLACER,ROSEVILLE,-121.28107452392578,38.752426147460938
9689546,2024,2024-06-11,3105,2024-04-07,1445,1210,,7,5,5,3105,0,0,0,,0,004,"PLEASANT GROVE BL","MONTGOMERY ST",528.00,E,N,A,-,N,,,,,,,,,,N,3,0,1,2,A,-,06,21751,,N,B,C,A,A,H,-,A,D,0,,,Y,,Y,,C,02,0,1,0,0,0,0,0,0,1,"- ","- ",38.775558471679688,-121.29776763916016,PLACER,ROSEVILLE,-121.29591369628906,38.775650024414062
9689547,2024,2024-06-26,3105,2024-04-10,1127,3088,,3,5,5,3105,0,0,0,,0,002,"SUNRISE AV","DOUGLAS BL",0.00,,Y,A,-,N,,,,,,,,,,Y,4,0,2,2,A,-,08,22100,B,N,D,C,A,A,H,-,A,A,0,,,,,Y,,A,01,0,0,2,0,0,0,0,0,0,"- ","- ",,,PLACER,ROSEVILLE,-121.26619720458984,38.744098663330078
9689553,2024,2024-06-12,3104,2024-04-14,"50  ",321,17,7,5,4,3104,0,0,0,,0,004,"WEST OAKS BL","JERSEY DR",0.00,,N,B,-,N,,,,,,,,,,Y,3,0,1,1,A,-,03,22350,,N,E,I,A,A,H,-,C,D,0,,,,,Y,Y,A,01,0,1,0,0,0,0,0,0,0,"- ","- ",38.814231872558594,-121.27694702148438,PLACER,ROCKLIN,-121.27687835693359,38.814247131347656